matrix,backend,nodes,ranks,job,trial,source,status,solver_s,iterations,relative_residual,tolerance,error_norm,rows,full_nnz,gflops_total,iteration_us,allreduce_us,allreduce_calls,gemv_s,dot_s,nrm2_s,axpy_s,copy_s,allreduce_s,haloexchange_s,other_s
Bump_2911,acg-cg-mpi,1,2,55407806,1,acg-results/acg-cg-mpi/suitesparse/Bump_2911/Bump_2911-rtol-1e-6-001-nodes-0002-procs-55407806-1-stderr.txt,valid,22.434733,25905.0,9.99175614072401e-07,1e-06,0.144347377923243,2911419,127729899,328.6043315860278,866.0387183941325,26.539855631899947,51812,16.943086,0.785927,0.398386,2.077992,3.4e-05,1.375083,0.076073,0.778152
Bump_2911,acg-cg-mpi,1,2,55407806,2,acg-results/acg-cg-mpi/suitesparse/Bump_2911/Bump_2911-rtol-1e-6-001-nodes-0002-procs-55407806-2-stderr.txt,valid,22.31845,25791.0,9.799020616395623e-07,1e-06,0.144373625725681,2911419,127729899,328.86284697835197,865.3580706447984,26.515838244416873,51584,16.858177,0.781311,0.39297,2.068579,3.3e-05,1.367793,0.075343,0.774242
Bump_2911,acg-cg-mpi,1,2,55407806,3,acg-results/acg-cg-mpi/suitesparse/Bump_2911/Bump_2911-rtol-1e-6-001-nodes-0002-procs-55407806-3-stderr.txt,valid,21.916198,25291.0,9.947340612952543e-07,1e-06,0.144501799558088,2911419,127729899,328.406506144177,866.5611482345499,26.49159813379725,50584,16.550884,0.767982,0.391031,2.032004,3.4e-05,1.340051,0.074936,0.759275
Bump_2911,acg-cg-mpi,1,2,55407812,1,acg-results/acg-cg-mpi/suitesparse/Bump_2911/Bump_2911-rtol-1e-6-001-nodes-0002-procs-55407812-1-stderr.txt,valid,22.340874,25822.0,9.887061426859908e-07,1e-06,0.144357772781134,2911419,127729899,328.9276328567987,865.1875919758346,26.27810479030322,51646,16.883298,0.782309,0.398363,2.066379,3.4e-05,1.357159,0.076863,0.776466
Bump_2911,acg-cg-mpi,1,2,55407812,2,acg-results/acg-cg-mpi/suitesparse/Bump_2911/Bump_2911-rtol-1e-6-001-nodes-0002-procs-55407812-2-stderr.txt,valid,22.047493,25471.0,9.917802298155518e-07,1e-06,0.144453174175241,2911419,127729899,328.77413005569383,865.591967335401,26.440503297738694,50944,16.654786,0.772198,0.391404,2.039482,3.4e-05,1.346985,0.075164,0.767441
Bump_2911,acg-cg-mpi,1,2,55407812,3,acg-results/acg-cg-mpi/suitesparse/Bump_2911/Bump_2911-rtol-1e-6-001-nodes-0002-procs-55407812-3-stderr.txt,valid,21.904095,25326.0,9.966564893948247e-07,1e-06,0.144467951738792,2911419,127729899,329.04267913027223,864.8856905946459,26.215619694397283,50654,16.560574,0.765591,0.388617,2.027226,3.4e-05,1.327926,0.074527,0.759599
Bump_2911,acg-cg-mpi,1,2,55407822,1,acg-results/acg-cg-mpi/suitesparse/Bump_2911/Bump_2911-rtol-1e-6-001-nodes-0002-procs-55407822-1-stderr.txt,valid,21.619598,24920.0,9.728419114711717e-07,1e-06,0.144590207847515,2911419,127729899,328.0285352019959,867.5601123595505,26.980859516070787,49842,16.301566,0.756524,0.384304,2.003305,3.5e-05,1.34478,0.074656,0.754427
Bump_2911,acg-cg-mpi,1,2,55407822,2,acg-results/acg-cg-mpi/suitesparse/Bump_2911/Bump_2911-rtol-1e-6-001-nodes-0002-procs-55407822-2-stderr.txt,valid,22.031344,25436.0,9.84732935223184e-07,1e-06,0.144453360432554,2911419,127729899,328.56303462031184,866.1481364994496,26.633113181585877,50874,16.629825,0.771078,0.389951,2.042045,3.4e-05,1.354933,0.074847,0.768631
Bump_2911,acg-cg-mpi,1,2,55407822,3,acg-results/acg-cg-mpi/suitesparse/Bump_2911/Bump_2911-rtol-1e-6-001-nodes-0002-procs-55407822-3-stderr.txt,valid,22.376974,25813.0,9.90537994766258e-07,1e-06,0.144375735442062,2911419,127729899,328.2825298398255,866.8877697284314,26.710021693654603,51628,16.884083,0.784319,0.396739,2.075344,3.4e-05,1.378985,0.077139,0.780328
Bump_2911,acg-cg-mpi,1,4,55407807,1,acg-results/acg-cg-mpi/suitesparse/Bump_2911/Bump_2911-rtol-1e-6-001-nodes-0004-procs-55407807-1-stderr.txt,valid,12.452622,25357.0,9.123179014845229e-07,1e-06,0.144474867640002,2911419,127729899,579.4927282263928,491.0920850258311,27.86262717879959,50716,8.510708,0.382823,0.350636,0.931878,2.4e-05,1.413081,0.075326,0.788147
Bump_2911,acg-cg-mpi,1,4,55407807,2,acg-results/acg-cg-mpi/suitesparse/Bump_2911/Bump_2911-rtol-1e-6-001-nodes-0004-procs-55407807-2-stderr.txt,valid,12.585686,25658.0,9.535041007165965e-07,1e-06,0.144401851068512,2911419,127729899,580.1718449626027,490.51703172499805,27.695506449978566,51318,8.611947,0.387906,0.353148,0.938812,2.3e-05,1.421278,0.076008,0.796564
Bump_2911,acg-cg-mpi,1,4,55407807,3,acg-results/acg-cg-mpi/suitesparse/Bump_2911/Bump_2911-rtol-1e-6-001-nodes-0004-procs-55407807-3-stderr.txt,valid,12.562212,25604.0,9.85031387892321e-07,1e-06,0.144412879213967,2911419,127729899,580.0326941933474,490.6347445711608,27.69240382737747,51210,8.595109,0.386369,0.352372,0.936088,2.4e-05,1.418128,0.076045,0.798075
Bump_2911,acg-cg-mpi,1,4,55407813,1,acg-results/acg-cg-mpi/suitesparse/Bump_2911/Bump_2911-rtol-1e-6-001-nodes-0004-procs-55407813-1-stderr.txt,valid,12.410105,25337.0,9.691469931369916e-07,1e-06,0.144494987573588,2911419,127729899,581.0194528242912,489.8016734420018,27.69478648669982,50676,8.485502,0.381403,0.347612,0.930029,2.4e-05,1.403461,0.074784,0.787289
Bump_2911,acg-cg-mpi,1,4,55407813,2,acg-results/acg-cg-mpi/suitesparse/Bump_2911/Bump_2911-rtol-1e-6-001-nodes-0004-procs-55407813-2-stderr.txt,valid,12.261094,24998.0,9.834268099383369e-07,1e-06,0.144567432905366,2911419,127729899,580.2126494307931,490.48299863989115,27.685207408296332,49998,8.37922,0.377788,0.344434,0.923895,2.3e-05,1.384205,0.07417,0.777358
Bump_2911,acg-cg-mpi,1,4,55407813,3,acg-results/acg-cg-mpi/suitesparse/Bump_2911/Bump_2911-rtol-1e-6-001-nodes-0004-procs-55407813-3-stderr.txt,valid,12.505354,25473.0,9.559478272293678e-07,1e-06,0.144449365464047,2911419,127729899,579.6888659817226,490.9258430495034,27.785447907670566,50948,8.541,0.386231,0.352128,0.940658,2.3e-05,1.415613,0.075977,0.793722
Bump_2911,acg-cg-mpi,1,4,55407823,1,acg-results/acg-cg-mpi/suitesparse/Bump_2911/Bump_2911-rtol-1e-6-001-nodes-0004-procs-55407823-1-stderr.txt,valid,12.339345,25141.0,9.951325150347035e-07,1e-06,0.144545859775693,2911419,127729899,579.831094352577,490.80565609959825,27.64937156948532,50284,8.442358,0.38003,0.348057,0.923016,2.3e-05,1.390321,0.074722,0.780817
Bump_2911,acg-cg-mpi,1,4,55407823,2,acg-results/acg-cg-mpi/suitesparse/Bump_2911/Bump_2911-rtol-1e-6-001-nodes-0004-procs-55407823-2-stderr.txt,valid,12.614819,25728.0,9.682221845148812e-07,1e-06,0.144368692161783,2911419,127729899,580.4110899966142,490.314793221393,27.62070037700649,51458,8.631944,0.387078,0.352636,0.94532,2.3e-05,1.421306,0.07593,0.80058
Bump_2911,acg-cg-mpi,1,4,55407823,3,acg-results/acg-cg-mpi/suitesparse/Bump_2911/Bump_2911-rtol-1e-6-001-nodes-0004-procs-55407823-3-stderr.txt,valid,12.58971,25642.0,9.992607493878824e-07,1e-06,0.144392610440862,2911419,127729899,579.6247477449441,490.98003275875516,27.71475646375229,51286,8.610424,0.389097,0.355,0.940068,2.4e-05,1.421379,0.076702,0.797014
Bump_2911,acg-cg-mpi,2,8,55407808,1,acg-results/acg-cg-mpi/suitesparse/Bump_2911/Bump_2911-rtol-1e-6-002-nodes-0008-procs-55407808-1-stderr.txt,valid,13.619677,25392.0,9.869821565544505e-07,1e-06,0.144477115223134,2911419,127729899,530.5679412171081,536.3766934467549,83.61227503642736,50786,6.349963,0.346916,0.333273,0.614016,1.9e-05,4.246333,1.974243,-0.245089
Bump_2911,acg-cg-mpi,2,8,55407808,2,acg-results/acg-cg-mpi/suitesparse/Bump_2911/Bump_2911-rtol-1e-6-002-nodes-0008-procs-55407808-2-stderr.txt,valid,8.229548,24728.0,9.702218736255259e-07,1e-06,0.144678284095626,2911419,127729899,855.1146257242804,332.80281462309927,31.313013061587608,49458,4.390323,0.340301,0.326481,0.598914,1.8e-05,1.548679,0.075154,0.949674
Bump_2911,acg-cg-mpi,2,8,55407808,3,acg-results/acg-cg-mpi/suitesparse/Bump_2911/Bump_2911-rtol-1e-6-002-nodes-0008-procs-55407808-3-stderr.txt,valid,13.985969,26003.0,9.726045685863273e-07,1e-06,0.144311434540984,2911419,127729899,529.1044683854226,537.859823866477,82.35106137517305,52008,6.605823,0.356056,0.341458,0.626789,1.9e-05,4.282914,2.131303,-0.358396
Bump_2911,acg-cg-mpi,2,8,55407815,1,acg-results/acg-cg-mpi/suitesparse/Bump_2911/Bump_2911-rtol-1e-6-002-nodes-0008-procs-55407815-1-stderr.txt,valid,13.820848,25663.0,9.743426526647494e-07,1e-06,0.1443828471336,2911419,127729899,528.4251398090769,538.5515333359311,82.33956125311721,51328,6.534867,0.350958,0.336994,0.620309,1.9e-05,4.226325,2.113997,-0.362626
Bump_2911,acg-cg-mpi,2,8,55407815,2,acg-results/acg-cg-mpi/suitesparse/Bump_2911/Bump_2911-rtol-1e-6-002-nodes-0008-procs-55407815-2-stderr.txt,valid,8.450929,25478.0,9.663524850650836e-07,1e-06,0.144442715308916,2911419,127729899,857.9692657339803,331.6951487557893,31.091133874955844,50958,4.515254,0.348403,0.334458,0.615995,1.9e-05,1.584342,0.070575,0.981881
Bump_2911,acg-cg-mpi,2,8,55407815,3,acg-results/acg-cg-mpi/suitesparse/Bump_2911/Bump_2911-rtol-1e-6-002-nodes-0008-procs-55407815-3-stderr.txt,valid,13.61302,25387.0,9.894677026220912e-07,1e-06,0.144472477303594,2911419,127729899,530.7228753055531,536.2201126560838,83.60701906412478,50776,6.350283,0.346981,0.333506,0.613048,1.9e-05,4.24523,1.979596,-0.255646
Bump_2911,acg-cg-mpi,2,8,55407824,1,acg-results/acg-cg-mpi/suitesparse/Bump_2911/Bump_2911-rtol-1e-6-002-nodes-0008-procs-55407824-1-stderr.txt,valid,13.542155,25199.0,9.585460294507249e-07,1e-06,0.144553770794867,2911419,127729899,529.5494850153466,537.4084289059089,82.16880952380953,50400,6.399431,0.342437,0.329675,0.608315,1.9e-05,4.141308,2.065477,-0.344514
Bump_2911,acg-cg-mpi,2,8,55407824,2,acg-results/acg-cg-mpi/suitesparse/Bump_2911/Bump_2911-rtol-1e-6-002-nodes-0008-procs-55407824-2-stderr.txt,valid,8.488289,25658.0,9.924024547119837e-07,1e-06,0.144413761035628,2911419,127729899,860.2276226386731,330.8242653363473,30.939689777465997,51318,4.537782,0.350607,0.337279,0.61961,1.9e-05,1.587763,0.069357,0.985869
Bump_2911,acg-cg-mpi,2,8,55407824,3,acg-results/acg-cg-mpi/suitesparse/Bump_2911/Bump_2911-rtol-1e-6-002-nodes-0008-procs-55407824-3-stderr.txt,valid,8.618913,25987.0,9.976591409943612e-07,1e-06,0.144326073401012,2911419,127729899,858.0531569110861,331.66248508869813,31.06062413421579,51976,4.605694,0.354412,0.34078,0.628906,1.9e-05,1.614407,0.075378,0.999314
Bump_2911,acg-cg-mpi,4,16,55407809,1,acg-results/acg-cg-mpi/suitesparse/Bump_2911/Bump_2911-rtol-1e-6-004-nodes-0016-procs-55407809-1-stderr.txt,valid,9.387947,25494.0,9.456715130625656e-07,1e-06,0.144451343467244,2911419,127729899,772.8197158237045,368.2414293559269,63.236320847224945,50990,3.849217,0.315092,0.305078,0.523304,1.7e-05,3.22442,1.436836,-0.266021
Bump_2911,acg-cg-mpi,4,16,55407809,2,acg-results/acg-cg-mpi/suitesparse/Bump_2911/Bump_2911-rtol-1e-6-004-nodes-0016-procs-55407809-2-stderr.txt,valid,9.485273,25019.0,9.85311701678584e-07,1e-06,0.144587270770344,2911419,127729899,750.639216014974,379.12278668212156,69.6935651478817,50040,3.72146,0.309064,0.300969,0.51369,1.7e-05,3.487466,1.354183,-0.20158
Bump_2911,acg-cg-mpi,4,16,55407809,3,acg-results/acg-cg-mpi/suitesparse/Bump_2911/Bump_2911-rtol-1e-6-004-nodes-0016-procs-55407809-3-stderr.txt,valid,167.372314,25721.0,9.578959518990564e-07,1e-06,0.144382349501181,2911419,127729899,43.73357010517284,6507.224213677539,1872.617137081098,51444,58.239479,0.351638,0.338891,0.581668,1.6e-05,96.334916,55.657261,-44.131572
Bump_2911,acg-cg-mpi,4,16,55407816,1,acg-results/acg-cg-mpi/suitesparse/Bump_2911/Bump_2911-rtol-1e-6-004-nodes-0016-procs-55407816-1-stderr.txt,valid,20.219295,25288.0,9.75239971098763e-07,1e-06,0.144507975836739,2911419,127729899,355.9257773913482,799.5608589054096,176.79817311874726,50578,8.023619,0.345753,0.335041,0.572669,1.7e-05,8.942098,5.511472,-3.511383
Bump_2911,acg-cg-mpi,4,16,55407816,2,acg-results/acg-cg-mpi/suitesparse/Bump_2911/Bump_2911-rtol-1e-6-004-nodes-0016-procs-55407816-2-stderr.txt,valid,177.90386,25391.0,9.979774605246414e-07,1e-06,0.144481302014929,2911419,127729899,40.61676577418837,7006.571619865307,1767.3064941713926,50784,75.846162,0.347667,0.336844,0.576613,1.7e-05,89.750893,73.306185,-62.260567
Bump_2911,acg-cg-mpi,4,16,55407816,3,acg-results/acg-cg-mpi/suitesparse/Bump_2911/Bump_2911-rtol-1e-6-004-nodes-0016-procs-55407816-3-stderr.txt,valid,20.506626,25652.0,9.750859269351504e-07,1e-06,0.144400368133182,2911419,127729899,355.98997235391136,799.4162638390769,176.81417378084436,51306,8.128096,0.351793,0.340552,0.583286,1.7e-05,9.071628,5.577864,-3.546618
Bump_2911,acg-cg-mpi,4,16,55407826,1,acg-results/acg-cg-mpi/suitesparse/Bump_2911/Bump_2911-rtol-1e-6-004-nodes-0016-procs-55407826-1-stderr.txt,valid,20.360561,25412.0,9.823602540816668e-07,1e-06,0.144475220754853,2911419,127729899,355.1894010038328,801.218361404061,170.91579113052376,50826,8.304259,0.347201,0.335875,0.57644,1.6e-05,8.686966,5.787297,-3.6775
Bump_2911,acg-cg-mpi,4,16,55407826,2,acg-results/acg-cg-mpi/suitesparse/Bump_2911/Bump_2911-rtol-1e-6-004-nodes-0016-procs-55407826-2-stderr.txt,valid,90.551611,25534.0,9.605500877764328e-07,1e-06,0.144444406413033,2911419,127729899,80.24786541045637,3546.3151484295445,883.9913452124534,51070,38.335086,0.332795,0.322881,0.552759,1.7e-05,45.145438,35.860698,-29.99808
Bump_2911,acg-cg-mpi,4,16,55407826,3,acg-results/acg-cg-mpi/suitesparse/Bump_2911/Bump_2911-rtol-1e-6-004-nodes-0016-procs-55407826-3-stderr.txt,valid,188.21972,25957.0,9.669123418150534e-07,1e-06,0.144315680020706,2911419,127729899,39.24640993596208,7251.212389721462,1812.5795130595577,51916,80.418718,0.354929,0.343951,0.58856,1.6e-05,94.101878,77.828478,-65.416842
Bump_2911,acg-cg-mpi,8,32,55407810,1,acg-results/acg-cg-mpi/suitesparse/Bump_2911/Bump_2911-rtol-1e-6-008-nodes-0032-procs-55407810-1-stderr.txt,valid,19.498934,25396.0,9.533648086833633e-07,1e-06,0.14448408047138,2911419,127729899,370.65114851324694,767.795479603087,156.55067527660748,50794,8.295137,0.298768,0.29216,0.534405,1.5e-05,7.951835,6.714754,-4.588164
Bump_2911,acg-cg-mpi,8,32,55407810,2,acg-results/acg-cg-mpi/suitesparse/Bump_2911/Bump_2911-rtol-1e-6-008-nodes-0032-procs-55407810-2-stderr.txt,valid,153.710508,24891.0,9.918431559640871e-07,1e-06,0.144616485830375,2911419,127729899,46.08398287216642,6175.344823430156,2051.012574321067,49784,43.549756,0.290893,0.285855,0.522907,1.5e-05,102.10761,41.99154,-35.038145
Bump_2911,acg-cg-mpi,8,32,55407810,3,acg-results/acg-cg-mpi/suitesparse/Bump_2911/Bump_2911-rtol-1e-6-008-nodes-0032-procs-55407810-3-stderr.txt,valid,14.831582,25673.0,9.984883100413164e-07,1e-06,0.144412683923211,2911419,127729899,492.6062018576306,577.7112920188524,151.78160785230193,51348,4.493127,0.301635,0.294652,0.540428,1.6e-05,7.793682,2.896393,-1.488357
Bump_2911,acg-cg-mpi,8,32,55407817,2,acg-results/acg-cg-mpi/suitesparse/Bump_2911/Bump_2911-rtol-1e-6-008-nodes-0032-procs-55407817-2-stderr.txt,valid,174.543561,24920.0,9.679380568322057e-07,1e-06,0.144618650350869,2911419,127729899,40.63080312424702,7004.155738362761,2656.8632679266484,49842,34.756261,0.292997,0.287038,0.52312,1.6e-05,132.423379,33.193199,-26.932508
Bump_2911,acg-cg-mpi,8,32,55407817,3,acg-results/acg-cg-mpi/suitesparse/Bump_2911/Bump_2911-rtol-1e-6-008-nodes-0032-procs-55407817-3-stderr.txt,valid,13.134277,26199.0,9.514517986657187e-07,1e-06,0.144286380595607,2911419,127729899,567.6608765178319,501.32741707698773,118.06442748091602,52400,4.382288,0.307328,0.301955,0.550672,1.5e-05,6.186576,2.749021,-1.343583
Bump_2911,acg-cg-mpi,8,32,55407827,1,acg-results/acg-cg-mpi/suitesparse/Bump_2911/Bump_2911-rtol-1e-6-008-nodes-0032-procs-55407827-1-stderr.txt,valid,173.993882,25129.0,9.482530264949177e-07,1e-06,0.144543276169874,2911419,127729899,41.10099128133712,6924.027299136456,2642.9732391563866,50260,33.963737,0.295703,0.288811,0.528461,1.5e-05,132.835835,32.383664,-26.302472
Bump_2911,acg-cg-mpi,8,32,55407827,2,acg-results/acg-cg-mpi/suitesparse/Bump_2911/Bump_2911-rtol-1e-6-008-nodes-0032-procs-55407827-2-stderr.txt,valid,177.180182,25880.0,9.652468054472905e-07,1e-06,0.144349129950176,2911419,127729899,41.56805805784757,6846.2203245749615,2353.9990919979905,51762,47.149859,0.30375,0.29851,0.545022,1.5e-05,121.847701,45.52433,-38.489031
Bump_2911,acg-cg-mpi,8,32,55407827,3,acg-results/acg-cg-mpi/suitesparse/Bump_2911/Bump_2911-rtol-1e-6-008-nodes-0032-procs-55407827-3-stderr.txt,valid,12.549331,25633.0,9.240150037550987e-07,1e-06,0.144420160362249,2911419,127729899,581.2856730801028,489.57714664690053,117.38546461730515,51268,4.032448,0.30151,0.294861,0.539773,1.5e-05,6.018118,2.431568,-1.068966
Queen_4147,acg-cg-mpi,1,2,55398871,1,acg-results/acg-cg-mpi/suitesparse/Queen_4147/Queen_4147-rtol-1e-6-001-nodes-0002-procs-55398871-1-stderr.txt,valid,49.103053,26661.0,9.320502540522936e-07,1e-06,0.190154015062468,4147110,329499284,380.3406910632624,1841.7558606203818,26.75178156177331,53324,42.031417,1.090867,0.579394,3.075229,4.9e-05,1.426512,0.07879,0.820794
Queen_4147,acg-cg-mpi,1,2,55398871,2,acg-results/acg-cg-mpi/suitesparse/Queen_4147/Queen_4147-rtol-1e-6-001-nodes-0002-procs-55398871-2-stderr.txt,valid,48.942324,26568.0,9.778083851863358e-07,1e-06,0.190158068998423,4147110,329499284,380.258719063116,1842.1531165311653,27.101979750837444,53138,41.878986,1.084539,0.573299,3.059487,5e-05,1.440145,0.07809,0.827727
Queen_4147,acg-cg-mpi,1,2,55398871,3,acg-results/acg-cg-mpi/suitesparse/Queen_4147/Queen_4147-rtol-1e-6-001-nodes-0002-procs-55398871-3-stderr.txt,valid,48.991347,26622.0,9.29618562994401e-07,1e-06,0.190156269834879,4147110,329499284,380.6502971694981,1840.2579445571332,26.44538556886902,53246,41.962465,1.087729,0.573986,3.06783,4.9e-05,1.408111,0.078278,0.812898
Queen_4147,acg-cg-mpi,1,2,55398877,1,acg-results/acg-cg-mpi/suitesparse/Queen_4147/Queen_4147-rtol-1e-6-001-nodes-0002-procs-55398877-1-stderr.txt,valid,48.654776,26452.0,9.713850118852808e-07,1e-06,0.190164077567493,4147110,329499284,380.8360139346649,1839.3609556933313,26.34385513930367,52906,41.685239,1.080299,0.571614,3.050201,4.8e-05,1.393748,0.077467,0.79616
Queen_4147,acg-cg-mpi,1,2,55398877,2,acg-results/acg-cg-mpi/suitesparse/Queen_4147/Queen_4147-rtol-1e-6-001-nodes-0002-procs-55398877-2-stderr.txt,valid,48.170755,26192.0,9.655521534364016e-07,1e-06,0.190175818468273,4147110,329499284,380.8819030767527,1839.1400045815517,26.084984537853625,52386,41.278688,1.070972,0.570515,3.022978,4.9e-05,1.366488,0.077153,0.783912
Queen_4147,acg-cg-mpi,1,2,55398877,3,acg-results/acg-cg-mpi/suitesparse/Queen_4147/Queen_4147-rtol-1e-6-001-nodes-0002-procs-55398877-3-stderr.txt,valid,48.558554,26402.0,9.758295655280673e-07,1e-06,0.190166291926945,4147110,329499284,380.86940289292795,1839.1998333459587,26.32702723175397,52806,41.601313,1.077822,0.572699,3.0452,4.9e-05,1.390225,0.077942,0.793303
Queen_4147,acg-cg-mpi,1,2,55398883,1,acg-results/acg-cg-mpi/suitesparse/Queen_4147/Queen_4147-rtol-1e-6-001-nodes-0002-procs-55398883-1-stderr.txt,valid,47.9752,26060.0,9.710700797005031e-07,1e-06,0.190181190708704,4147110,329499284,380.5071545479331,1840.951650038373,26.827865392732434,52122,41.068067,1.064691,0.563953,3.002738,4.9e-05,1.398322,0.077962,0.799416
Queen_4147,acg-cg-mpi,1,2,55398883,2,acg-results/acg-cg-mpi/suitesparse/Queen_4147/Queen_4147-rtol-1e-6-001-nodes-0002-procs-55398883-2-stderr.txt,valid,48.54295,26360.0,9.648752395856633e-07,1e-06,0.190167274409939,4147110,329499284,380.38577674550066,1841.5383156297419,26.885190243162246,52722,41.546093,1.077159,0.570152,3.038129,4.9e-05,1.417441,0.078878,0.815048
Queen_4147,acg-cg-mpi,1,2,55398883,3,acg-results/acg-cg-mpi/suitesparse/Queen_4147/Queen_4147-rtol-1e-6-001-nodes-0002-procs-55398883-3-stderr.txt,valid,48.354681,26256.0,9.990082434824592e-07,1e-06,0.190172319297189,4147110,329499284,380.3602570720299,1841.662134369287,26.927124195452638,52514,41.376939,1.073861,0.569136,3.025984,4.8e-05,1.414051,0.078335,0.816324
Queen_4147,acg-cg-mpi,1,4,55398872,1,acg-results/acg-cg-mpi/suitesparse/Queen_4147/Queen_4147-rtol-1e-6-001-nodes-0004-procs-55398872-1-stderr.txt,valid,25.861164,26349.0,9.823152799936655e-07,1e-06,0.190169088803608,4147110,329499284,713.7088869982805,981.4855971763633,27.94660341555977,52700,21.144633,0.486453,0.378036,1.385845,2.9e-05,1.472786,0.07786,0.915522
Queen_4147,acg-cg-mpi,1,4,55398872,2,acg-results/acg-cg-mpi/suitesparse/Queen_4147/Queen_4147-rtol-1e-6-001-nodes-0004-procs-55398872-2-stderr.txt,valid,25.733907,26222.0,9.797738057457673e-07,1e-06,0.1901744730743,4147110,329499284,713.7813518593971,981.3861261536114,27.894634481180645,52446,21.044555,0.484395,0.374656,1.379767,2.8e-05,1.462962,0.077625,0.909919
Queen_4147,acg-cg-mpi,1,4,55398872,3,acg-results/acg-cg-mpi/suitesparse/Queen_4147/Queen_4147-rtol-1e-6-001-nodes-0004-procs-55398872-3-stderr.txt,valid,26.14456,26649.0,9.504351188140074e-07,1e-06,0.190155131987605,4147110,329499284,714.0102367498248,981.0709595106757,27.65095684803002,53300,21.384831,0.493703,0.381715,1.403225,2.9e-05,1.473796,0.078813,0.928447
Queen_4147,acg-cg-mpi,1,4,55398878,1,acg-results/acg-cg-mpi/suitesparse/Queen_4147/Queen_4147-rtol-1e-6-001-nodes-0004-procs-55398878-1-stderr.txt,valid,25.22737,25713.0,9.976932769141355e-07,1e-06,0.190200319030746,4147110,329499284,713.980247091631,981.1134445611169,28.04612273469705,51428,20.627186,0.474998,0.368543,1.350207,2.8e-05,1.442356,0.075824,0.888226
Queen_4147,acg-cg-mpi,1,4,55398878,2,acg-results/acg-cg-mpi/suitesparse/Queen_4147/Queen_4147-rtol-1e-6-001-nodes-0004-procs-55398878-2-stderr.txt,valid,28.633377,26469.0,9.509045977938204e-07,1e-06,0.190163435264229,4147110,329499284,647.5449589854525,1081.770259548906,64.05748016622591,52940,21.289167,0.49033,0.381062,1.394425,2.9e-05,3.391203,0.078275,1.608884
Queen_4147,acg-cg-mpi,1,4,55398878,3,acg-results/acg-cg-mpi/suitesparse/Queen_4147/Queen_4147-rtol-1e-6-001-nodes-0004-procs-55398878-3-stderr.txt,valid,28.469957,26325.0,9.93580039828145e-07,1e-06,0.190169893055084,4147110,329499284,647.7189727714727,1081.4798480531815,64.07384334878067,52652,21.169719,0.488266,0.376793,1.381432,2.8e-05,3.373616,0.077891,1.602213
Queen_4147,acg-cg-mpi,1,4,55398884,1,acg-results/acg-cg-mpi/suitesparse/Queen_4147/Queen_4147-rtol-1e-6-001-nodes-0004-procs-55398884-1-stderr.txt,valid,25.791929,26314.0,9.982928262174872e-07,1e-06,0.190170742709286,4147110,329499284,714.6741965883979,980.1599528767957,27.597605928177845,52630,21.112713,0.483668,0.374886,1.382118,2.8e-05,1.452462,0.077376,0.908678
Queen_4147,acg-cg-mpi,1,4,55398884,2,acg-results/acg-cg-mpi/suitesparse/Queen_4147/Queen_4147-rtol-1e-6-001-nodes-0004-procs-55398884-2-stderr.txt,valid,25.717772,26209.0,9.83874576876893e-07,1e-06,0.190175400562264,4147110,329499284,713.8750907893576,981.2572780342631,27.643704692865317,52420,21.033558,0.486734,0.379219,1.384215,2.9e-05,1.449083,0.077969,0.906965
Queen_4147,acg-cg-mpi,1,4,55398884,3,acg-results/acg-cg-mpi/suitesparse/Queen_4147/Queen_4147-rtol-1e-6-001-nodes-0004-procs-55398884-3-stderr.txt,valid,25.914427,26401.0,9.979502940417182e-07,1e-06,0.190165568294145,4147110,329499284,713.6475368587544,981.5699026552023,27.93189909855314,52804,21.189831,0.489043,0.380473,1.390523,2.8e-05,1.474916,0.078138,0.911475
Queen_4147,acg-cg-mpi,2,8,55398873,1,acg-results/acg-cg-mpi/suitesparse/Queen_4147/Queen_4147-rtol-1e-6-002-nodes-0008-procs-55398873-1-stderr.txt,valid,123.547582,26137.0,9.561651166788987e-07,1e-06,0.190178861711787,4147110,329499284,148.19264536722378,4726.922829705016,907.7815632412579,52276,64.841272,0.419192,0.385012,0.85352,2.1e-05,47.455189,53.432886,-43.839516
Queen_4147,acg-cg-mpi,2,8,55398873,2,acg-results/acg-cg-mpi/suitesparse/Queen_4147/Queen_4147-rtol-1e-6-002-nodes-0008-procs-55398873-2-stderr.txt,valid,19.232403,26099.0,9.565219378122992e-07,1e-06,0.19018105092977,4147110,329499284,950.594949467313,736.9019119506495,99.00381226053639,52200,10.921467,0.37573,0.347181,0.764459,2e-05,5.167999,0.076952,1.578591
Queen_4147,acg-cg-mpi,2,8,55398873,3,acg-results/acg-cg-mpi/suitesparse/Queen_4147/Queen_4147-rtol-1e-6-002-nodes-0008-procs-55398873-3-stderr.txt,valid,15.395707,26432.0,9.414676672947436e-07,1e-06,0.1901646995433,4147110,329499284,1202.6392524464127,582.4647018765132,36.78201490561041,52866,10.847521,0.376993,0.350489,0.764987,2.1e-05,1.944518,0.077562,1.033614
Queen_4147,acg-cg-mpi,2,8,55398879,1,acg-results/acg-cg-mpi/suitesparse/Queen_4147/Queen_4147-rtol-1e-6-002-nodes-0008-procs-55398879-1-stderr.txt,valid,19.360557,26233.0,9.792023930938635e-07,1e-06,0.190173582098124,4147110,329499284,949.1507963036394,738.0229863149468,99.77006937561943,52468,10.981736,0.376143,0.347755,0.768346,2.1e-05,5.234736,0.081682,1.570135
Queen_4147,acg-cg-mpi,2,8,55398879,2,acg-results/acg-cg-mpi/suitesparse/Queen_4147/Queen_4147-rtol-1e-6-002-nodes-0008-procs-55398879-2-stderr.txt,valid,19.549209,26454.0,9.939880568911723e-07,1e-06,0.190164332448365,4147110,329499284,947.9100607119193,738.988772964391,99.86127386127387,52910,11.079431,0.381289,0.351822,0.77806,2.1e-05,5.28366,0.086193,1.58873
Queen_4147,acg-cg-mpi,2,8,55398879,3,acg-results/acg-cg-mpi/suitesparse/Queen_4147/Queen_4147-rtol-1e-6-002-nodes-0008-procs-55398879-3-stderr.txt,valid,19.474525,26349.0,9.584036024587886e-07,1e-06,0.190168436087,4147110,329499284,947.76856302888,739.0992068010171,100.02326375711576,52700,11.032557,0.37993,0.351052,0.774958,2.1e-05,5.271226,0.077824,1.586952
Queen_4147,acg-cg-mpi,2,8,55398885,1,acg-results/acg-cg-mpi/suitesparse/Queen_4147/Queen_4147-rtol-1e-6-002-nodes-0008-procs-55398885-1-stderr.txt,valid,130.610015,26215.0,9.90329889712124e-07,1e-06,0.190175349493367,4147110,329499284,140.597791366979,4982.262635895479,973.2335787305462,52432,68.149954,0.422322,0.388462,0.85714,2.1e-05,51.028583,56.711517,-46.947996
Queen_4147,acg-cg-mpi,2,8,55398885,2,acg-results/acg-cg-mpi/suitesparse/Queen_4147/Queen_4147-rtol-1e-6-002-nodes-0008-procs-55398885-2-stderr.txt,valid,131.382215,26540.0,9.790693459072629e-07,1e-06,0.190160240049918,4147110,329499284,141.50417757462836,4950.34721175584,962.1181568139859,53082,68.673093,0.428771,0.394093,0.861379,2.1e-05,51.071156,57.091208,-47.137515
Queen_4147,acg-cg-mpi,4,16,55398874,1,acg-results/acg-cg-mpi/suitesparse/Queen_4147/Queen_4147-rtol-1e-6-004-nodes-0016-procs-55398874-1-stderr.txt,valid,173.557165,26380.0,9.920834434978205e-07,1e-06,0.190167413085632,4147110,329499284,106.47245323826303,6579.119219105382,1535.615518744551,52762,82.549305,0.389484,0.375095,0.649712,1.8e-05,81.022146,76.85765,-68.286263
Queen_4147,acg-cg-mpi,4,16,55398874,2,acg-results/acg-cg-mpi/suitesparse/Queen_4147/Queen_4147-rtol-1e-6-004-nodes-0016-procs-55398874-2-stderr.txt,valid,173.709262,26354.0,9.904554383988545e-07,1e-06,0.190168354402008,4147110,329499284,106.27438462814953,6591.381270395386,1492.370669702144,52710,84.416876,0.388738,0.372124,0.646877,1.8e-05,78.662858,78.727563,-69.505844
Queen_4147,acg-cg-mpi,4,16,55398874,3,acg-results/acg-cg-mpi/suitesparse/Queen_4147/Queen_4147-rtol-1e-6-004-nodes-0016-procs-55398874-3-stderr.txt,valid,163.22419,26634.0,9.600219220641022e-07,1e-06,0.190156238536248,4147110,329499284,114.30276621559587,6128.414432680032,1432.4863149990615,53270,78.048837,0.393055,0.378338,0.653883,1.7e-05,76.308546,72.303142,-64.86166
Queen_4147,acg-cg-mpi,4,16,55398880,1,acg-results/acg-cg-mpi/suitesparse/Queen_4147/Queen_4147-rtol-1e-6-004-nodes-0016-procs-55398880-1-stderr.txt,valid,184.14936,26130.0,9.982512712624764e-07,1e-06,0.190178910841054,4147110,329499284,99.39724861182249,7047.430539609643,1336.6659714515326,52262,96.212001,0.385065,0.369115,0.641613,1.8e-05,69.856837,90.551432,-73.866776
Queen_4147,acg-cg-mpi,4,16,55398880,2,acg-results/acg-cg-mpi/suitesparse/Queen_4147/Queen_4147-rtol-1e-6-004-nodes-0016-procs-55398880-2-stderr.txt,valid,10.579357,26622.0,9.933280333545964e-07,1e-06,0.190156941095477,4147110,329499284,1762.7319688979208,397.391518293141,44.8523832776171,53246,5.691135,0.353228,0.340874,0.593359,1.8e-05,2.38821,0.095992,1.116539
Queen_4147,acg-cg-mpi,4,16,55398880,3,acg-results/acg-cg-mpi/suitesparse/Queen_4147/Queen_4147-rtol-1e-6-004-nodes-0016-procs-55398880-3-stderr.txt,valid,160.490334,26229.0,9.987105985310153e-07,1e-06,0.190174683914716,4147110,329499284,114.48219812889168,6118.812535742879,1409.7703202439955,52460,77.259816,0.387125,0.371863,0.645315,1.7e-05,73.956551,71.599873,-63.730357
Queen_4147,acg-cg-mpi,4,16,55398886,1,acg-results/acg-cg-mpi/suitesparse/Queen_4147/Queen_4147-rtol-1e-6-004-nodes-0016-procs-55398886-1-stderr.txt,valid,10.378728,26174.0,9.671611971815403e-07,1e-06,0.19017681431619,4147110,329499284,1766.5710463767812,396.52815771376174,44.67006685768863,52350,5.585079,0.346179,0.33486,0.581196,1.8e-05,2.338478,0.080422,1.112492
Queen_4147,acg-cg-mpi,4,16,55398886,2,acg-results/acg-cg-mpi/suitesparse/Queen_4147/Queen_4147-rtol-1e-6-004-nodes-0016-procs-55398886-2-stderr.txt,valid,159.09927,26270.0,9.332290080084753e-07,1e-06,0.190172456673917,4147110,329499284,115.66367005422464,6056.310239817282,1414.6809980586959,52542,75.408987,0.387672,0.372511,0.644615,1.7e-05,74.330169,69.733979,-61.77869
Queen_4147,acg-cg-mpi,4,16,55398886,3,acg-results/acg-cg-mpi/suitesparse/Queen_4147/Queen_4147-rtol-1e-6-004-nodes-0016-procs-55398886-3-stderr.txt,valid,177.52856,26514.0,9.467065699414164e-07,1e-06,0.190161604642371,4147110,329499284,104.61933601072414,6695.653616957079,1543.2474825570432,53030,85.180488,0.39176,0.37648,0.650873,1.7e-05,81.838414,79.445854,-70.355345
Queen_4147,acg-cg-mpi,8,32,55398875,1,acg-results/acg-cg-mpi/suitesparse/Queen_4147/Queen_4147-rtol-1e-6-008-nodes-0032-procs-55398875-1-stderr.txt,valid,180.282595,26544.0,9.489628241659441e-07,1e-06,0.190160458854311,4147110,329499284,103.13771088207379,6791.839775467148,2690.257732152948,53090,30.350908,0.340694,0.331308,0.57939,1.6e-05,142.825783,27.183549,-21.329104
Queen_4147,acg-cg-mpi,8,32,55398875,2,acg-results/acg-cg-mpi/suitesparse/Queen_4147/Queen_4147-rtol-1e-6-008-nodes-0032-procs-55398875-2-stderr.txt,valid,82.161428,26441.0,9.537220868084999e-07,1e-06,0.190164798788855,4147110,329499284,225.4316439628581,3107.3494951023035,1264.873458891158,52884,11.535502,0.337502,0.330322,0.576591,1.6e-05,66.891568,8.38692,-5.897012
Queen_4147,acg-cg-mpi,8,32,55398875,3,acg-results/acg-cg-mpi/suitesparse/Queen_4147/Queen_4147-rtol-1e-6-008-nodes-0032-procs-55398875-3-stderr.txt,valid,179.168077,26297.0,9.609989528318816e-07,1e-06,0.190172416003099,4147110,329499284,102.81361758536929,6813.25158763357,2670.6027834816337,52596,31.34204,0.337923,0.329225,0.575848,1.6e-05,140.463024,28.204777,-22.084829
Queen_4147,acg-cg-mpi,8,32,55398881,1,acg-results/acg-cg-mpi/suitesparse/Queen_4147/Queen_4147-rtol-1e-6-008-nodes-0032-procs-55398881-1-stderr.txt,valid,84.756884,26480.0,9.52137800216897e-07,1e-06,0.19016322804435,4147110,329499284,218.85070835577204,3200.7886706948643,1307.467372833352,52962,11.739948,0.339236,0.331354,0.578821,1.6e-05,69.246087,8.588629,-6.067228
Queen_4147,acg-cg-mpi,8,32,55398881,2,acg-results/acg-cg-mpi/suitesparse/Queen_4147/Queen_4147-rtol-1e-6-008-nodes-0032-procs-55398881-2-stderr.txt,valid,79.178698,26714.0,9.000195193454468e-07,1e-06,0.190152044633687,4147110,329499284,236.33899617470345,2963.9401811784082,1203.6462099943851,53430,11.188907,0.342016,0.333082,0.582612,1.6e-05,64.310817,8.009607,-5.58838
Queen_4147,acg-cg-mpi,8,32,55398881,3,acg-results/acg-cg-mpi/suitesparse/Queen_4147/Queen_4147-rtol-1e-6-008-nodes-0032-procs-55398881-3-stderr.txt,valid,78.441309,26224.0,9.558963396509846e-07,1e-06,0.190175384995253,4147110,329499284,234.18507544819272,2991.203058267236,1155.9910581506197,52450,13.510066,0.335971,0.327769,0.572269,1.6e-05,60.631731,10.387584,-7.32412
Queen_4147,acg-cg-mpi,8,32,55398887,1,acg-results/acg-cg-mpi/suitesparse/Queen_4147/Queen_4147-rtol-1e-6-008-nodes-0032-procs-55398887-1-stderr.txt,valid,175.993247,26267.0,9.583256680511872e-07,1e-06,0.190172118189977,4147110,329499284,104.54892091481214,6700.165492823695,2648.915562661794,52536,29.840759,0.336847,0.328263,0.573744,1.6e-05,139.163428,26.700754,-20.950642
Queen_4147,acg-cg-mpi,8,32,55398887,2,acg-results/acg-cg-mpi/suitesparse/Queen_4147/Queen_4147-rtol-1e-6-008-nodes-0032-procs-55398887-2-stderr.txt,valid,17.213376,26406.0,9.685340974950468e-07,1e-06,0.190165847463263,4147110,329499284,1074.5869576076186,651.8736650761191,183.98737077290113,52814,4.716811,0.339709,0.329807,0.576732,1.6e-05,9.717109,1.570982,-0.037802
Queen_4147,acg-cg-mpi,8,32,55398887,3,acg-results/acg-cg-mpi/suitesparse/Queen_4147/Queen_4147-rtol-1e-6-008-nodes-0032-procs-55398887-3-stderr.txt,valid,171.965904,26479.0,9.679057900013124e-07,1e-06,0.190163659114287,4147110,329499284,107.86093754817816,6494.4259224290945,2541.9737915407854,52960,30.185816,0.340864,0.331335,0.57853,1.6e-05,134.622932,27.0189,-21.112536
Bump_2911,acg-cg-nccl,1,2,55407131,1,acg-results/acg-cg-nccl/suitesparse/Bump_2911/Bump_2911-rtol-1e-6-001-nodes-0002-procs-55407131-1-stderr.txt,valid,21.348824,25088.0,9.30230087070808e-07,1e-06,0.144546064951918,2911419,127729899,334.42842067460015,850.9575892857142,13.26960022320539,50178,16.918493,0.744527,0.395263,2.031001,3.5e-05,0.665842,0.069934,0.523641
Bump_2911,acg-cg-nccl,1,2,55407131,2,acg-results/acg-cg-nccl/suitesparse/Bump_2911/Bump_2911-rtol-1e-6-001-nodes-0002-procs-55407131-2-stderr.txt,valid,21.95163,25831.0,9.97863136031321e-07,1e-06,0.144367914985814,2911419,127729899,334.8768162848954,849.8172738182805,12.954087952926603,51664,17.407428,0.766019,0.405559,2.091231,3.8e-05,0.66926,0.071717,0.540156
Bump_2911,acg-cg-nccl,1,2,55407131,3,acg-results/acg-cg-nccl/suitesparse/Bump_2911/Bump_2911-rtol-1e-6-001-nodes-0002-procs-55407131-3-stderr.txt,valid,21.788386,25573.0,9.436507623490614e-07,1e-06,0.144424165232817,2911419,127729899,334.0161073775726,852.0074297110233,13.07269101431141,51148,17.278836,0.758746,0.405544,2.071876,3.6e-05,0.668642,0.074486,0.530135
Bump_2911,acg-cg-nccl,1,2,55407174,1,acg-results/acg-cg-nccl/suitesparse/Bump_2911/Bump_2911-rtol-1e-6-001-nodes-0002-procs-55407174-1-stderr.txt,valid,21.593226,25381.0,9.597706584109086e-07,1e-06,0.144472448163935,2911419,127729899,334.5046114028538,850.7634056971751,13.096091718540698,50764,17.114825,0.753427,0.400699,2.055383,3.4e-05,0.66481,0.070725,0.533247
Bump_2911,acg-cg-nccl,1,2,55407174,2,acg-results/acg-cg-nccl/suitesparse/Bump_2911/Bump_2911-rtol-1e-6-001-nodes-0002-procs-55407174-2-stderr.txt,valid,21.650887,25467.0,9.879387104497808e-07,1e-06,0.144444774446282,2911419,127729899,334.74411625870107,850.1545922173794,13.16277289147165,50936,17.167146,0.753463,0.400798,2.059507,3.5e-05,0.670459,0.070897,0.528469
Bump_2911,acg-cg-nccl,1,2,55407174,3,acg-results/acg-cg-nccl/suitesparse/Bump_2911/Bump_2911-rtol-1e-6-001-nodes-0002-procs-55407174-3-stderr.txt,valid,21.341839,25097.0,9.835312077561387e-07,1e-06,0.144555587744252,2911419,127729899,334.6578830189844,850.3741084591784,12.87682285441071,50196,16.925444,0.744097,0.395661,2.031952,3.5e-05,0.646365,0.069803,0.528366
Bump_2911,acg-cg-nccl,1,2,55407197,1,acg-results/acg-cg-nccl/suitesparse/Bump_2911/Bump_2911-rtol-1e-6-001-nodes-0002-procs-55407197-1-stderr.txt,valid,21.82373,25640.0,9.93988118736446e-07,1e-06,0.144389964238865,2911419,127729899,334.3488182339133,851.1595163806552,12.94968994968995,51282,17.303577,0.76132,0.406491,2.079192,3.4e-05,0.664086,0.071624,0.537136
Bump_2911,acg-cg-nccl,1,2,55407197,2,acg-results/acg-cg-nccl/suitesparse/Bump_2911/Bump_2911-rtol-1e-6-001-nodes-0002-procs-55407197-2-stderr.txt,valid,21.508491,25294.0,9.590497092343616e-07,1e-06,0.144493278558611,2911419,127729899,334.6713507287889,850.3396457657942,12.877011267048825,50590,17.059726,0.751042,0.397571,2.050736,3.4e-05,0.651448,0.070504,0.527301
Bump_2911,acg-cg-nccl,1,2,55407197,3,acg-results/acg-cg-nccl/suitesparse/Bump_2911/Bump_2911-rtol-1e-6-001-nodes-0002-procs-55407197-3-stderr.txt,valid,21.068109,24777.0,9.370007352751414e-07,1e-06,0.144646534459465,2911419,127729899,334.6836198403948,850.3091173265528,12.941076761643393,49556,16.721116,0.732468,0.386651,2.005144,3.7e-05,0.641308,0.071555,0.509651
Bump_2911,acg-cg-nccl,1,4,55407133,1,acg-results/acg-cg-nccl/suitesparse/Bump_2911/Bump_2911-rtol-1e-6-001-nodes-0004-procs-55407133-1-stderr.txt,valid,12.460895,25605.0,9.805431786317037e-07,1e-06,0.144414002838425,2911419,127729899,584.7716592889997,486.6586604178872,16.66509802390065,51212,9.317357,0.38557,0.355301,0.939218,2.3e-05,0.853453,0.068232,0.541597
Bump_2911,acg-cg-nccl,1,4,55407133,2,acg-results/acg-cg-nccl/suitesparse/Bump_2911/Bump_2911-rtol-1e-6-001-nodes-0004-procs-55407133-2-stderr.txt,valid,12.08611,24872.0,9.591248006625193e-07,1e-06,0.144616294904514,2911419,127729899,585.64629249378,485.9323737536185,16.46781650785993,49746,9.043519,0.374132,0.345222,0.913897,2.3e-05,0.819208,0.066679,0.523329
Bump_2911,acg-cg-nccl,1,4,55407133,3,acg-results/acg-cg-nccl/suitesparse/Bump_2911/Bump_2911-rtol-1e-6-001-nodes-0004-procs-55407133-3-stderr.txt,valid,12.561063,25824.0,9.196320975736333e-07,1e-06,0.144361001149322,2911419,127729899,585.0699060062034,486.4104321561338,16.535004840271057,51650,9.395059,0.387907,0.358666,0.948337,2.5e-05,0.854033,0.069176,0.54777
Bump_2911,acg-cg-nccl,1,4,55407176,1,acg-results/acg-cg-nccl/suitesparse/Bump_2911/Bump_2911-rtol-1e-6-001-nodes-0004-procs-55407176-1-stderr.txt,valid,12.157491,24936.0,9.774244829975757e-07,1e-06,0.144577823156498,2911419,127729899,583.7058195152273,487.54776227141485,16.579540441913622,49874,9.097762,0.376959,0.349737,0.913503,2.3e-05,0.826888,0.06726,0.525282
Bump_2911,acg-cg-nccl,1,4,55407176,2,acg-results/acg-cg-nccl/suitesparse/Bump_2911/Bump_2911-rtol-1e-6-001-nodes-0004-procs-55407176-2-stderr.txt,valid,12.53058,25774.0,9.361727105333805e-07,1e-06,0.144376765354057,2911419,127729899,585.357680917244,486.1713354543338,16.49555771096023,51550,9.379589,0.386501,0.358338,0.943608,2.3e-05,0.850346,0.069138,0.542936
Bump_2911,acg-cg-nccl,1,4,55407176,3,acg-results/acg-cg-nccl/suitesparse/Bump_2911/Bump_2911-rtol-1e-6-001-nodes-0004-procs-55407176-3-stderr.txt,valid,12.304452,25288.0,9.311600253084462e-07,1e-06,0.144482825374617,2911419,127729899,584.8751566652461,486.5727617842455,16.597552295464432,50578,9.200484,0.381405,0.353052,0.92946,2.5e-05,0.839471,0.067539,0.532959
Bump_2911,acg-cg-nccl,1,4,55407198,1,acg-results/acg-cg-nccl/suitesparse/Bump_2911/Bump_2911-rtol-1e-6-001-nodes-0004-procs-55407198-1-stderr.txt,valid,11.966338,24656.0,9.93416988500482e-07,1e-06,0.144681737367728,2911419,127729899,586.371330206785,485.3316839714471,16.201200470454637,49314,8.962957,0.369869,0.343939,0.905164,2.3e-05,0.798946,0.066027,0.519333
Bump_2911,acg-cg-nccl,1,4,55407198,2,acg-results/acg-cg-nccl/suitesparse/Bump_2911/Bump_2911-rtol-1e-6-001-nodes-0004-procs-55407198-2-stderr.txt,valid,12.41331,25553.0,9.661886740761059e-07,1e-06,0.14443329925719,2911419,127729899,585.8212191591123,485.7867960709114,16.42553024966737,51108,9.297988,0.385007,0.35439,0.935087,2.5e-05,0.839476,0.068492,0.532755
Bump_2911,acg-cg-nccl,1,4,55407198,3,acg-results/acg-cg-nccl/suitesparse/Bump_2911/Bump_2911-rtol-1e-6-001-nodes-0004-procs-55407198-3-stderr.txt,valid,12.154321,24965.0,9.960746541136143e-07,1e-06,0.1445928794771,2911419,127729899,584.5370459654637,486.8544362106949,16.55659697188176,49932,9.092057,0.376914,0.348754,0.914605,2.5e-05,0.826704,0.067262,0.527904
Bump_2911,acg-cg-nccl,2,8,55407137,1,acg-results/acg-cg-nccl/suitesparse/Bump_2911/Bump_2911-rtol-1e-6-002-nodes-0008-procs-55407137-1-stderr.txt,valid,7.825346,25470.0,9.565496985681047e-07,1e-06,0.144447034804396,2911419,127729899,926.2671269738105,307.2377699254024,23.61744729299988,50942,4.662909,0.347438,0.332035,0.611967,1.9e-05,1.20312,0.067957,0.599813
Bump_2911,acg-cg-nccl,2,8,55407137,2,acg-results/acg-cg-nccl/suitesparse/Bump_2911/Bump_2911-rtol-1e-6-002-nodes-0008-procs-55407137-2-stderr.txt,valid,7.915617,25952.0,8.873011568135904e-07,1e-06,0.144409233452933,2911419,127729899,933.0321842519667,305.00990289765724,22.960852309944897,51906,4.731779,0.352539,0.337175,0.621932,2.1e-05,1.191806,0.069114,0.611218
Bump_2911,acg-cg-nccl,2,8,55407137,3,acg-results/acg-cg-nccl/suitesparse/Bump_2911/Bump_2911-rtol-1e-6-002-nodes-0008-procs-55407137-3-stderr.txt,valid,7.846326,25561.0,9.734641448296883e-07,1e-06,0.144433556308465,2911419,127729899,927.0908435239627,306.96475098783304,23.59476957984508,51124,4.683588,0.345924,0.331122,0.613366,2.1e-05,1.206259,0.068346,0.597664
Bump_2911,acg-cg-nccl,2,8,55407177,1,acg-results/acg-cg-nccl/suitesparse/Bump_2911/Bump_2911-rtol-1e-6-002-nodes-0008-procs-55407177-1-stderr.txt,valid,8.319814,25225.0,9.552979329525962e-07,1e-06,0.144521660350903,2911419,127729899,862.8366126858125,329.8241427155599,32.34335606120669,50452,4.756277,0.34336,0.327994,0.604556,1.8e-05,1.631787,0.067115,0.588633
Bump_2911,acg-cg-nccl,2,8,55407177,2,acg-results/acg-cg-nccl/suitesparse/Bump_2911/Bump_2911-rtol-1e-6-002-nodes-0008-procs-55407177-2-stderr.txt,valid,8.401343,25514.0,9.023976128566673e-07,1e-06,0.144432131617673,2911419,127729899,864.2525382510867,329.2836481931489,31.91720556535371,51030,4.816374,0.347084,0.333889,0.61205,2e-05,1.628735,0.068295,0.594818
Bump_2911,acg-cg-nccl,2,8,55407177,3,acg-results/acg-cg-nccl/suitesparse/Bump_2911/Bump_2911-rtol-1e-6-002-nodes-0008-procs-55407177-3-stderr.txt,valid,8.159168,24885.0,9.6318968770804e-07,1e-06,0.144598952333124,2911419,127729899,867.9665590922997,327.8749447458308,31.59342602266334,49772,4.68049,0.3388,0.321955,0.596033,2e-05,1.572468,0.067072,0.58229
Bump_2911,acg-cg-nccl,2,8,55407199,1,acg-results/acg-cg-nccl/suitesparse/Bump_2911/Bump_2911-rtol-1e-6-002-nodes-0008-procs-55407199-1-stderr.txt,valid,7.868081,25417.0,9.790768296219996e-07,1e-06,0.144490290758648,2911419,127729899,919.3192514962669,309.55978282252033,24.63730427256275,50836,4.666764,0.345544,0.330893,0.611473,1.9e-05,1.252462,0.067977,0.592893
Bump_2911,acg-cg-nccl,2,8,55407199,2,acg-results/acg-cg-nccl/suitesparse/Bump_2911/Bump_2911-rtol-1e-6-002-nodes-0008-procs-55407199-2-stderr.txt,valid,7.993394,25761.0,9.906771203409544e-07,1e-06,0.144380240976763,2911419,127729899,917.1538131992493,310.29051667248945,24.92168698082447,51524,4.735352,0.34922,0.334546,0.620692,2e-05,1.284065,0.068207,0.601251
Bump_2911,acg-cg-nccl,2,8,55407199,3,acg-results/acg-cg-nccl/suitesparse/Bump_2911/Bump_2911-rtol-1e-6-002-nodes-0008-procs-55407199-3-stderr.txt,valid,7.937874,25742.0,9.95401806051598e-07,1e-06,0.144395908050122,2911419,127729899,922.8875240060501,308.3627534768083,24.352775511789613,51486,4.706524,0.349825,0.33496,0.618637,2.1e-05,1.253827,0.068582,0.605387
Bump_2911,acg-cg-nccl,4,16,55407138,1,acg-results/acg-cg-nccl/suitesparse/Bump_2911/Bump_2911-rtol-1e-6-004-nodes-0016-procs-55407138-1-stderr.txt,valid,6.359165,25383.0,9.591259234405272e-07,1e-06,0.144480129460009,2911419,127729899,1135.935743142378,250.5285033289997,35.70225338796092,50768,2.637686,0.313316,0.301328,0.526474,1.6e-05,1.812532,0.065469,0.700321
Bump_2911,acg-cg-nccl,4,16,55407138,2,acg-results/acg-cg-nccl/suitesparse/Bump_2911/Bump_2911-rtol-1e-6-004-nodes-0016-procs-55407138-2-stderr.txt,valid,6.421303,25468.0,9.522958805990038e-07,1e-06,0.144439652385648,2911419,127729899,1128.7104204582777,252.13220512015076,36.12405277003416,50938,2.667838,0.313809,0.303144,0.528287,1.8e-05,1.840087,0.065641,0.702428
Bump_2911,acg-cg-nccl,4,16,55407138,3,acg-results/acg-cg-nccl/suitesparse/Bump_2911/Bump_2911-rtol-1e-6-004-nodes-0016-procs-55407138-3-stderr.txt,valid,6.410122,25435.0,9.615155417288286e-07,1e-06,0.144451441003309,2911419,127729899,1129.2141814798533,252.019736583448,36.21082324264821,50872,2.658945,0.313046,0.301459,0.52668,1.8e-05,1.842117,0.065766,0.702056
Bump_2911,acg-cg-nccl,4,16,55407180,1,acg-results/acg-cg-nccl/suitesparse/Bump_2911/Bump_2911-rtol-1e-6-004-nodes-0016-procs-55407180-1-stderr.txt,valid,6.015579,25102.0,9.999359670309354e-07,1e-06,0.144579306584753,2911419,127729899,1187.5228518172567,239.64540674049877,31.843584432139586,50206,2.526766,0.308567,0.297979,0.520283,1.7e-05,1.598739,0.064489,0.698575
Bump_2911,acg-cg-nccl,4,16,55407180,2,acg-results/acg-cg-nccl/suitesparse/Bump_2911/Bump_2911-rtol-1e-6-004-nodes-0016-procs-55407180-2-stderr.txt,valid,6.282292,26245.0,9.232742951811104e-07,1e-06,0.144333989314192,2911419,127729899,1188.8822738096223,239.37100400076204,31.699039853691993,52492,2.647016,0.323506,0.312382,0.545335,1.8e-05,1.663946,0.067457,0.722593
Bump_2911,acg-cg-nccl,4,16,55407180,3,acg-results/acg-cg-nccl/suitesparse/Bump_2911/Bump_2911-rtol-1e-6-004-nodes-0016-procs-55407180-3-stderr.txt,valid,6.102328,25363.0,9.785800502400128e-07,1e-06,0.144459297726151,2911419,127729899,1182.8127462633934,240.59961361037733,32.15352468064974,50728,2.56185,0.312591,0.300988,0.525963,1.8e-05,1.631084,0.065038,0.704751
Bump_2911,acg-cg-nccl,4,16,55407200,1,acg-results/acg-cg-nccl/suitesparse/Bump_2911/Bump_2911-rtol-1e-6-004-nodes-0016-procs-55407200-1-stderr.txt,valid,6.279074,25394.0,9.958892868488513e-07,1e-06,0.144469518308657,2911419,127729899,1150.923389962915,247.2660470977396,34.740874187832254,50790,2.614405,0.311056,0.299382,0.524489,1.7e-05,1.764489,0.065594,0.699579
Bump_2911,acg-cg-nccl,4,16,55407200,2,acg-results/acg-cg-nccl/suitesparse/Bump_2911/Bump_2911-rtol-1e-6-004-nodes-0016-procs-55407200-2-stderr.txt,valid,6.287299,25450.0,8.450812785770393e-07,1e-06,0.144469273773348,2911419,127729899,1151.9524166475937,247.04514734774065,34.474775057954496,50902,2.624563,0.311977,0.301167,0.525804,1.8e-05,1.754835,0.065727,0.703171
Bump_2911,acg-cg-nccl,4,16,55407200,3,acg-results/acg-cg-nccl/suitesparse/Bump_2911/Bump_2911-rtol-1e-6-004-nodes-0016-procs-55407200-3-stderr.txt,valid,6.303927,25415.0,9.878976751045123e-07,1e-06,0.14447416369218,2911419,127729899,1147.33390593768,248.03962227031278,34.798276676109545,50832,2.628545,0.312478,0.301281,0.52616,1.8e-05,1.768866,0.065782,0.700752
Bump_2911,acg-cg-nccl,8,32,55407139,1,acg-results/acg-cg-nccl/suitesparse/Bump_2911/Bump_2911-rtol-1e-6-008-nodes-0032-procs-55407139-1-stderr.txt,valid,6.679698,25157.0,9.568690039108668e-07,1e-06,0.144540935791651,2911419,127729899,1071.7983206354538,265.520451564177,58.93101597901264,50316,1.902988,0.263348,0.255966,0.485771,1.5e-05,2.965173,0.065739,0.740585
Bump_2911,acg-cg-nccl,8,32,55407139,2,acg-results/acg-cg-nccl/suitesparse/Bump_2911/Bump_2911-rtol-1e-6-008-nodes-0032-procs-55407139-2-stderr.txt,valid,6.569471,24728.0,9.98664685755188e-07,1e-06,0.144649417475795,2911419,127729899,1071.1984051531697,265.66932222581687,59.021937805815035,49458,1.868119,0.259535,0.2521,0.477293,1.5e-05,2.919107,0.064715,0.728561
Bump_2911,acg-cg-nccl,8,32,55407139,3,acg-results/acg-cg-nccl/suitesparse/Bump_2911/Bump_2911-rtol-1e-6-008-nodes-0032-procs-55407139-3-stderr.txt,valid,6.638902,24736.0,9.773029027325368e-07,1e-06,0.144646349798059,2911419,127729899,1060.3385092601156,268.39028137128076,60.08366010429721,49474,1.884896,0.258691,0.252324,0.477899,1.6e-05,2.972579,0.064895,0.727529
Bump_2911,acg-cg-nccl,8,32,55407181,1,acg-results/acg-cg-nccl/suitesparse/Bump_2911/Bump_2911-rtol-1e-6-008-nodes-0032-procs-55407181-1-stderr.txt,valid,6.068966,25664.0,9.492946924352696e-07,1e-06,0.144426255671215,2911419,127729899,1203.4287406896003,236.47778990024938,46.451587765439314,51330,1.835724,0.269157,0.260782,0.494941,1.6e-05,2.38436,0.066617,0.756993
Bump_2911,acg-cg-nccl,8,32,55407181,2,acg-results/acg-cg-nccl/suitesparse/Bump_2911/Bump_2911-rtol-1e-6-008-nodes-0032-procs-55407181-2-stderr.txt,valid,6.055172,25466.0,9.995705795563963e-07,1e-06,0.144470956612419,2911419,127729899,1196.8648390242258,237.77475850153144,47.06531982565673,50934,1.824235,0.266413,0.258753,0.490178,1.6e-05,2.397225,0.066053,0.752274
Bump_2911,acg-cg-nccl,8,32,55407181,3,acg-results/acg-cg-nccl/suitesparse/Bump_2911/Bump_2911-rtol-1e-6-008-nodes-0032-procs-55407181-3-stderr.txt,valid,6.001323,25279.0,9.8334512801985e-07,1e-06,0.144508374196069,2911419,127729899,1198.7368660690317,237.4034969737727,46.86455696202532,50560,1.811359,0.264223,0.257224,0.487987,1.5e-05,2.369472,0.065548,0.745471
Bump_2911,acg-cg-nccl,8,32,55407202,1,acg-results/acg-cg-nccl/suitesparse/Bump_2911/Bump_2911-rtol-1e-6-008-nodes-0032-procs-55407202-1-stderr.txt,valid,6.369126,25724.0,9.518990706425796e-07,1e-06,0.144363915465355,2911419,127729899,1149.395152482146,247.59469755870006,51.30579203109815,51450,1.875831,0.269634,0.262534,0.496165,1.5e-05,2.639683,0.066601,0.758534
Bump_2911,acg-cg-nccl,8,32,55407202,2,acg-results/acg-cg-nccl/suitesparse/Bump_2911/Bump_2911-rtol-1e-6-008-nodes-0032-procs-55407202-2-stderr.txt,valid,6.236911,25260.0,9.809161514382219e-07,1e-06,0.144521961094473,2911419,127729899,1152.5898348583137,246.9085906571655,50.966034598788646,50522,1.841213,0.264642,0.257916,0.487851,1.6e-05,2.574906,0.065723,0.744619
Bump_2911,acg-cg-nccl,8,32,55407202,3,acg-results/acg-cg-nccl/suitesparse/Bump_2911/Bump_2911-rtol-1e-6-008-nodes-0032-procs-55407202-3-stderr.txt,valid,6.382559,25640.0,9.951834986051325e-07,1e-06,0.144479687994189,2911419,127729899,1143.230847526204,248.9297581903276,51.6932451932452,51282,1.883713,0.267962,0.261342,0.494169,1.6e-05,2.650933,0.066781,0.757615
Queen_4147,acg-cg-nccl,1,2,55398423,1,acg-results/acg-cg-nccl/suitesparse/Queen_4147/Queen_4147-rtol-1e-6-001-nodes-0002-procs-55398423-1-stderr.txt,valid,47.526483,26057.0,9.796497883722357e-07,1e-06,0.190182627508253,4147110,329499284,384.05546296922495,1823.9430095559733,13.467188579323048,52116,41.571794,1.063008,0.56739,3.003912,4.8e-05,0.701856,0.07388,0.544468
Queen_4147,acg-cg-nccl,1,2,55398423,2,acg-results/acg-cg-nccl/suitesparse/Queen_4147/Queen_4147-rtol-1e-6-001-nodes-0002-procs-55398423-2-stderr.txt,valid,48.495479,26604.0,9.869944145530192e-07,1e-06,0.190156038232855,4147110,329499284,384.2824676555932,1822.864193354383,13.370625822213869,53210,42.433425,1.082943,0.576501,3.062928,4.7e-05,0.711451,0.074998,0.553097
Queen_4147,acg-cg-nccl,1,2,55398423,3,acg-results/acg-cg-nccl/suitesparse/Queen_4147/Queen_4147-rtol-1e-6-001-nodes-0002-procs-55398423-3-stderr.txt,valid,47.9372,26286.0,9.38094561344539e-07,1e-06,0.190172123024349,4147110,329499284,384.11114929190694,1823.6780034999617,13.408338722562483,52574,41.939919,1.072806,0.572816,3.028454,4.7e-05,0.70493,0.074528,0.543218
Queen_4147,acg-cg-nccl,1,2,55398430,1,acg-results/acg-cg-nccl/suitesparse/Queen_4147/Queen_4147-rtol-1e-6-001-nodes-0002-procs-55398430-1-stderr.txt,valid,48.303181,26446.0,9.993000871452997e-07,1e-06,0.190164416501844,4147110,329499284,383.52107975489236,1826.4834379490283,13.745169584451924,52894,42.241785,1.078976,0.580327,3.049114,4.8e-05,0.727037,0.079105,0.546697
Queen_4147,acg-cg-nccl,1,2,55398430,2,acg-results/acg-cg-nccl/suitesparse/Queen_4147/Queen_4147-rtol-1e-6-001-nodes-0002-procs-55398430-2-stderr.txt,valid,47.703585,26139.0,9.502089977036925e-07,1e-06,0.190178240262921,4147110,329499284,383.8337086120467,1824.9965568690461,13.588006885998471,52280,41.723976,1.064294,0.571048,3.010216,4.8e-05,0.710381,0.077031,0.546372
Queen_4147,acg-cg-nccl,1,2,55398430,3,acg-results/acg-cg-nccl/suitesparse/Queen_4147/Queen_4147-rtol-1e-6-001-nodes-0002-procs-55398430-3-stderr.txt,valid,48.225793,26423.0,9.960997670703912e-07,1e-06,0.190166240049911,4147110,329499284,383.8024463455064,1825.1444953260418,13.688124432334241,52848,42.181331,1.074837,0.575607,3.043584,4.9e-05,0.72339,0.077491,0.549444
Queen_4147,acg-cg-nccl,1,2,55398436,1,acg-results/acg-cg-nccl/suitesparse/Queen_4147/Queen_4147-rtol-1e-6-001-nodes-0002-procs-55398436-1-stderr.txt,valid,47.813367,26186.0,9.683167927142587e-07,1e-06,0.190175428296319,4147110,329499284,383.6409600485989,1825.913350645383,13.611620269599419,52374,41.819121,1.068612,0.572543,3.020293,4.8e-05,0.712895,0.077662,0.541653
Queen_4147,acg-cg-nccl,1,2,55398436,2,acg-results/acg-cg-nccl/suitesparse/Queen_4147/Queen_4147-rtol-1e-6-001-nodes-0002-procs-55398436-2-stderr.txt,valid,47.698518,26122.0,9.953210137645086e-07,1e-06,0.190179671214093,4147110,329499284,383.6248321233796,1825.9902763953755,13.664950426826934,52246,41.714688,1.065761,0.570107,3.012983,4.8e-05,0.713939,0.076828,0.544018
Queen_4147,acg-cg-nccl,1,2,55398436,3,acg-results/acg-cg-nccl/suitesparse/Queen_4147/Queen_4147-rtol-1e-6-001-nodes-0002-procs-55398436-3-stderr.txt,valid,47.9645,26275.0,9.78157659008737e-07,1e-06,0.190172125555022,4147110,329499284,383.7318812765274,1825.4804947668888,13.653980818998326,52552,41.958161,1.070103,0.571473,3.028111,4.7e-05,0.717544,0.077743,0.54109
Queen_4147,acg-cg-nccl,1,4,55398424,1,acg-results/acg-cg-nccl/suitesparse/Queen_4147/Queen_4147-rtol-1e-6-001-nodes-0004-procs-55398424-1-stderr.txt,valid,25.31832,26120.0,9.65801980119427e-07,1e-06,0.190178689655425,4147110,329499284,722.6757154877574,969.3078101071976,15.879292523257151,52242,21.631689,0.502526,0.381314,1.349528,2.8e-05,0.829566,0.07306,0.550473
Queen_4147,acg-cg-nccl,1,4,55398424,2,acg-results/acg-cg-nccl/suitesparse/Queen_4147/Queen_4147-rtol-1e-6-001-nodes-0004-procs-55398424-2-stderr.txt,valid,25.520111,26323.0,9.825547376644352e-07,1e-06,0.190169892736924,4147110,329499284,722.5333135718728,969.498575390343,16.06442789849567,52648,21.799104,0.505526,0.381454,1.357566,2.8e-05,0.84576,0.07278,0.55758
Queen_4147,acg-cg-nccl,1,4,55398424,3,acg-results/acg-cg-nccl/suitesparse/Queen_4147/Queen_4147-rtol-1e-6-001-nodes-0004-procs-55398424-3-stderr.txt,valid,25.745484,26564.0,9.477430579053121e-07,1e-06,0.190158102095323,4147110,329499284,722.7653422068119,969.1870200271044,15.841520798042536,53130,22.00047,0.512192,0.388252,1.371347,2.9e-05,0.84166,0.072985,0.558262
Queen_4147,acg-cg-nccl,1,4,55398431,1,acg-results/acg-cg-nccl/suitesparse/Queen_4147/Queen_4147-rtol-1e-6-001-nodes-0004-procs-55398431-1-stderr.txt,valid,25.048083,25858.0,9.830262843541053e-07,1e-06,0.190192413404324,4147110,329499284,723.1456382483243,968.6782813829375,15.520669786147955,51718,21.427917,0.497123,0.378158,1.327107,2.8e-05,0.802698,0.072308,0.542619
Queen_4147,acg-cg-nccl,1,4,55398431,2,acg-results/acg-cg-nccl/suitesparse/Queen_4147/Queen_4147-rtol-1e-6-001-nodes-0004-procs-55398431-2-stderr.txt,valid,25.486579,26268.0,9.778063411852004e-07,1e-06,0.190172588476398,4147110,329499284,721.9723185215247,970.2519795949445,16.02110853096806,52538,21.78212,0.504809,0.38385,1.350532,2.8e-05,0.841717,0.073587,0.549577
Queen_4147,acg-cg-nccl,1,4,55398431,3,acg-results/acg-cg-nccl/suitesparse/Queen_4147/Queen_4147-rtol-1e-6-001-nodes-0004-procs-55398431-3-stderr.txt,valid,25.221119,26045.0,9.56386364034498e-07,1e-06,0.190183489280824,4147110,329499284,723.3778880250317,968.3670186216166,15.667818475005758,52092,21.573368,0.499754,0.377475,1.336175,2.8e-05,0.816168,0.071952,0.545823
Queen_4147,acg-cg-nccl,1,4,55398437,1,acg-results/acg-cg-nccl/suitesparse/Queen_4147/Queen_4147-rtol-1e-6-001-nodes-0004-procs-55398437-1-stderr.txt,valid,25.51205,26321.0,9.89129077278659e-07,1e-06,0.190170271948258,4147110,329499284,722.706698372573,969.2659853349036,15.862548438568497,52644,21.807919,0.505781,0.383247,1.354492,2.8e-05,0.835068,0.072412,0.552833
Queen_4147,acg-cg-nccl,1,4,55398437,2,acg-results/acg-cg-nccl/suitesparse/Queen_4147/Queen_4147-rtol-1e-6-001-nodes-0004-procs-55398437-2-stderr.txt,valid,25.470222,26267.0,9.157942060543064e-07,1e-06,0.19017208371274,4147110,329499284,722.4084682946227,969.666197129478,15.889808892949594,52536,21.766606,0.505799,0.384045,1.353662,2.8e-05,0.834787,0.073119,0.551967
Queen_4147,acg-cg-nccl,1,4,55398437,3,acg-results/acg-cg-nccl/suitesparse/Queen_4147/Queen_4147-rtol-1e-6-001-nodes-0004-procs-55398437-3-stderr.txt,valid,25.477765,26273.0,9.269114521323754e-07,1e-06,0.190171955253047,4147110,329499284,722.3595507750384,969.7318539945952,15.845931338966277,52548,21.770908,0.508732,0.387175,1.355014,2.9e-05,0.832672,0.072407,0.55059
Queen_4147,acg-cg-nccl,2,8,55398426,1,acg-results/acg-cg-nccl/suitesparse/Queen_4147/Queen_4147-rtol-1e-6-002-nodes-0008-procs-55398426-1-stderr.txt,valid,15.187863,26397.0,9.867415178327678e-07,1e-06,0.190166216758285,4147110,329499284,1217.4830072528307,575.3632230935334,24.99933707099023,52796,11.752514,0.375825,0.351749,0.761791,2.1e-05,1.319865,0.077895,0.547856
Queen_4147,acg-cg-nccl,2,8,55398426,2,acg-results/acg-cg-nccl/suitesparse/Queen_4147/Queen_4147-rtol-1e-6-002-nodes-0008-procs-55398426-2-stderr.txt,valid,15.226679,26427.0,9.896748651929033e-07,1e-06,0.190164445248204,4147110,329499284,1215.7594711902707,576.1788700949786,25.18889057060693,52856,11.772353,0.377439,0.35332,0.763027,2e-05,1.331384,0.079031,0.549714
Queen_4147,acg-cg-nccl,2,8,55398426,3,acg-results/acg-cg-nccl/suitesparse/Queen_4147/Queen_4147-rtol-1e-6-002-nodes-0008-procs-55398426-3-stderr.txt,valid,15.342628,26642.0,9.866738312941263e-07,1e-06,0.190155425290768,4147110,329499284,1216.3874525044864,575.881240147136,25.28607889501933,53286,11.86312,0.378788,0.353686,0.767752,2.1e-05,1.347394,0.078334,0.55323
Queen_4147,acg-cg-nccl,2,8,55398432,1,acg-results/acg-cg-nccl/suitesparse/Queen_4147/Queen_4147-rtol-1e-6-002-nodes-0008-procs-55398432-1-stderr.txt,valid,15.110728,26255.0,9.61029180075992e-07,1e-06,0.190173061270052,4147110,329499284,1217.1153121231484,575.5371548276519,25.133093388177944,52512,11.695153,0.372278,0.348171,0.756437,2.1e-05,1.319789,0.077937,0.540661
Queen_4147,acg-cg-nccl,2,8,55398432,2,acg-results/acg-cg-nccl/suitesparse/Queen_4147/Queen_4147-rtol-1e-6-002-nodes-0008-procs-55398432-2-stderr.txt,valid,15.215991,26424.0,9.629024540780703e-07,1e-06,0.190165115729333,4147110,329499284,1216.4753383476634,575.8398047229791,25.04524124881741,52850,11.771737,0.376226,0.353431,0.762428,2.2e-05,1.323641,0.079046,0.549245
Queen_4147,acg-cg-nccl,2,8,55398432,3,acg-results/acg-cg-nccl/suitesparse/Queen_4147/Queen_4147-rtol-1e-6-002-nodes-0008-procs-55398432-3-stderr.txt,valid,15.008961,26069.0,9.848368198721976e-07,1e-06,0.19018194850355,4147110,329499284,1216.6872222454306,575.7398058997276,25.169236670502492,52140,11.60637,0.371679,0.347618,0.752374,2.1e-05,1.312324,0.077269,0.540976
Queen_4147,acg-cg-nccl,2,8,55398439,1,acg-results/acg-cg-nccl/suitesparse/Queen_4147/Queen_4147-rtol-1e-6-002-nodes-0008-procs-55398439-1-stderr.txt,valid,15.261222,26483.0,9.98835717723131e-07,1e-06,0.190162677066,4147110,329499284,1215.577986509337,576.2648491485104,25.30648693550823,52968,11.797643,0.376702,0.35113,0.764665,2.1e-05,1.340434,0.0788,0.551637
Queen_4147,acg-cg-nccl,2,8,55398439,2,acg-results/acg-cg-nccl/suitesparse/Queen_4147/Queen_4147-rtol-1e-6-002-nodes-0008-procs-55398439-2-stderr.txt,valid,15.020797,26072.0,9.899345063769583e-07,1e-06,0.190182607174999,4147110,329499284,1215.8684041122451,576.1275314513654,25.32940206343727,52146,11.613606,0.369901,0.344701,0.751922,2.1e-05,1.320827,0.077748,0.541874
Queen_4147,acg-cg-nccl,2,8,55398439,3,acg-results/acg-cg-nccl/suitesparse/Queen_4147/Queen_4147-rtol-1e-6-002-nodes-0008-procs-55398439-3-stderr.txt,valid,15.135063,26252.0,9.770372557716494e-07,1e-06,0.190174658900984,4147110,329499284,1215.0195223583805,576.5299024836203,25.53666247666933,52506,11.690104,0.372699,0.348283,0.757197,2.2e-05,1.340828,0.077521,0.548013
Queen_4147,acg-cg-nccl,4,16,55398427,1,acg-results/acg-cg-nccl/suitesparse/Queen_4147/Queen_4147-rtol-1e-6-004-nodes-0016-procs-55398427-1-stderr.txt,valid,9.743643,26494.0,9.716158042773365e-07,1e-06,0.190161741956596,4147110,329499284,1904.71989550315,367.7679097154073,36.70054727307039,52990,5.796074,0.351545,0.338301,0.589662,1.8e-05,1.944762,0.069775,0.653356
Queen_4147,acg-cg-nccl,4,16,55398427,2,acg-results/acg-cg-nccl/suitesparse/Queen_4147/Queen_4147-rtol-1e-6-004-nodes-0016-procs-55398427-2-stderr.txt,valid,9.75793,26528.0,9.908911592011546e-07,1e-06,0.190160611967443,4147110,329499284,1904.3717925309977,367.8351176115802,36.75773681631422,53058,5.801845,0.351415,0.339019,0.59071,1.9e-05,1.950292,0.070111,0.654361
Queen_4147,acg-cg-nccl,4,16,55398427,3,acg-results/acg-cg-nccl/suitesparse/Queen_4147/Queen_4147-rtol-1e-6-004-nodes-0016-procs-55398427-3-stderr.txt,valid,9.814822,26662.0,9.579768702874956e-07,1e-06,0.190154782957586,4147110,329499284,1902.896413302656,368.1202460430575,36.91681356186476,53326,5.834057,0.35243,0.339931,0.593137,1.9e-05,1.968626,0.069857,0.656549
Queen_4147,acg-cg-nccl,4,16,55398433,1,acg-results/acg-cg-nccl/suitesparse/Queen_4147/Queen_4147-rtol-1e-6-004-nodes-0016-procs-55398433-1-stderr.txt,valid,9.591972,26177.0,9.808486604268247e-07,1e-06,0.190177804679353,4147110,329499284,1911.6884194432594,366.4274745005157,36.390079456031785,52356,5.708986,0.346826,0.333426,0.581986,1.8e-05,1.905239,0.068811,0.646538
Queen_4147,acg-cg-nccl,4,16,55398433,2,acg-results/acg-cg-nccl/suitesparse/Queen_4147/Queen_4147-rtol-1e-6-004-nodes-0016-procs-55398433-2-stderr.txt,valid,9.784685,26593.0,9.16647736457004e-07,1e-06,0.190156242966403,4147110,329499284,1903.8177696994846,367.94212762757115,36.95781003233812,53188,5.808251,0.351258,0.339612,0.591559,1.9e-05,1.965712,0.070074,0.658036
Queen_4147,acg-cg-nccl,4,16,55398433,3,acg-results/acg-cg-nccl/suitesparse/Queen_4147/Queen_4147-rtol-1e-6-004-nodes-0016-procs-55398433-3-stderr.txt,valid,9.733024,26478.0,9.945976865328805e-07,1e-06,0.190162478578346,4147110,329499284,1905.646504323014,367.5890928317849,36.85401639034707,52958,5.781942,0.350348,0.337725,0.589994,1.9e-05,1.951715,0.069847,0.651312
Queen_4147,acg-cg-nccl,4,16,55398440,1,acg-results/acg-cg-nccl/suitesparse/Queen_4147/Queen_4147-rtol-1e-6-004-nodes-0016-procs-55398440-1-stderr.txt,valid,9.738629,26238.0,9.671027149920847e-07,1e-06,0.190173501736128,4147110,329499284,1887.2872600210974,371.16506593490357,38.208601699759896,52478,5.753646,0.346842,0.334543,0.584863,1.8e-05,2.005111,0.068537,0.644916
Queen_4147,acg-cg-nccl,4,16,55398440,2,acg-results/acg-cg-nccl/suitesparse/Queen_4147/Queen_4147-rtol-1e-6-004-nodes-0016-procs-55398440-2-stderr.txt,valid,9.683705,26433.0,9.544942032426906e-07,1e-06,0.190164379765405,4147110,329499284,1912.0968706741892,366.3490712367117,36.42273208746312,52868,5.765576,0.348695,0.336121,0.587818,1.8e-05,1.925597,0.069302,0.650465
Queen_4147,acg-cg-nccl,4,16,55398440,3,acg-results/acg-cg-nccl/suitesparse/Queen_4147/Queen_4147-rtol-1e-6-004-nodes-0016-procs-55398440-3-stderr.txt,valid,9.833297,26162.0,9.834235389336461e-07,1e-06,0.190178072108294,4147110,329499284,1863.7039791439229,375.8618224906353,39.84785766158315,52326,5.773575,0.346695,0.334151,0.582775,1.8e-05,2.085079,0.068307,0.642545
Queen_4147,acg-cg-nccl,8,32,55398428,1,acg-results/acg-cg-nccl/suitesparse/Queen_4147/Queen_4147-rtol-1e-6-008-nodes-0032-procs-55398428-1-stderr.txt,valid,7.599977,26684.0,9.372049947641279e-07,1e-06,0.190153512139577,4147110,329499284,2459.4811160217982,284.8140083945436,46.29409780775717,53370,3.204533,0.304957,0.295588,0.535419,1.6e-05,2.470716,0.068583,0.72003
Queen_4147,acg-cg-nccl,8,32,55398428,2,acg-results/acg-cg-nccl/suitesparse/Queen_4147/Queen_4147-rtol-1e-6-008-nodes-0032-procs-55398428-2-stderr.txt,valid,7.504419,26495.0,9.96335937388389e-07,1e-06,0.19016237990276,4147110,329499284,2473.1576350478294,283.2390639743348,45.492659269323674,52992,3.18206,0.30414,0.293562,0.530901,1.6e-05,2.410747,0.068098,0.714631
Queen_4147,acg-cg-nccl,8,32,55398428,3,acg-results/acg-cg-nccl/suitesparse/Queen_4147/Queen_4147-rtol-1e-6-008-nodes-0032-procs-55398428-3-stderr.txt,valid,7.512502,26402.0,9.97292498416093e-07,1e-06,0.190166236796164,4147110,329499284,2461.825296994796,284.5429134156503,46.03899178123698,52806,3.173028,0.303625,0.294461,0.531549,1.6e-05,2.431135,0.067966,0.710617
Queen_4147,acg-cg-nccl,8,32,55398434,1,acg-results/acg-cg-nccl/suitesparse/Queen_4147/Queen_4147-rtol-1e-6-008-nodes-0032-procs-55398434-1-stderr.txt,valid,8.064094,26228.0,9.397811924515545e-07,1e-06,0.190175743476926,4147110,329499284,2278.3198887676654,307.4612627726095,55.86716992641733,52458,3.245693,0.299539,0.289519,0.524031,1.6e-05,2.93068,0.067836,0.706708
Queen_4147,acg-cg-nccl,8,32,55398434,2,acg-results/acg-cg-nccl/suitesparse/Queen_4147/Queen_4147-rtol-1e-6-008-nodes-0032-procs-55398434-2-stderr.txt,valid,8.202525,26572.0,9.5760023494109e-07,1e-06,0.190159899195227,4147110,329499284,2269.2460322746956,308.6905389131416,56.370488842057725,53146,3.290233,0.304245,0.294909,0.53222,1.6e-05,2.995866,0.068645,0.716294
Queen_4147,acg-cg-nccl,8,32,55398434,3,acg-results/acg-cg-nccl/suitesparse/Queen_4147/Queen_4147-rtol-1e-6-008-nodes-0032-procs-55398434-3-stderr.txt,valid,8.245621,26674.0,8.771634049254897e-07,1e-06,0.190153997214868,4147110,329499284,2266.050697336198,309.12577791107447,56.34809746954077,53350,3.31182,0.306298,0.296446,0.534939,1.7e-05,3.006171,0.068932,0.720894
Queen_4147,acg-cg-nccl,8,32,55398441,1,acg-results/acg-cg-nccl/suitesparse/Queen_4147/Queen_4147-rtol-1e-6-008-nodes-0032-procs-55398441-1-stderr.txt,valid,7.266476,26253.0,9.996834242243855e-07,1e-06,0.190174417917394,4147110,329499284,2530.8137654059547,276.7865005904087,42.740249104898304,52508,3.131506,0.300195,0.290785,0.525393,1.6e-05,2.244205,0.06726,0.707017
Queen_4147,acg-cg-nccl,8,32,55398441,2,acg-results/acg-cg-nccl/suitesparse/Queen_4147/Queen_4147-rtol-1e-6-008-nodes-0032-procs-55398441-2-stderr.txt,valid,7.348112,26441.0,9.957984108747767e-07,1e-06,0.190164940459919,4147110,329499284,2520.618328133267,277.9059793502515,43.20125179638454,52884,3.16102,0.301706,0.292443,0.528672,1.7e-05,2.284655,0.067801,0.711715
Queen_4147,acg-cg-nccl,8,32,55398441,3,acg-results/acg-cg-nccl/suitesparse/Queen_4147/Queen_4147-rtol-1e-6-008-nodes-0032-procs-55398441-3-stderr.txt,valid,7.24921,26134.0,9.993594581846375e-07,1e-06,0.190180679168052,4147110,329499284,2525.342981690419,277.386163618275,42.9596900707863,52270,3.119925,0.298967,0.289879,0.523415,1.6e-05,2.245503,0.066998,0.704401
Bump_2911,acg-cg-nvshmem,1,2,55407142,1,acg-results/acg-cg-nvshmem/suitesparse/Bump_2911/Bump_2911-rtol-1e-6-001-nodes-0002-procs-55407142-1-stderr.txt,valid,22.490264,25845.0,9.97302038968013e-07,1e-06,0.144344798355713,2911419,127729899,327.03377792701764,870.1978719288063,18.252843766927185,51692,17.72751,0.740906,0.390986,2.082597,3.6e-05,0.943526,0.079172,0.525532
Bump_2911,acg-cg-nvshmem,1,2,55407142,2,acg-results/acg-cg-nvshmem/suitesparse/Bump_2911/Bump_2911-rtol-1e-6-001-nodes-0002-procs-55407142-2-stderr.txt,valid,22.448473,25797.0,9.452146859078733e-07,1e-06,0.144344886702829,2911419,127729899,327.03411279119075,870.1970384153196,18.3148306070238,51596,17.680584,0.742184,0.392393,2.083362,3.6e-05,0.944972,0.079016,0.525926
Bump_2911,acg-cg-nvshmem,1,2,55407142,3,acg-results/acg-cg-nvshmem/suitesparse/Bump_2911/Bump_2911-rtol-1e-6-001-nodes-0002-procs-55407142-3-stderr.txt,valid,22.140742,25439.0,9.913044595398013e-07,1e-06,0.144475048770563,2911419,127729899,326.9781547234506,870.3463972640434,18.253498427672955,50880,17.442844,0.732289,0.388267,2.052377,3.5e-05,0.928738,0.077576,0.518617
Bump_2911,acg-cg-nvshmem,1,2,55407182,1,acg-results/acg-cg-nvshmem/suitesparse/Bump_2911/Bump_2911-rtol-1e-6-001-nodes-0002-procs-55407182-1-stderr.txt,valid,22.366406,25703.0,9.905415203480356e-07,1e-06,0.144416171440851,2911419,127729899,327.03808095945317,870.1865930047077,18.272000466853406,51408,17.622182,0.738873,0.388557,2.076004,3.7e-05,0.939327,0.077574,0.523853
Bump_2911,acg-cg-nvshmem,1,2,55407182,2,acg-results/acg-cg-nvshmem/suitesparse/Bump_2911/Bump_2911-rtol-1e-6-001-nodes-0002-procs-55407182-2-stderr.txt,valid,22.226252,25532.0,9.882011625075103e-07,1e-06,0.144418713754131,2911419,127729899,326.9109134662921,870.5253015823281,18.207711588924138,51066,17.511601,0.736123,0.385551,2.064251,3.7e-05,0.929795,0.077214,0.52168
Bump_2911,acg-cg-nvshmem,1,2,55407182,3,acg-results/acg-cg-nvshmem/suitesparse/Bump_2911/Bump_2911-rtol-1e-6-001-nodes-0002-procs-55407182-3-stderr.txt,valid,22.085499,25388.0,9.859362592044626e-07,1e-06,0.144460020729983,2911419,127729899,327.1388928083536,869.9188199149204,18.255090787348852,50778,17.400239,0.730199,0.382043,2.050209,3.5e-05,0.926957,0.078644,0.517173
Bump_2911,acg-cg-nvshmem,1,2,55407203,1,acg-results/acg-cg-nvshmem/suitesparse/Bump_2911/Bump_2911-rtol-1e-6-001-nodes-0002-procs-55407203-1-stderr.txt,valid,22.330332,25642.0,9.874058775412658e-07,1e-06,0.14440082758852,2911419,127729899,326.7890277194267,870.8498557054832,18.329953593573293,51286,17.577369,0.741082,0.391922,2.076043,3.6e-05,0.94007,0.078099,0.52571
Bump_2911,acg-cg-nvshmem,1,2,55407203,2,acg-results/acg-cg-nvshmem/suitesparse/Bump_2911/Bump_2911-rtol-1e-6-001-nodes-0002-procs-55407203-2-stderr.txt,valid,22.433353,25780.0,9.576717563541032e-07,1e-06,0.144374598604911,2911419,127729899,327.03888238534824,870.1843677269201,18.147162639152864,51562,17.674738,0.74397,0.387564,2.084954,3.5e-05,0.935704,0.077737,0.528651
Bump_2911,acg-cg-nvshmem,1,2,55407203,3,acg-results/acg-cg-nvshmem/suitesparse/Bump_2911/Bump_2911-rtol-1e-6-001-nodes-0002-procs-55407203-3-stderr.txt,valid,22.363051,25692.0,9.947603797327129e-07,1e-06,0.144363093504454,2911419,127729899,326.94716755473127,870.4285769889459,18.295936636437936,51386,17.613672,0.741097,0.38798,2.076906,3.5e-05,0.940155,0.078369,0.524836
Bump_2911,acg-cg-nvshmem,1,4,55407145,1,acg-results/acg-cg-nvshmem/suitesparse/Bump_2911/Bump_2911-rtol-1e-6-001-nodes-0004-procs-55407145-1-stderr.txt,valid,13.284798,25034.0,9.73031613405404e-07,1e-06,0.144575595375829,2911419,127729899,536.2736037257021,530.6702085164177,23.512941881366086,50070,9.816501,0.384216,0.341029,0.96675,2.5e-05,1.177293,0.070924,0.52806
Bump_2911,acg-cg-nvshmem,1,4,55407145,2,acg-results/acg-cg-nvshmem/suitesparse/Bump_2911/Bump_2911-rtol-1e-6-001-nodes-0004-procs-55407145-2-stderr.txt,valid,13.525975,25453.0,9.881949247092435e-07,1e-06,0.144466435908336,2911419,127729899,535.5268658414643,531.4098534553884,23.50993949870354,50908,9.993672,0.390894,0.349085,0.981911,2.5e-05,1.196844,0.072029,0.541514
Bump_2911,acg-cg-nvshmem,1,4,55407145,3,acg-results/acg-cg-nvshmem/suitesparse/Bump_2911/Bump_2911-rtol-1e-6-001-nodes-0004-procs-55407145-3-stderr.txt,valid,13.502549,25456.0,9.339409129346476e-07,1e-06,0.144459563185883,2911419,127729899,536.5191950915341,530.4269720301697,23.567172094119496,50914,9.977403,0.390049,0.346645,0.977339,2.4e-05,1.199899,0.070993,0.540196
Bump_2911,acg-cg-nvshmem,1,4,55407185,1,acg-results/acg-cg-nvshmem/suitesparse/Bump_2911/Bump_2911-rtol-1e-6-001-nodes-0004-procs-55407185-1-stderr.txt,valid,13.432063,25303.0,9.993987307843163e-07,1e-06,0.14449513355153,2911419,127729899,536.0931452599649,530.848634549263,23.501798134682264,50608,9.932889,0.389851,0.3477,0.966212,2.6e-05,1.189379,0.071074,0.534932
Bump_2911,acg-cg-nvshmem,1,4,55407185,2,acg-results/acg-cg-nvshmem/suitesparse/Bump_2911/Bump_2911-rtol-1e-6-001-nodes-0004-procs-55407185-2-stderr.txt,valid,13.500499,25421.0,9.494322735239237e-07,1e-06,0.144472422307864,2911419,127729899,535.8629063699053,531.0766295582392,23.657796396821652,50844,9.977442,0.389256,0.345624,0.973038,2.6e-05,1.202857,0.072051,0.540204
Bump_2911,acg-cg-nvshmem,1,4,55407185,3,acg-results/acg-cg-nvshmem/suitesparse/Bump_2911/Bump_2911-rtol-1e-6-001-nodes-0004-procs-55407185-3-stderr.txt,valid,13.603941,25644.0,9.784409248774694e-07,1e-06,0.144399160773483,2911419,127729899,536.4531227317142,530.4921619092186,23.5624683174108,51290,10.054288,0.394449,0.350345,0.981292,2.5e-05,1.208519,0.072169,0.542852
Bump_2911,acg-cg-nvshmem,1,4,55407204,1,acg-results/acg-cg-nvshmem/suitesparse/Bump_2911/Bump_2911-rtol-1e-6-001-nodes-0004-procs-55407204-1-stderr.txt,valid,13.578768,25535.0,9.413225641874234e-07,1e-06,0.144428657905765,2911419,127729899,535.1632833123005,531.7708243587233,23.72685620300752,51072,10.027109,0.392356,0.350077,0.982972,2.5e-05,1.211778,0.071939,0.54251
Bump_2911,acg-cg-nvshmem,1,4,55407204,2,acg-results/acg-cg-nvshmem/suitesparse/Bump_2911/Bump_2911-rtol-1e-6-001-nodes-0004-procs-55407204-2-stderr.txt,valid,13.478042,25375.0,9.769119803631734e-07,1e-06,0.144461619371975,2911419,127729899,535.7845173754466,531.1543645320197,23.663422131147538,50752,9.949701,0.390764,0.346811,0.975935,2.5e-05,1.200966,0.071857,0.541983
Bump_2911,acg-cg-nvshmem,1,4,55407204,3,acg-results/acg-cg-nvshmem/suitesparse/Bump_2911/Bump_2911-rtol-1e-6-001-nodes-0004-procs-55407204-3-stderr.txt,valid,13.667997,25682.0,9.894918385334822e-07,1e-06,0.144376784889109,2911419,127729899,534.7301760786163,532.2014251226541,23.737394385391116,51366,10.093696,0.396258,0.353328,0.983894,2.5e-05,1.219295,0.072959,0.548541
Bump_2911,acg-cg-nvshmem,2,8,55407146,1,acg-results/acg-cg-nvshmem/suitesparse/Bump_2911/Bump_2911-rtol-1e-6-002-nodes-0008-procs-55407146-1-stderr.txt,valid,11.451463,25505.0,9.730654780547695e-07,1e-06,0.144436890780221,2911419,127729899,633.8334976566749,448.98894334444225,47.78238453697169,51012,6.816938,0.352088,0.332322,0.62108,2.1e-05,2.437475,0.074858,0.816671
Bump_2911,acg-cg-nvshmem,2,8,55407146,2,acg-results/acg-cg-nvshmem/suitesparse/Bump_2911/Bump_2911-rtol-1e-6-002-nodes-0008-procs-55407146-2-stderr.txt,valid,11.392699,25325.0,9.976675820334006e-07,1e-06,0.144485180971318,2911419,127729899,632.6066833448334,449.85978282329717,47.91155334438916,50652,6.781876,0.352847,0.332161,0.617321,2e-05,2.426816,0.071573,0.810078
Bump_2911,acg-cg-nvshmem,2,8,55407146,3,acg-results/acg-cg-nvshmem/suitesparse/Bump_2911/Bump_2911-rtol-1e-6-002-nodes-0008-procs-55407146-3-stderr.txt,valid,11.400605,25447.0,9.303918732572862e-07,1e-06,0.144446948586847,2911419,127729899,635.2132676530763,448.01371477973834,47.44985853505187,50896,6.794076,0.35266,0.332368,0.618778,2e-05,2.415008,0.071987,0.815703
Bump_2911,acg-cg-nvshmem,2,8,55407186,1,acg-results/acg-cg-nvshmem/suitesparse/Bump_2911/Bump_2911-rtol-1e-6-002-nodes-0008-procs-55407186-1-stderr.txt,valid,11.759879,25804.0,9.990471610702861e-07,1e-06,0.144365311178064,2911419,127729899,624.4459206585374,455.7386064176097,48.46682813408254,51610,7.036782,0.357653,0.337037,0.628773,2e-05,2.501373,0.072916,0.825321
Bump_2911,acg-cg-nvshmem,2,8,55407186,2,acg-results/acg-cg-nvshmem/suitesparse/Bump_2911/Bump_2911-rtol-1e-6-002-nodes-0008-procs-55407186-2-stderr.txt,valid,11.893063,26030.0,9.655601732877756e-07,1e-06,0.144315748914793,2911419,127729899,622.8607542292511,456.89830964271994,48.753870385309824,52062,7.110721,0.361727,0.340645,0.636696,2.1e-05,2.538224,0.074429,0.830597
Bump_2911,acg-cg-nvshmem,2,8,55407186,3,acg-results/acg-cg-nvshmem/suitesparse/Bump_2911/Bump_2911-rtol-1e-6-002-nodes-0008-procs-55407186-3-stderr.txt,valid,11.537331,25323.0,9.910968189818503e-07,1e-06,0.144475737637999,2911419,127729899,624.6269939520674,455.60680014216325,48.38546438161428,50648,6.908946,0.349737,0.329082,0.61548,2e-05,2.450627,0.073088,0.810344
Bump_2911,acg-cg-nvshmem,2,8,55407205,1,acg-results/acg-cg-nvshmem/suitesparse/Bump_2911/Bump_2911-rtol-1e-6-002-nodes-0008-procs-55407205-1-stderr.txt,valid,11.715998,25625.0,8.968754913009366e-07,1e-06,0.144401527712149,2911419,127729899,622.4369213050394,457.2096780487805,48.86638570202139,51252,7.004613,0.357299,0.335771,0.623605,2e-05,2.5045,0.072904,0.817277
Bump_2911,acg-cg-nvshmem,2,8,55407205,2,acg-results/acg-cg-nvshmem/suitesparse/Bump_2911/Bump_2911-rtol-1e-6-002-nodes-0008-procs-55407205-2-stderr.txt,valid,11.589772,25386.0,9.610164299917828e-07,1e-06,0.14449052589533,2911419,127729899,623.347598382781,456.5418734735681,48.780103990231225,50774,6.927813,0.351546,0.330787,0.617891,2e-05,2.476761,0.072335,0.812597
Bump_2911,acg-cg-nvshmem,2,8,55407205,3,acg-results/acg-cg-nvshmem/suitesparse/Bump_2911/Bump_2911-rtol-1e-6-002-nodes-0008-procs-55407205-3-stderr.txt,valid,11.766589,25718.0,9.528699952943497e-07,1e-06,0.144394344616769,2911419,127729899,622.0099219935362,457.52348549653937,49.07097865391344,51438,7.024516,0.358355,0.336605,0.626021,2.1e-05,2.524113,0.074415,0.822539
Bump_2911,acg-cg-nvshmem,4,16,55407152,1,acg-results/acg-cg-nvshmem/suitesparse/Bump_2911/Bump_2911-rtol-1e-6-004-nodes-0016-procs-55407152-1-stderr.txt,valid,12.001588,25350.0,9.482165539528721e-07,1e-06,0.144470005717697,2911419,127729899,601.1047770041764,473.43542406311633,70.34144609680092,50702,6.223287,0.316389,0.304549,0.545814,1.8e-05,3.566452,0.070614,0.974458
Bump_2911,acg-cg-nvshmem,4,16,55407152,2,acg-results/acg-cg-nvshmem/suitesparse/Bump_2911/Bump_2911-rtol-1e-6-004-nodes-0016-procs-55407152-2-stderr.txt,valid,12.064411,25489.0,9.481803037986989e-07,1e-06,0.144454387253921,2911419,127729899,601.2533610441488,473.318333398721,70.18944684189879,50980,6.260719,0.320026,0.307106,0.549571,1.8e-05,3.578258,0.071441,0.977268
Bump_2911,acg-cg-nvshmem,4,16,55407152,3,acg-results/acg-cg-nvshmem/suitesparse/Bump_2911/Bump_2911-rtol-1e-6-004-nodes-0016-procs-55407152-3-stderr.txt,valid,12.281306,25960.0,9.79847204875377e-07,1e-06,0.144324595242985,2911419,127729899,601.5485658541526,473.08574730354394,70.32227186934247,51922,6.366719,0.324072,0.311783,0.559495,1.7e-05,3.651273,0.073262,0.99468
Bump_2911,acg-cg-nvshmem,4,16,55407187,1,acg-results/acg-cg-nvshmem/suitesparse/Bump_2911/Bump_2911-rtol-1e-6-004-nodes-0016-procs-55407187-1-stderr.txt,valid,11.747462,25151.0,9.881956546197704e-07,1e-06,0.144531836948122,2911419,127729899,609.287491615125,467.0773329092283,69.72373966284987,50304,6.051777,0.313784,0.301094,0.541151,1.8e-05,3.507383,0.070343,0.961906
Bump_2911,acg-cg-nvshmem,4,16,55407187,2,acg-results/acg-cg-nvshmem/suitesparse/Bump_2911/Bump_2911-rtol-1e-6-004-nodes-0016-procs-55407187-2-stderr.txt,valid,11.869752,25500.0,9.97950754786714e-07,1e-06,0.144436551106774,2911419,127729899,611.3773882247918,465.48047058823533,69.35198619661973,51002,6.111747,0.318024,0.305204,0.548669,1.7e-05,3.53709,0.072899,0.976098
Bump_2911,acg-cg-nvshmem,4,16,55407187,3,acg-results/acg-cg-nvshmem/suitesparse/Bump_2911/Bump_2911-rtol-1e-6-004-nodes-0016-procs-55407187-3-stderr.txt,valid,12.02698,25837.0,9.963287311557304e-07,1e-06,0.144368927528302,2911419,127729899,611.3587459688134,465.49444594960715,69.15848749903243,51676,6.20375,0.322625,0.309747,0.554841,1.7e-05,3.573834,0.072193,0.989966
Bump_2911,acg-cg-nvshmem,4,16,55407206,1,acg-results/acg-cg-nvshmem/suitesparse/Bump_2911/Bump_2911-rtol-1e-6-004-nodes-0016-procs-55407206-1-stderr.txt,valid,12.057193,25360.0,9.74157864863203e-07,1e-06,0.144492617624697,2911419,127729899,598.5686401732145,475.4413643533123,70.77181499152242,50722,6.2497,0.317707,0.306344,0.548022,1.8e-05,3.589688,0.072923,0.972781
Bump_2911,acg-cg-nvshmem,8,32,55407154,1,acg-results/acg-cg-nvshmem/suitesparse/Bump_2911/Bump_2911-rtol-1e-6-008-nodes-0032-procs-55407154-1-stderr.txt,valid,13.978678,25889.0,9.743546047438699e-07,1e-06,0.144359165696652,2911419,127729899,527.0596588581552,539.9466182548573,105.32869833912707,51780,6.324999,0.273296,0.267164,0.509727,1.8e-05,5.45392,0.073125,1.076409
Bump_2911,acg-cg-nvshmem,8,32,55407154,2,acg-results/acg-cg-nvshmem/suitesparse/Bump_2911/Bump_2911-rtol-1e-6-008-nodes-0032-procs-55407154-2-stderr.txt,valid,13.564529,25438.0,9.649141086287301e-07,1e-06,0.144463841997356,2911419,127729899,533.6900668928497,533.2388159446498,102.79358465348481,50878,6.172698,0.2698,0.262919,0.499548,1.7e-05,5.229932,0.071281,1.058326
Bump_2911,acg-cg-nvshmem,8,32,55407154,3,acg-results/acg-cg-nvshmem/suitesparse/Bump_2911/Bump_2911-rtol-1e-6-008-nodes-0032-procs-55407154-3-stderr.txt,valid,13.805663,25745.0,9.763771163525365e-07,1e-06,0.144384826809112,2911419,127729899,530.6966136791838,536.2463779374635,104.19111706672881,51492,6.255882,0.272546,0.265867,0.505708,1.6e-05,5.365009,0.07195,1.068669
Bump_2911,acg-cg-nvshmem,8,32,55407190,1,acg-results/acg-cg-nvshmem/suitesparse/Bump_2911/Bump_2911-rtol-1e-6-008-nodes-0032-procs-55407190-1-stderr.txt,valid,13.696826,25261.0,9.688593896565582e-07,1e-06,0.144502866128278,2911419,127729899,524.8577147365382,542.212343137643,106.06515715303618,50524,6.190425,0.266463,0.260812,0.496708,1.7e-05,5.358836,0.070034,1.053521
Bump_2911,acg-cg-nvshmem,8,32,55407190,2,acg-results/acg-cg-nvshmem/suitesparse/Bump_2911/Bump_2911-rtol-1e-6-008-nodes-0032-procs-55407190-2-stderr.txt,valid,13.980903,25866.0,9.841531140790945e-07,1e-06,0.144369983832167,2911419,127729899,526.5076265992261,540.5127580607748,105.4531256040515,51734,6.32761,0.274297,0.267277,0.509123,1.6e-05,5.455512,0.073249,1.073804
Bump_2911,acg-cg-nvshmem,8,32,55407190,3,acg-results/acg-cg-nvshmem/suitesparse/Bump_2911/Bump_2911-rtol-1e-6-008-nodes-0032-procs-55407190-3-stderr.txt,valid,13.818833,25548.0,9.704868637857172e-07,1e-06,0.1444468537397,2911419,127729899,526.133974414482,540.8968608110224,105.30629378840659,51098,6.264502,0.270297,0.264293,0.502723,1.6e-05,5.380941,0.072631,1.063423
Bump_2911,acg-cg-nvshmem,8,32,55407207,1,acg-results/acg-cg-nvshmem/suitesparse/Bump_2911/Bump_2911-rtol-1e-6-008-nodes-0032-procs-55407207-1-stderr.txt,valid,13.4768,24971.0,9.92414011695999e-07,1e-06,0.144589617000007,2911419,127729899,527.3030939825477,539.6980497376958,105.80341983020983,49944,6.070941,0.264282,0.257559,0.490518,1.7e-05,5.284246,0.069909,1.039319
Bump_2911,acg-cg-nvshmem,8,32,55407207,2,acg-results/acg-cg-nvshmem/suitesparse/Bump_2911/Bump_2911-rtol-1e-6-008-nodes-0032-procs-55407207-2-stderr.txt,valid,13.728006,25544.0,9.933531212674108e-07,1e-06,0.144417496491245,2911419,127729899,529.5320552823185,537.4258534293767,104.94323742415347,51090,6.199019,0.270715,0.264103,0.502647,1.6e-05,5.36155,0.071944,1.058004
Bump_2911,acg-cg-nvshmem,8,32,55407207,3,acg-results/acg-cg-nvshmem/suitesparse/Bump_2911/Bump_2911-rtol-1e-6-008-nodes-0032-procs-55407207-3-stderr.txt,valid,13.496121,25138.0,9.624881164253588e-07,1e-06,0.144540639662985,2911419,127729899,530.0695061180912,536.8812554698067,104.63668005887267,50278,6.098791,0.265914,0.259847,0.495798,1.6e-05,5.260923,0.070403,1.04442
Queen_4147,acg-cg-nvshmem,1,2,55399441,1,acg-results/acg-cg-nvshmem/suitesparse/Queen_4147/Queen_4147-rtol-1e-6-001-nodes-0002-procs-55399441-1-stderr.txt,valid,49.134852,26645.0,9.574929602920502e-07,1e-06,0.190155768849273,4147110,329499284,379.8664458508596,1844.0552448864703,18.857145537791787,53292,42.73961,1.073963,0.56964,3.107105,4.9e-05,1.004935,0.08142,0.558129
Queen_4147,acg-cg-nvshmem,1,2,55399441,2,acg-results/acg-cg-nvshmem/suitesparse/Queen_4147/Queen_4147-rtol-1e-6-001-nodes-0002-procs-55399441-2-stderr.txt,valid,48.880448,26521.0,9.165569803461633e-07,1e-06,0.190160215487798,4147110,329499284,380.06655253683437,1843.0846499000793,18.799600331800015,53044,42.522745,1.068444,0.566393,3.090736,5e-05,0.997206,0.080638,0.554236
Queen_4147,acg-cg-nvshmem,1,2,55399441,3,acg-results/acg-cg-nvshmem/suitesparse/Queen_4147/Queen_4147-rtol-1e-6-001-nodes-0002-procs-55399441-3-stderr.txt,valid,48.869693,26509.0,9.94788189322065e-07,1e-06,0.190161802996929,4147110,329499284,379.9781947023895,1843.513259647667,18.75882685778951,53020,42.532818,1.063324,0.561931,3.08425,5e-05,0.994593,0.080879,0.551848
Queen_4147,acg-cg-nvshmem,1,2,55399452,1,acg-results/acg-cg-nvshmem/suitesparse/Queen_4147/Queen_4147-rtol-1e-6-001-nodes-0002-procs-55399452-1-stderr.txt,valid,49.069629,26613.0,8.758799551989179e-07,1e-06,0.190156281653587,4147110,329499284,379.91456114885233,1843.8217788298953,18.748196437964978,53228,42.71294,1.068538,0.562857,3.095835,4.9e-05,0.997929,0.082212,0.549269
Queen_4147,acg-cg-nvshmem,1,2,55399452,2,acg-results/acg-cg-nvshmem/suitesparse/Queen_4147/Queen_4147-rtol-1e-6-001-nodes-0002-procs-55399452-2-stderr.txt,valid,48.985846,26559.0,9.832036535837715e-07,1e-06,0.190158475498103,4147110,329499284,379.79217925929055,1844.4160548213413,18.831306475903617,53120,42.631318,1.067431,0.564482,3.092107,5.1e-05,1.000319,0.082731,0.547407
Queen_4147,acg-cg-nvshmem,1,2,55399452,3,acg-results/acg-cg-nvshmem/suitesparse/Queen_4147/Queen_4147-rtol-1e-6-001-nodes-0002-procs-55399452-3-stderr.txt,valid,48.746048,26433.0,9.927035670205352e-07,1e-06,0.190164307412196,4147110,329499284,379.8499116693932,1844.1360420686265,18.808977074979193,52868,42.423765,1.06222,0.560582,3.077185,5.1e-05,0.994393,0.082513,0.545339
Queen_4147,acg-cg-nvshmem,1,2,55399467,1,acg-results/acg-cg-nvshmem/suitesparse/Queen_4147/Queen_4147-rtol-1e-6-001-nodes-0002-procs-55399467-1-stderr.txt,valid,48.657039,26410.0,9.862004681973714e-07,1e-06,0.19016561926182,4147110,329499284,380.2136670229358,1842.3717909882619,18.763829464995645,52822,42.346299,1.061788,0.561639,3.074284,4.8e-05,0.991143,0.079518,0.542318
Queen_4147,acg-cg-nvshmem,1,2,55399467,2,acg-results/acg-cg-nvshmem/suitesparse/Queen_4147/Queen_4147-rtol-1e-6-001-nodes-0002-procs-55399467-2-stderr.txt,valid,48.355726,26230.0,9.994540434477469e-07,1e-06,0.190174231210752,4147110,329499284,379.97540734737396,1843.527487609607,18.75950211581716,52462,42.082955,1.05445,0.559485,3.055657,4.9e-05,0.984161,0.081523,0.537446
Queen_4147,acg-cg-nvshmem,1,2,55399467,3,acg-results/acg-cg-nvshmem/suitesparse/Queen_4147/Queen_4147-rtol-1e-6-001-nodes-0002-procs-55399467-3-stderr.txt,valid,48.750655,26421.0,9.532237013816843e-07,1e-06,0.190165074260116,4147110,329499284,379.6415943748038,1845.1479883426064,18.852830974188176,52844,42.425601,1.061568,0.564524,3.078483,5.1e-05,0.996259,0.08359,0.540578
Queen_4147,acg-cg-nvshmem,1,4,55399442,1,acg-results/acg-cg-nvshmem/suitesparse/Queen_4147/Queen_4147-rtol-1e-6-001-nodes-0004-procs-55399442-1-stderr.txt,valid,26.973751,26418.0,9.753822041922058e-07,1e-06,0.190165254608398,4147110,329499284,686.0623493563056,1021.0368309485956,23.541087853438814,52838,22.831297,0.494025,0.375919,1.41425,3.1e-05,1.243864,0.073693,0.540671
Queen_4147,acg-cg-nvshmem,1,4,55399442,2,acg-results/acg-cg-nvshmem/suitesparse/Queen_4147/Queen_4147-rtol-1e-6-001-nodes-0004-procs-55399442-2-stderr.txt,valid,27.022342,26456.0,9.361686508187643e-07,1e-06,0.190163269045241,4147110,329499284,685.8137177523695,1021.4069398246145,23.640756699550213,52914,22.865596,0.493699,0.377169,1.418313,3.1e-05,1.250927,0.07487,0.541736
Queen_4147,acg-cg-nvshmem,1,4,55399442,3,acg-results/acg-cg-nvshmem/suitesparse/Queen_4147/Queen_4147-rtol-1e-6-001-nodes-0004-procs-55399442-3-stderr.txt,valid,26.853813,26286.0,9.668069163456374e-07,1e-06,0.190171843820499,4147110,329499284,685.6833696516767,1021.601346724492,23.505668201011908,52574,22.729049,0.491764,0.374124,1.409969,3.2e-05,1.235787,0.073361,0.539726
Queen_4147,acg-cg-nvshmem,1,4,55399453,1,acg-results/acg-cg-nvshmem/suitesparse/Queen_4147/Queen_4147-rtol-1e-6-001-nodes-0004-procs-55399453-1-stderr.txt,valid,27.122898,26571.0,9.842742220337248e-07,1e-06,0.190158914926948,4147110,329499284,686.2410809204828,1020.7706898498361,23.585202468764113,53144,22.953503,0.496141,0.378855,1.421747,3.1e-05,1.253412,0.074611,0.544598
Queen_4147,acg-cg-nvshmem,1,4,55399453,2,acg-results/acg-cg-nvshmem/suitesparse/Queen_4147/Queen_4147-rtol-1e-6-001-nodes-0004-procs-55399453-2-stderr.txt,valid,27.25747,26690.0,9.717483939680113e-07,1e-06,0.190153284656737,4147110,329499284,685.9111550598055,1021.2615211689772,23.65894870930276,53382,23.06188,0.500829,0.38139,1.428165,3.1e-05,1.262962,0.075007,0.547206
Queen_4147,acg-cg-nvshmem,1,4,55399453,3,acg-results/acg-cg-nvshmem/suitesparse/Queen_4147/Queen_4147-rtol-1e-6-001-nodes-0004-procs-55399453-3-stderr.txt,valid,26.875498,26311.0,9.555306698737778e-07,1e-06,0.190170833732329,4147110,329499284,685.7817007720564,1021.4548287788379,23.705058528428093,52624,22.739985,0.493025,0.376287,1.406228,3.1e-05,1.247455,0.073654,0.538832
Queen_4147,acg-cg-nvshmem,1,4,55399468,1,acg-results/acg-cg-nvshmem/suitesparse/Queen_4147/Queen_4147-rtol-1e-6-001-nodes-0004-procs-55399468-1-stderr.txt,valid,26.594809,26054.0,9.74321974432469e-07,1e-06,0.190182271206341,4147110,329499284,686.2506146541605,1020.7572349735165,23.467626175398195,52110,22.511513,0.487087,0.371099,1.392543,3.2e-05,1.222898,0.07332,0.536315
Queen_4147,acg-cg-nvshmem,1,4,55399468,2,acg-results/acg-cg-nvshmem/suitesparse/Queen_4147/Queen_4147-rtol-1e-6-001-nodes-0004-procs-55399468-2-stderr.txt,valid,26.555267,25973.0,9.83747736893235e-07,1e-06,0.190187438598374,4147110,329499284,685.1358707766711,1022.4181650175183,23.681181181181177,51948,22.466378,0.489321,0.371556,1.389803,3e-05,1.23019,0.073409,0.534578
Queen_4147,acg-cg-nvshmem,1,4,55399468,3,acg-results/acg-cg-nvshmem/suitesparse/Queen_4147/Queen_4147-rtol-1e-6-001-nodes-0004-procs-55399468-3-stderr.txt,valid,26.937532,26374.0,9.353403584205759e-07,1e-06,0.190166895854972,4147110,329499284,685.8406448155681,1021.3669523015091,23.425725118483417,52750,22.803554,0.494164,0.375616,1.410998,3.2e-05,1.235707,0.074517,0.542945
Queen_4147,acg-cg-nvshmem,2,8,55399443,1,acg-results/acg-cg-nvshmem/suitesparse/Queen_4147/Queen_4147-rtol-1e-6-002-nodes-0008-procs-55399443-1-stderr.txt,valid,18.245986,26483.0,9.845451998014952e-07,1e-06,0.190162608674164,4147110,329499284,1016.7280359873126,688.9697541819279,55.27237199818759,52968,13.030658,0.38989,0.352247,0.805381,2.2e-05,2.927667,0.076982,0.663129
Queen_4147,acg-cg-nvshmem,2,8,55399443,2,acg-results/acg-cg-nvshmem/suitesparse/Queen_4147/Queen_4147-rtol-1e-6-002-nodes-0008-procs-55399443-2-stderr.txt,valid,18.09443,26264.0,9.260995447303736e-07,1e-06,0.190171934447579,4147110,329499284,1016.7660795692377,688.944182150472,55.183152484294695,52530,12.934571,0.384706,0.347259,0.797021,2.2e-05,2.898771,0.075836,0.656233
Queen_4147,acg-cg-nvshmem,2,8,55399443,3,acg-results/acg-cg-nvshmem/suitesparse/Queen_4147/Queen_4147-rtol-1e-6-002-nodes-0008-procs-55399443-3-stderr.txt,valid,18.278845,26540.0,9.517429870260492e-07,1e-06,0.190160021847085,4147110,329499284,1017.0846287885257,688.7281461944235,55.119908820315736,53082,13.06737,0.389566,0.351296,0.801695,2.2e-05,2.925875,0.076662,0.666354
Queen_4147,acg-cg-nvshmem,2,8,55399454,1,acg-results/acg-cg-nvshmem/suitesparse/Queen_4147/Queen_4147-rtol-1e-6-002-nodes-0008-procs-55399454-1-stderr.txt,valid,18.183337,26252.0,9.937501838084116e-07,1e-06,0.19017348634699,4147110,329499284,1011.332354293604,692.645779369191,56.15537271930827,52506,12.969605,0.386427,0.348482,0.795221,2.2e-05,2.948494,0.076062,0.659016
Queen_4147,acg-cg-nvshmem,2,8,55399470,1,acg-results/acg-cg-nvshmem/suitesparse/Queen_4147/Queen_4147-rtol-1e-6-002-nodes-0008-procs-55399470-1-stderr.txt,valid,18.385082,26407.0,9.934517537686954e-07,1e-06,0.190165872492749,4147110,329499284,1006.140185595256,696.2200174196236,56.58953726143593,52816,13.116949,0.388371,0.350423,0.801312,2.3e-05,2.988833,0.077288,0.661875
Queen_4147,acg-cg-nvshmem,2,8,55399470,2,acg-results/acg-cg-nvshmem/suitesparse/Queen_4147/Queen_4147-rtol-1e-6-002-nodes-0008-procs-55399470-2-stderr.txt,valid,18.245652,26226.0,9.495723829192768e-07,1e-06,0.190175766647757,4147110,329499284,1006.8801490763936,695.7085335163578,56.62517634498799,52454,13.011171,0.385853,0.348368,0.795759,2.2e-05,2.970217,0.076389,0.657863
Queen_4147,acg-cg-nvshmem,2,8,55399470,3,acg-results/acg-cg-nvshmem/suitesparse/Queen_4147/Queen_4147-rtol-1e-6-002-nodes-0008-procs-55399470-3-stderr.txt,valid,18.176833,26144.0,9.871675637548281e-07,1e-06,0.190179128871344,4147110,329499284,1007.5322963565767,695.2583001835985,56.62428762669727,52290,12.967797,0.383188,0.34461,0.791145,2.1e-05,2.960884,0.076655,0.652528
Queen_4147,acg-cg-nvshmem,4,16,55399444,1,acg-results/acg-cg-nvshmem/suitesparse/Queen_4147/Queen_4147-rtol-1e-6-004-nodes-0016-procs-55399444-1-stderr.txt,valid,14.909506,26234.0,9.66198272801579e-07,1e-06,0.190174015348366,4147110,329499284,1232.5551606538809,568.3275901501869,77.03259005145797,52470,8.619192,0.350134,0.334355,0.604073,1.8e-05,4.0419,0.074202,0.885625
Queen_4147,acg-cg-nvshmem,4,16,55399444,2,acg-results/acg-cg-nvshmem/suitesparse/Queen_4147/Queen_4147-rtol-1e-6-004-nodes-0016-procs-55399444-2-stderr.txt,valid,15.074771,26306.0,9.898352508491524e-07,1e-06,0.190171370599082,4147110,329499284,1222.388212676398,573.0544742644264,78.45121070437527,52614,8.681641,0.353932,0.336648,0.60916,1.9e-05,4.127632,0.07527,0.890462
Queen_4147,acg-cg-nvshmem,4,16,55399444,3,acg-results/acg-cg-nvshmem/suitesparse/Queen_4147/Queen_4147-rtol-1e-6-004-nodes-0016-procs-55399444-3-stderr.txt,valid,14.772629,25777.0,9.446911563919706e-07,1e-06,0.190196322106191,4147110,329499284,1222.30605837485,573.0934166117081,78.17736053999533,51556,8.520356,0.347046,0.330023,0.59789,1.9e-05,4.030512,0.075011,0.871765
Queen_4147,acg-cg-nvshmem,4,16,55399456,1,acg-results/acg-cg-nvshmem/suitesparse/Queen_4147/Queen_4147-rtol-1e-6-004-nodes-0016-procs-55399456-1-stderr.txt,valid,15.136133,26591.0,9.518198679194224e-07,1e-06,0.190157395039356,4147110,329499284,1230.6218658739324,569.2201496747019,77.80840102286403,53184,8.71532,0.356728,0.339095,0.614728,1.8e-05,4.138162,0.074634,0.897439
Queen_4147,acg-cg-nvshmem,4,16,55399456,2,acg-results/acg-cg-nvshmem/suitesparse/Queen_4147/Queen_4147-rtol-1e-6-004-nodes-0016-procs-55399456-2-stderr.txt,valid,14.641638,25862.0,9.651999499122988e-07,1e-06,0.190192679090175,4147110,329499284,1237.307864502865,566.1448457195886,76.73228163786104,51726,8.456279,0.345847,0.330375,0.597257,1.9e-05,3.969054,0.073623,0.869175
Queen_4147,acg-cg-nvshmem,4,16,55399456,3,acg-results/acg-cg-nvshmem/suitesparse/Queen_4147/Queen_4147-rtol-1e-6-004-nodes-0016-procs-55399456-3-stderr.txt,valid,15.185269,26749.0,9.847554917594708e-07,1e-06,0.190151144633375,4147110,329499284,1233.9281208729328,567.6948297132603,77.26405607476636,53500,8.75951,0.35686,0.340836,0.618438,1.9e-05,4.133627,0.076685,0.899286
Queen_4147,acg-cg-nvshmem,4,16,55399471,1,acg-results/acg-cg-nvshmem/suitesparse/Queen_4147/Queen_4147-rtol-1e-6-004-nodes-0016-procs-55399471-1-stderr.txt,valid,14.965186,26186.0,9.682674600473892e-07,1e-06,0.190176871121962,4147110,329499284,1225.7225549375732,571.4956847170243,78.0019666246611,52374,8.633153,0.350072,0.335604,0.606191,1.8e-05,4.085275,0.073776,0.881077
Queen_4147,acg-cg-nvshmem,4,16,55399471,2,acg-results/acg-cg-nvshmem/suitesparse/Queen_4147/Queen_4147-rtol-1e-6-004-nodes-0016-procs-55399471-2-stderr.txt,valid,15.020775,26257.0,9.986556801092001e-07,1e-06,0.190173089109677,4147110,329499284,1224.497362184308,572.0674486803518,78.19237946530582,52516,8.6654,0.350142,0.335336,0.608325,1.9e-05,4.106351,0.074728,0.880457
Queen_4147,acg-cg-nvshmem,4,16,55399471,3,acg-results/acg-cg-nvshmem/suitesparse/Queen_4147/Queen_4147-rtol-1e-6-004-nodes-0016-procs-55399471-3-stderr.txt,valid,15.261105,26701.0,9.762739138881373e-07,1e-06,0.190153197291599,4147110,329499284,1225.5932907909355,571.5555597168646,78.10207100591717,53404,8.796977,0.356309,0.34152,0.617309,1.9e-05,4.170963,0.074935,0.90306
Queen_4147,acg-cg-nvshmem,8,32,55399445,1,acg-results/acg-cg-nvshmem/suitesparse/Queen_4147/Queen_4147-rtol-1e-6-008-nodes-0032-procs-55399445-1-stderr.txt,valid,14.929105,26539.0,9.89232785436127e-07,1e-06,0.190160907938406,4147110,329499284,1245.247575915636,562.534571762312,107.47175960813867,53080,7.018918,0.307856,0.299529,0.546323,1.8e-05,5.704601,0.076721,0.975125
Queen_4147,acg-cg-nvshmem,8,32,55399445,2,acg-results/acg-cg-nvshmem/suitesparse/Queen_4147/Queen_4147-rtol-1e-6-008-nodes-0032-procs-55399445-2-stderr.txt,valid,14.784483,26281.0,9.073027867508875e-07,1e-06,0.190172510859816,4147110,329499284,1245.2048974249556,562.5540504547012,107.66988813636709,52564,6.946113,0.303718,0.295188,0.541083,1.7e-05,5.65956,0.074715,0.964081
Queen_4147,acg-cg-nvshmem,8,32,55399445,3,acg-results/acg-cg-nvshmem/suitesparse/Queen_4147/Queen_4147-rtol-1e-6-008-nodes-0032-procs-55399445-3-stderr.txt,valid,14.677332,26150.0,9.804708880942138e-07,1e-06,0.190178612342749,4147110,329499284,1248.0435211922713,561.2746462715105,107.23368131237811,52302,6.901637,0.303286,0.294723,0.536912,1.7e-05,5.608536,0.074214,0.957993
Queen_4147,acg-cg-nvshmem,8,32,55399457,1,acg-results/acg-cg-nvshmem/suitesparse/Queen_4147/Queen_4147-rtol-1e-6-008-nodes-0032-procs-55399457-1-stderr.txt,valid,14.875401,26527.0,9.991856833634133e-07,1e-06,0.190160834444771,4147110,329499284,1249.178168428804,560.7645417876126,107.0825542822678,53056,6.995645,0.306745,0.297785,0.546715,1.9e-05,5.681372,0.076153,0.970954
Queen_4147,acg-cg-nvshmem,8,32,55399457,2,acg-results/acg-cg-nvshmem/suitesparse/Queen_4147/Queen_4147-rtol-1e-6-008-nodes-0032-procs-55399457-2-stderr.txt,valid,15.064137,26835.0,9.684838988493104e-07,1e-06,0.190146761381116,4147110,329499284,1247.8491687620738,561.3615427613192,107.51423461022507,53672,7.070935,0.309057,0.299881,0.552567,1.8e-05,5.770504,0.076678,0.984484
Queen_4147,acg-cg-nvshmem,8,32,55399457,3,acg-results/acg-cg-nvshmem/suitesparse/Queen_4147/Queen_4147-rtol-1e-6-008-nodes-0032-procs-55399457-3-stderr.txt,valid,14.736363,26294.0,9.590989083136687e-07,1e-06,0.190171307304713,4147110,329499284,1249.8889137828648,560.4458431581351,107.02142992964441,52590,6.926228,0.304874,0.29669,0.540653,1.7e-05,5.628257,0.075029,0.964603
Queen_4147,acg-cg-nvshmem,8,32,55399472,1,acg-results/acg-cg-nvshmem/suitesparse/Queen_4147/Queen_4147-rtol-1e-6-008-nodes-0032-procs-55399472-1-stderr.txt,valid,14.763428,26269.0,9.82285555995257e-07,1e-06,0.190173615478631,4147110,329499284,1246.411402655264,562.0095169210856,107.68424057860678,52540,6.927979,0.303707,0.294943,0.540787,1.8e-05,5.65773,0.074231,0.964019
Queen_4147,acg-cg-nvshmem,8,32,55399472,2,acg-results/acg-cg-nvshmem/suitesparse/Queen_4147/Queen_4147-rtol-1e-6-008-nodes-0032-procs-55399472-2-stderr.txt,valid,14.910697,26413.0,9.686591415166237e-07,1e-06,0.190166503402387,4147110,329499284,1240.8657109504672,564.5211448907736,108.60698871810403,52828,6.983368,0.30627,0.297897,0.54548,1.7e-05,5.73749,0.075376,0.964787
Queen_4147,acg-cg-nvshmem,8,32,55399472,3,acg-results/acg-cg-nvshmem/suitesparse/Queen_4147/Queen_4147-rtol-1e-6-008-nodes-0032-procs-55399472-3-stderr.txt,valid,15.130225,26906.0,9.96961567134468e-07,1e-06,0.190143731477355,4147110,329499284,1245.6856510723403,562.3364677023711,107.937172482997,53814,7.086261,0.311442,0.303226,0.554973,1.8e-05,5.808531,0.076226,0.98954
Bump_2911,acg-cg-oshmpi,1,2,56216554,1,acg-results/acg-cg-oshmpi/suitesparse/Bump_2911/Bump_2911-rtol-1e-6-001-nodes-0002-procs-56216554-1-stderr.txt,valid,22.900127,26073.0,8.856884910916242e-07,1e-06,0.144279461036135,2911419,127729899,324.01387432305506,878.3080964982933,26.85888241159776,52148,17.096466,0.762317,0.396899,2.09224,3.4e-05,1.400637,0.07687,1.074663
Bump_2911,acg-cg-oshmpi,1,2,56216554,2,acg-results/acg-cg-oshmpi/suitesparse/Bump_2911/Bump_2911-rtol-1e-6-001-nodes-0002-procs-56216554-2-stderr.txt,valid,22.176521,25264.0,9.856958618733971e-07,1e-06,0.144507810698551,2911419,127729899,324.2049785657543,877.79136320456,26.65996437759747,50530,16.560432,0.742283,0.384994,2.029,3.4e-05,1.347128,0.074067,1.038583
Bump_2911,acg-cg-oshmpi,1,2,56216554,3,acg-results/acg-cg-oshmpi/suitesparse/Bump_2911/Bump_2911-rtol-1e-6-001-nodes-0002-procs-56216554-3-stderr.txt,valid,26.034958,29636.0,9.81222682533489e-07,1e-06,0.144131950228856,2911419,127729899,323.9450584481066,878.490956944257,26.83053277997098,59274,19.434062,0.868346,0.452935,2.378725,3.4e-05,1.590353,0.086616,1.223886
Bump_2911,acg-cg-oshmpi,1,2,56216560,1,acg-results/acg-cg-oshmpi/suitesparse/Bump_2911/Bump_2911-rtol-1e-6-001-nodes-0002-procs-56216560-1-stderr.txt,valid,22.628946,25659.0,9.95439642718146e-07,1e-06,0.144392064180119,2911419,127729899,322.69047090076583,881.9106746170934,27.432346063912707,51320,16.828477,0.753949,0.394801,2.063881,3.5e-05,1.407828,0.0781,1.101874
Bump_2911,acg-cg-oshmpi,1,2,56216560,2,acg-results/acg-cg-oshmpi/suitesparse/Bump_2911/Bump_2911-rtol-1e-6-001-nodes-0002-procs-56216560-2-stderr.txt,valid,22.490056,25493.0,9.975159545012799e-07,1e-06,0.144438932215547,2911419,127729899,322.58283210677644,882.2051543560978,27.51616066525457,50988,16.716494,0.750793,0.393152,2.049092,3.5e-05,1.402994,0.077498,1.099998
Bump_2911,acg-cg-oshmpi,1,2,56216560,3,acg-results/acg-cg-oshmpi/suitesparse/Bump_2911/Bump_2911-rtol-1e-6-001-nodes-0002-procs-56216560-3-stderr.txt,valid,25.225394,28608.0,9.887988405063474e-07,1e-06,0.144339655452523,2911419,127729899,322.74437145917324,881.7601370246085,27.425355657310636,57218,18.755411,0.84328,0.438533,2.298709,3.6e-05,1.569224,0.086492,1.233708
Bump_2911,acg-cg-oshmpi,1,2,56216568,1,acg-results/acg-cg-oshmpi/suitesparse/Bump_2911/Bump_2911-rtol-1e-6-001-nodes-0002-procs-56216568-1-stderr.txt,valid,25.490191,29003.0,9.894195713621684e-07,1e-06,0.144375726968783,2911419,127729899,323.8014441162877,878.8811847050306,27.09993449179424,58008,19.007041,0.852463,0.447047,2.328752,3.5e-05,1.572013,0.08584,1.196999
Bump_2911,acg-cg-oshmpi,1,2,56216568,2,acg-results/acg-cg-oshmpi/suitesparse/Bump_2911/Bump_2911-rtol-1e-6-001-nodes-0002-procs-56216568-2-stderr.txt,valid,23.879444,27180.0,9.844024901079448e-07,1e-06,0.144323044905657,2911419,127729899,323.918022399349,878.566740250184,26.892204113167285,54362,17.822201,0.79874,0.416792,2.181919,3.5e-05,1.461914,0.080576,1.117265
Bump_2911,acg-cg-oshmpi,1,2,56216568,3,acg-results/acg-cg-oshmpi/suitesparse/Bump_2911/Bump_2911-rtol-1e-6-001-nodes-0002-procs-56216568-3-stderr.txt,valid,22.616989,25747.0,9.751707593262232e-07,1e-06,0.144361471472253,2911419,127729899,323.9683121246599,878.4320114964851,26.935781419916108,51496,16.880692,0.755358,0.393398,2.064767,3.4e-05,1.387085,0.07582,1.059833
Bump_2911,acg-cg-oshmpi,1,4,56216555,1,acg-results/acg-cg-oshmpi/suitesparse/Bump_2911/Bump_2911-rtol-1e-6-001-nodes-0004-procs-56216555-1-stderr.txt,valid,12.715619,24993.0,9.972954644036038e-07,1e-06,0.144599183796928,2911419,127729899,559.3608116694909,508.76721482014966,27.784688325198044,49988,8.400978,0.376466,0.341377,0.910141,2.3e-05,1.388901,0.073827,1.223905
Bump_2911,acg-cg-oshmpi,1,4,56216555,2,acg-results/acg-cg-oshmpi/suitesparse/Bump_2911/Bump_2911-rtol-1e-6-001-nodes-0004-procs-56216555-2-stderr.txt,valid,12.894379,25357.0,9.432652836400332e-07,1e-06,0.144475389592636,2911419,127729899,559.6395062028191,508.5135859920338,27.78616215789889,50716,8.521871,0.379664,0.347,0.925917,2.3e-05,1.409203,0.07444,1.236261
Bump_2911,acg-cg-oshmpi,1,4,56216555,3,acg-results/acg-cg-oshmpi/suitesparse/Bump_2911/Bump_2911-rtol-1e-6-001-nodes-0004-procs-56216555-3-stderr.txt,valid,13.139676,25830.0,9.516962132884062e-07,1e-06,0.144360125837333,2911419,127729899,559.4359703143366,508.6982578397213,27.70711548139832,51662,8.684313,0.388661,0.353743,0.945092,2.4e-05,1.431405,0.076375,1.260063
Bump_2911,acg-cg-oshmpi,1,4,56216563,1,acg-results/acg-cg-oshmpi/suitesparse/Bump_2911/Bump_2911-rtol-1e-6-001-nodes-0004-procs-56216563-1-stderr.txt,valid,13.096043,25707.0,9.791617718562019e-07,1e-06,0.144391998144541,2911419,127729899,558.6271205853554,509.43490099972774,27.866500700171155,51416,8.652629,0.387993,0.352644,0.940798,2.4e-05,1.432784,0.076495,1.252675
Bump_2911,acg-cg-oshmpi,1,4,56216563,2,acg-results/acg-cg-oshmpi/suitesparse/Bump_2911/Bump_2911-rtol-1e-6-001-nodes-0004-procs-56216563-2-stderr.txt,valid,13.382118,26235.0,9.844624369814786e-07,1e-06,0.144533470799936,2911419,127729899,557.9131687387601,510.0864493996569,27.974767495044976,52472,8.835773,0.395985,0.361772,0.961711,2.3e-05,1.467892,0.077852,1.281109
Bump_2911,acg-cg-oshmpi,1,4,56216563,3,acg-results/acg-cg-oshmpi/suitesparse/Bump_2911/Bump_2911-rtol-1e-6-001-nodes-0004-procs-56216563-3-stderr.txt,valid,13.175512,25840.0,8.84367747357878e-07,1e-06,0.144372978478065,2911419,127729899,558.1303506502063,509.88823529411764,27.890658256259435,51682,8.698734,0.387848,0.352947,0.951967,2.3e-05,1.441445,0.076888,1.26566
Bump_2911,acg-cg-oshmpi,1,4,56216569,1,acg-results/acg-cg-oshmpi/suitesparse/Bump_2911/Bump_2911-rtol-1e-6-001-nodes-0004-procs-56216569-1-stderr.txt,valid,12.85227,25251.0,9.667666944521063e-07,1e-06,0.144530790369261,2911419,127729899,559.1260573909511,508.9806344303196,27.781660858545855,50504,8.484002,0.380955,0.345443,0.928701,2.4e-05,1.403085,0.074751,1.235307
Bump_2911,acg-cg-oshmpi,1,4,56216569,2,acg-results/acg-cg-oshmpi/suitesparse/Bump_2911/Bump_2911-rtol-1e-6-001-nodes-0004-procs-56216569-2-stderr.txt,valid,13.106476,25736.0,9.583712601350324e-07,1e-06,0.144379514962441,2911419,127729899,558.8121046270561,509.2662418402238,27.690231961767108,51474,8.653867,0.390568,0.354846,0.945741,2.4e-05,1.425327,0.076711,1.259392
Bump_2911,acg-cg-oshmpi,1,4,56216569,3,acg-results/acg-cg-oshmpi/suitesparse/Bump_2911/Bump_2911-rtol-1e-6-001-nodes-0004-procs-56216569-3-stderr.txt,valid,12.771025,25107.0,9.637593861021827e-07,1e-06,0.144520300465318,2911419,127729899,559.4743099596157,508.6639184291233,27.856201210769477,50216,8.430846,0.375022,0.340686,0.915629,2.3e-05,1.398827,0.073903,1.236089
Bump_2911,acg-cg-oshmpi,2,8,56216556,1,acg-results/acg-cg-oshmpi/suitesparse/Bump_2911/Bump_2911-rtol-1e-6-002-nodes-0008-procs-56216556-1-stderr.txt,valid,9.688351,25895.0,9.243348652020424e-07,1e-06,0.144333073738131,2911419,127729899,760.6356026836764,374.139833944777,28.875424776027184,51792,4.535094,0.353013,0.338964,0.624552,1.9e-05,1.495516,0.070681,2.270509
Bump_2911,acg-cg-oshmpi,2,8,56216556,2,acg-results/acg-cg-oshmpi/suitesparse/Bump_2911/Bump_2911-rtol-1e-6-002-nodes-0008-procs-56216556-2-stderr.txt,valid,9.521082,25556.0,9.421439485814017e-07,1e-06,0.144441816062645,2911419,127729899,763.8663462791309,372.5575989982783,28.376041788942363,51114,4.476309,0.344986,0.331249,0.613812,1.9e-05,1.450413,0.070348,2.233944
Bump_2911,acg-cg-oshmpi,2,8,56216556,3,acg-results/acg-cg-oshmpi/suitesparse/Bump_2911/Bump_2911-rtol-1e-6-002-nodes-0008-procs-56216556-3-stderr.txt,valid,9.648852,25809.0,9.812556595244847e-07,1e-06,0.144360482553016,2911419,127729899,761.2129752770588,373.85609671044983,28.717609453700117,51620,4.522014,0.351951,0.336997,0.623873,1.9e-05,1.482403,0.07105,2.260543
Bump_2911,acg-cg-oshmpi,2,8,56216564,1,acg-results/acg-cg-oshmpi/suitesparse/Bump_2911/Bump_2911-rtol-1e-6-002-nodes-0008-procs-56216564-1-stderr.txt,valid,9.560252,25635.0,9.782277137566072e-07,1e-06,0.144423112573228,2911419,127729899,763.0881973629984,372.9374683050517,28.88098767358402,51272,4.474148,0.349864,0.334253,0.61626,1.9e-05,1.480786,0.065824,2.239096
Bump_2911,acg-cg-oshmpi,2,8,56216564,2,acg-results/acg-cg-oshmpi/suitesparse/Bump_2911/Bump_2911-rtol-1e-6-002-nodes-0008-procs-56216564-2-stderr.txt,valid,9.185323,24615.0,9.910623728785491e-07,1e-06,0.144696490176649,2911419,127729899,762.6351296798164,373.15957749339833,28.505382677933053,49232,4.308515,0.336485,0.320473,0.597048,1.9e-05,1.403377,0.06802,2.151386
Bump_2911,acg-cg-oshmpi,2,8,56216564,3,acg-results/acg-cg-oshmpi/suitesparse/Bump_2911/Bump_2911-rtol-1e-6-002-nodes-0008-procs-56216564-3-stderr.txt,valid,9.615558,25778.0,9.808894967937546e-07,1e-06,0.144400025470248,2911419,127729899,762.9312355351608,373.01412056792617,28.531537297800533,51558,4.5102,0.353161,0.33759,0.624261,1.9e-05,1.471029,0.070122,2.249172
Bump_2911,acg-cg-oshmpi,2,8,56216570,1,acg-results/acg-cg-oshmpi/suitesparse/Bump_2911/Bump_2911-rtol-1e-6-002-nodes-0008-procs-56216570-1-stderr.txt,valid,9.345292,24678.0,9.913253404462605e-07,1e-06,0.144678593866907,2911419,127729899,751.4990605429986,378.68919685549884,29.132015073544306,49358,4.33119,0.335096,0.322685,0.597185,1.9e-05,1.437898,0.066859,2.254357
Bump_2911,acg-cg-oshmpi,2,8,56216570,2,acg-results/acg-cg-oshmpi/suitesparse/Bump_2911/Bump_2911-rtol-1e-6-002-nodes-0008-procs-56216570-2-stderr.txt,valid,9.791427,25887.0,9.869385384817808e-07,1e-06,0.144344187527885,2911419,127729899,752.3957549795346,378.2372233167227,29.17067753399258,51776,4.540593,0.350852,0.335302,0.620921,1.9e-05,1.510341,0.0704,2.362997
Bump_2911,acg-cg-oshmpi,2,8,56216570,3,acg-results/acg-cg-oshmpi/suitesparse/Bump_2911/Bump_2911-rtol-1e-6-002-nodes-0008-procs-56216570-3-stderr.txt,valid,9.440616,24959.0,9.255946085314e-07,1e-06,0.14458475082116,2911419,127729899,752.3813540480833,378.2449617372491,28.887960737179483,49920,4.374472,0.340085,0.32533,0.603743,1.9e-05,1.442087,0.069018,2.28586
Bump_2911,acg-cg-oshmpi,4,16,56216557,1,acg-results/acg-cg-oshmpi/suitesparse/Bump_2911/Bump_2911-rtol-1e-6-004-nodes-0016-procs-56216557-1-stderr.txt,valid,8.325269,24887.0,9.284093553925981e-07,1e-06,0.144611031268251,2911419,127729899,850.7177512212519,334.52280306987586,32.63621022179364,49776,2.390864,0.303685,0.29386,0.510112,1.7e-05,1.6245,0.063746,3.13848
Bump_2911,acg-cg-oshmpi,4,16,56216557,2,acg-results/acg-cg-oshmpi/suitesparse/Bump_2911/Bump_2911-rtol-1e-6-004-nodes-0016-procs-56216557-2-stderr.txt,valid,8.628914,25827.0,9.997459640947108e-07,1e-06,0.144360640369553,2911419,127729899,851.7820053267421,334.1043868819453,32.4933212017965,51656,2.482017,0.315772,0.306083,0.529286,1.7e-05,1.678475,0.066175,3.251084
Bump_2911,acg-cg-oshmpi,4,16,56216557,3,acg-results/acg-cg-oshmpi/suitesparse/Bump_2911/Bump_2911-rtol-1e-6-004-nodes-0016-procs-56216557-3-stderr.txt,valid,8.197612,24569.0,9.436529916542184e-07,1e-06,0.144704340038209,2911419,127729899,852.9263880515448,333.6567218853026,32.289133089133095,49140,2.360619,0.29993,0.290314,0.503485,1.6e-05,1.586688,0.062948,3.093608
Bump_2911,acg-cg-oshmpi,4,16,56216565,1,acg-results/acg-cg-oshmpi/suitesparse/Bump_2911/Bump_2911-rtol-1e-6-004-nodes-0016-procs-56216565-1-stderr.txt,valid,8.524174,25857.0,9.775762818139946e-07,1e-06,0.144331864002967,2911419,127729899,863.2497284020716,329.66600920447075,31.714575759919562,51716,2.490266,0.316625,0.307165,0.528643,1.6e-05,1.640151,0.066289,3.175015
Bump_2911,acg-cg-oshmpi,4,16,56216565,2,acg-results/acg-cg-oshmpi/suitesparse/Bump_2911/Bump_2911-rtol-1e-6-004-nodes-0016-procs-56216565-2-stderr.txt,valid,8.375964,25430.0,9.85199287956506e-07,1e-06,0.14446427885852,2911419,127729899,864.0172996775059,329.37333857648446,31.45230230820652,50862,2.450694,0.311755,0.301393,0.52204,1.6e-05,1.599727,0.065207,3.125128
Bump_2911,acg-cg-oshmpi,4,16,56216565,3,acg-results/acg-cg-oshmpi/suitesparse/Bump_2911/Bump_2911-rtol-1e-6-004-nodes-0016-procs-56216565-3-stderr.txt,valid,8.507488,25776.0,9.858672000346966e-07,1e-06,0.144374648886205,2911419,127729899,862.2334110049876,330.0546244568591,31.822729565116195,51554,2.483001,0.316933,0.30707,0.528998,1.6e-05,1.640589,0.066065,3.164812
Bump_2911,acg-cg-oshmpi,4,16,56216571,1,acg-results/acg-cg-oshmpi/suitesparse/Bump_2911/Bump_2911-rtol-1e-6-004-nodes-0016-procs-56216571-1-stderr.txt,valid,8.425104,25531.0,9.894551083364074e-07,1e-06,0.144446040758568,2911419,127729899,862.3893272135276,329.99506482315616,31.748198339338863,51064,2.461892,0.31257,0.302024,0.523111,1.7e-05,1.62119,0.065431,3.138866
Bump_2911,acg-cg-oshmpi,4,16,56216571,2,acg-results/acg-cg-oshmpi/suitesparse/Bump_2911/Bump_2911-rtol-1e-6-004-nodes-0016-procs-56216571-2-stderr.txt,valid,8.444276,25565.0,9.769280171346524e-07,1e-06,0.144432676684102,2911419,127729899,861.5771542588138,330.30612165069437,31.800711882969566,51132,2.465329,0.311736,0.301667,0.525371,1.7e-05,1.626034,0.065488,3.148632
Bump_2911,acg-cg-oshmpi,4,16,56216571,3,acg-results/acg-cg-oshmpi/suitesparse/Bump_2911/Bump_2911-rtol-1e-6-004-nodes-0016-procs-56216571-3-stderr.txt,valid,8.311519,25267.0,9.685917971047203e-07,1e-06,0.14453753740723,2911419,127729899,865.1357516516535,328.94759963588876,31.61209830615799,50536,2.436195,0.308211,0.297811,0.517409,1.7e-05,1.597549,0.064757,3.089568
Bump_2911,acg-cg-oshmpi,8,32,56216558,1,acg-results/acg-cg-oshmpi/suitesparse/Bump_2911/Bump_2911-rtol-1e-6-008-nodes-0032-procs-56216558-1-stderr.txt,valid,9.699423,25982.0,8.928228640202265e-07,1e-06,0.144311531125575,2911419,127729899,762.3198450930535,373.3131783542452,52.02089827964438,51966,1.60892,0.278127,0.272674,0.506295,1.6e-05,2.703318,0.069067,4.260993
Bump_2911,acg-cg-oshmpi,8,32,56216558,2,acg-results/acg-cg-oshmpi/suitesparse/Bump_2911/Bump_2911-rtol-1e-6-008-nodes-0032-procs-56216558-2-stderr.txt,valid,9.592414,25539.0,9.997608059899653e-07,1e-06,0.144415393100186,2911419,127729899,757.6816807706591,375.5986530404479,53.57762333594362,51080,1.599908,0.278669,0.270264,0.503978,1.5e-05,2.736745,0.068572,4.134247
Bump_2911,acg-cg-oshmpi,8,32,56216558,3,acg-results/acg-cg-oshmpi/suitesparse/Bump_2911/Bump_2911-rtol-1e-6-008-nodes-0032-procs-56216558-3-stderr.txt,valid,9.372607,25772.0,9.945927747273337e-07,1e-06,0.144352000580622,2911419,127729899,782.5252996708386,363.6740260748099,50.00343382609708,51546,1.583158,0.271862,0.266045,0.49413,1.6e-05,2.577477,0.067432,4.112482
Bump_2911,acg-cg-oshmpi,8,32,56216566,1,acg-results/acg-cg-oshmpi/suitesparse/Bump_2911/Bump_2911-rtol-1e-6-008-nodes-0032-procs-56216566-1-stderr.txt,valid,8.103899,25102.0,9.82345138955506e-07,1e-06,0.144530358082856,2911419,127729899,881.5062390846678,322.83877778663054,34.45743536629088,50206,1.53301,0.263316,0.257286,0.479251,1.6e-05,1.72997,0.064427,3.776619
Bump_2911,acg-cg-oshmpi,8,32,56216566,2,acg-results/acg-cg-oshmpi/suitesparse/Bump_2911/Bump_2911-rtol-1e-6-008-nodes-0032-procs-56216566-2-stderr.txt,valid,8.274793,25667.0,9.256062002529284e-07,1e-06,0.144421825274525,2911419,127729899,882.7316686510466,322.39034557992755,34.47746220975534,51336,1.572993,0.268555,0.263442,0.490134,1.6e-05,1.769935,0.065911,3.843803
Bump_2911,acg-cg-oshmpi,8,32,56216566,3,acg-results/acg-cg-oshmpi/suitesparse/Bump_2911/Bump_2911-rtol-1e-6-008-nodes-0032-procs-56216566-3-stderr.txt,valid,8.091919,25236.0,9.544431469784248e-07,1e-06,0.144524678975303,2911419,127729899,887.5237683179972,320.6498256459027,34.28537464833379,50474,1.548227,0.265534,0.258666,0.482874,1.5e-05,1.73052,0.064792,3.741286
Bump_2911,acg-cg-oshmpi,8,32,56216572,1,acg-results/acg-cg-oshmpi/suitesparse/Bump_2911/Bump_2911-rtol-1e-6-008-nodes-0032-procs-56216572-1-stderr.txt,valid,8.332113,25864.0,9.96674043204599e-07,1e-06,0.144354185624148,2911419,127729899,883.3873122301629,322.1509820600062,34.355577034602746,51730,1.57851,0.271443,0.265688,0.493984,1.6e-05,1.777214,0.066292,3.87896
Bump_2911,acg-cg-oshmpi,8,32,56216572,2,acg-results/acg-cg-oshmpi/suitesparse/Bump_2911/Bump_2911-rtol-1e-6-008-nodes-0032-procs-56216572-2-stderr.txt,valid,8.358434,25912.0,9.071807650978242e-07,1e-06,0.144325127710013,2911419,127729899,882.239718551585,322.57000617474534,34.22259097750164,51826,1.587227,0.271971,0.267337,0.494393,1.6e-05,1.77362,0.066453,3.897411
Bump_2911,acg-cg-oshmpi,8,32,56216572,3,acg-results/acg-cg-oshmpi/suitesparse/Bump_2911/Bump_2911-rtol-1e-6-008-nodes-0032-procs-56216572-3-stderr.txt,valid,8.003543,24997.0,9.954838493498676e-07,1e-06,0.144587047952334,2911419,127729899,888.8260187609411,320.18014161699404,34.249839987198975,49996,1.530051,0.261877,0.255593,0.476683,1.6e-05,1.712355,0.064097,3.702866
Queen_4147,acg-cg-oshmpi,1,2,56216574,1,acg-results/acg-cg-oshmpi/suitesparse/Queen_4147/Queen_4147-rtol-1e-6-001-nodes-0002-procs-56216574-1-stderr.txt,valid,49.843968,26906.0,9.90474145751828e-07,1e-06,0.190145132651023,4147110,329499284,378.1300914886231,1852.5224113580612,26.848329431003087,53814,42.418927,1.092995,0.580395,3.094632,4.9e-05,1.444816,0.079584,1.132569
Queen_4147,acg-cg-oshmpi,1,2,56216574,2,acg-results/acg-cg-oshmpi/suitesparse/Queen_4147/Queen_4147-rtol-1e-6-001-nodes-0002-procs-56216574-2-stderr.txt,valid,48.310523,26087.0,9.641840186571013e-07,1e-06,0.190180815347758,4147110,329499284,378.25753867131596,1851.9002951661748,26.831110088929773,52176,41.124542,1.059229,0.559701,3.000411,4.7e-05,1.39994,0.07649,1.090165
Queen_4147,acg-cg-oshmpi,1,2,56216574,3,acg-results/acg-cg-oshmpi/suitesparse/Queen_4147/Queen_4147-rtol-1e-6-001-nodes-0002-procs-56216574-3-stderr.txt,valid,48.916715,26413.0,9.848705652890512e-07,1e-06,0.190164776581052,4147110,329499284,378.2382491071201,1851.9939045167152,27.012266222457786,52828,41.634586,1.072768,0.566474,3.036074,4.9e-05,1.427004,0.076877,1.10288
Queen_4147,acg-cg-oshmpi,1,2,56216580,1,acg-results/acg-cg-oshmpi/suitesparse/Queen_4147/Queen_4147-rtol-1e-6-001-nodes-0002-procs-56216580-1-stderr.txt,valid,48.417374,26130.0,9.869292912588642e-07,1e-06,0.190180596532033,4147110,329499284,378.0448670683379,1852.941982395714,27.56750602732387,52262,41.187198,1.059008,0.559617,3.001505,5e-05,1.440733,0.077045,1.092218
Queen_4147,acg-cg-oshmpi,1,2,56216580,2,acg-results/acg-cg-oshmpi/suitesparse/Queen_4147/Queen_4147-rtol-1e-6-001-nodes-0002-procs-56216580-2-stderr.txt,valid,48.871032,26351.0,9.733349366212959e-07,1e-06,0.190168845282272,4147110,329499284,377.70316604437573,1854.6177374672686,27.750777929568915,52704,41.544328,1.072909,0.568766,3.033031,4.9e-05,1.462577,0.07874,1.110631
Queen_4147,acg-cg-oshmpi,1,2,56216580,3,acg-results/acg-cg-oshmpi/suitesparse/Queen_4147/Queen_4147-rtol-1e-6-001-nodes-0002-procs-56216580-3-stderr.txt,valid,48.748305,26283.0,9.69205318621543e-07,1e-06,0.190172164401649,4147110,329499284,377.67695875440177,1854.746604268919,27.78652412113834,52568,41.43289,1.068898,0.565668,3.024221,4.9e-05,1.460682,0.078592,1.117304
Queen_4147,acg-cg-oshmpi,1,2,56216586,1,acg-results/acg-cg-oshmpi/suitesparse/Queen_4147/Queen_4147-rtol-1e-6-001-nodes-0002-procs-56216586-1-stderr.txt,valid,49.67384,26590.0,9.505672220097884e-07,1e-06,0.190157403193318,4147110,329499284,374.96911382144,1868.1399022188793,30.844872325222823,53182,41.925193,1.082384,0.568079,3.035387,4.9e-05,1.640392,0.080669,1.341685
Queen_4147,acg-cg-oshmpi,1,2,56216586,2,acg-results/acg-cg-oshmpi/suitesparse/Queen_4147/Queen_4147-rtol-1e-6-001-nodes-0002-procs-56216586-2-stderr.txt,valid,51.011907,27297.0,9.878704936369147e-07,1e-06,0.190147928526373,4147110,329499284,374.84165844229267,1868.7733816902958,30.978350062275627,54596,43.043432,1.112383,0.584991,3.117317,5.2e-05,1.691294,0.083391,1.379048
Queen_4147,acg-cg-oshmpi,1,2,56216586,3,acg-results/acg-cg-oshmpi/suitesparse/Queen_4147/Queen_4147-rtol-1e-6-001-nodes-0002-procs-56216586-3-stderr.txt,valid,49.916897,26724.0,8.984839224411662e-07,1e-06,0.190151384169991,4147110,329499284,375.02368587574665,1867.8677218979196,30.793208606173994,53450,42.132167,1.088149,0.571577,3.05329,4.9e-05,1.645897,0.081043,1.344722
Queen_4147,acg-cg-oshmpi,1,4,56216575,1,acg-results/acg-cg-oshmpi/suitesparse/Queen_4147/Queen_4147-rtol-1e-6-001-nodes-0004-procs-56216575-1-stderr.txt,valid,26.588406,26629.0,9.472348275082442e-07,1e-06,0.190156600879391,4147110,329499284,701.5642111813698,998.4755717450898,27.488321441982727,53260,21.415375,0.48486,0.380356,1.411751,2.9e-05,1.464028,0.078389,1.353617
Queen_4147,acg-cg-oshmpi,1,4,56216575,2,acg-results/acg-cg-oshmpi/suitesparse/Queen_4147/Queen_4147-rtol-1e-6-001-nodes-0004-procs-56216575-2-stderr.txt,valid,26.627154,26645.0,9.949842926568397e-07,1e-06,0.190155067336143,4147110,329499284,700.9641960476887,999.3302308125352,27.712114388651205,53292,21.427113,0.485458,0.380325,1.413941,2.9e-05,1.476834,0.079069,1.364384
Queen_4147,acg-cg-oshmpi,1,4,56216575,3,acg-results/acg-cg-oshmpi/suitesparse/Queen_4147/Queen_4147-rtol-1e-6-001-nodes-0004-procs-56216575-3-stderr.txt,valid,26.610551,26627.0,9.831798048351332e-07,1e-06,0.19016387392668,4147110,329499284,700.9277313582871,999.3822435873361,27.81889364578639,53256,21.41971,0.486183,0.381606,1.414093,2.8e-05,1.481523,0.079095,1.348313
Queen_4147,acg-cg-oshmpi,1,4,56216581,1,acg-results/acg-cg-oshmpi/suitesparse/Queen_4147/Queen_4147-rtol-1e-6-001-nodes-0004-procs-56216581-1-stderr.txt,valid,26.626218,26648.0,9.800338436118248e-07,1e-06,0.190154832597889,4147110,329499284,701.067759816734,999.1826028219755,27.780048031821078,53298,21.428755,0.485067,0.381046,1.420975,2.9e-05,1.480621,0.078601,1.351123
Queen_4147,acg-cg-oshmpi,1,4,56216581,2,acg-results/acg-cg-oshmpi/suitesparse/Queen_4147/Queen_4147-rtol-1e-6-001-nodes-0004-procs-56216581-2-stderr.txt,valid,26.165186,26202.0,9.97805020599755e-07,1e-06,0.190175730674388,4147110,329499284,701.4807207456504,998.594992748645,27.648055566156547,52406,21.07334,0.477069,0.373717,1.394224,2.9e-05,1.448924,0.077639,1.320243
Queen_4147,acg-cg-oshmpi,1,4,56216581,3,acg-results/acg-cg-oshmpi/suitesparse/Queen_4147/Queen_4147-rtol-1e-6-001-nodes-0004-procs-56216581-3-stderr.txt,valid,26.505824,26517.0,9.963036342343388e-07,1e-06,0.190161575932352,4147110,329499284,700.7901915874791,999.5785345250218,27.791556678482543,53036,21.324337,0.482515,0.378519,1.413732,2.8e-05,1.473953,0.078513,1.354227
Queen_4147,acg-cg-oshmpi,1,4,56216587,1,acg-results/acg-cg-oshmpi/suitesparse/Queen_4147/Queen_4147-rtol-1e-6-001-nodes-0004-procs-56216587-1-stderr.txt,valid,26.673843,26690.0,9.966709942476628e-07,1e-06,0.190153287541496,4147110,329499284,700.9189763810186,999.3946421880855,27.930126259787944,53382,21.469487,0.485955,0.381082,1.412547,2.9e-05,1.490966,0.0792,1.354576
Queen_4147,acg-cg-oshmpi,1,4,56216587,2,acg-results/acg-cg-oshmpi/suitesparse/Queen_4147/Queen_4147-rtol-1e-6-001-nodes-0004-procs-56216587-2-stderr.txt,valid,26.43208,26457.0,9.97730548463088e-07,1e-06,0.190163984881452,4147110,329499284,701.1553119945157,999.0580942661677,27.86459671932875,52916,21.282048,0.482784,0.379242,1.400443,2.8e-05,1.474483,0.078449,1.334602
Queen_4147,acg-cg-oshmpi,1,4,56216587,3,acg-results/acg-cg-oshmpi/suitesparse/Queen_4147/Queen_4147-rtol-1e-6-001-nodes-0004-procs-56216587-3-stderr.txt,valid,26.385426,26421.0,9.980593419302847e-07,1e-06,0.190165151240514,4147110,329499284,701.4393624350049,998.6535710230497,27.84618878207554,52844,21.256946,0.479483,0.377591,1.400018,2.9e-05,1.471504,0.078572,1.321282
Queen_4147,acg-cg-oshmpi,2,8,56216576,1,acg-results/acg-cg-oshmpi/suitesparse/Queen_4147/Queen_4147-rtol-1e-6-002-nodes-0008-procs-56216576-1-stderr.txt,valid,16.37915,26500.0,9.661395929012039e-07,1e-06,0.190161431161721,4147110,329499284,1133.3380239382386,618.0811320754717,30.67680464888117,53002,10.906186,0.37921,0.350661,0.774617,2.1e-05,1.625932,0.078735,2.263786
Queen_4147,acg-cg-oshmpi,2,8,56216576,2,acg-results/acg-cg-oshmpi/suitesparse/Queen_4147/Queen_4147-rtol-1e-6-002-nodes-0008-procs-56216576-2-stderr.txt,valid,16.575626,26808.0,9.916265716558999e-07,1e-06,0.190148422065421,4147110,329499284,1132.919996658467,618.308937630558,30.86215450035436,53618,11.029872,0.382132,0.350938,0.782697,2.1e-05,1.654767,0.079091,2.296106
Queen_4147,acg-cg-oshmpi,2,8,56216576,3,acg-results/acg-cg-oshmpi/suitesparse/Queen_4147/Queen_4147-rtol-1e-6-002-nodes-0008-procs-56216576-3-stderr.txt,valid,16.444428,26590.0,9.169875388091296e-07,1e-06,0.190156955076625,4147110,329499284,1132.6727670252808,618.4440767205716,30.794366514986272,53182,10.942069,0.379965,0.350742,0.775246,2.1e-05,1.637706,0.078744,2.279933
Queen_4147,acg-cg-oshmpi,2,8,56216582,1,acg-results/acg-cg-oshmpi/suitesparse/Queen_4147/Queen_4147-rtol-1e-6-002-nodes-0008-procs-56216582-1-stderr.txt,valid,16.206396,26202.0,9.970268687048085e-07,1e-06,0.190175376733904,4147110,329499284,1132.5388774730666,618.517517746737,30.846620615960006,52406,10.787579,0.373294,0.345365,0.765007,2.1e-05,1.616548,0.077417,2.241163
Queen_4147,acg-cg-oshmpi,2,8,56216582,2,acg-results/acg-cg-oshmpi/suitesparse/Queen_4147/Queen_4147-rtol-1e-6-002-nodes-0008-procs-56216582-2-stderr.txt,valid,15.902366,25712.0,9.92833673253875e-07,1e-06,0.190200948398514,4147110,329499284,1132.607776503446,618.480320472931,30.94205265818847,51426,10.584423,0.365826,0.337519,0.75135,2.1e-05,1.591226,0.075679,2.196318
Queen_4147,acg-cg-oshmpi,2,8,56216582,3,acg-results/acg-cg-oshmpi/suitesparse/Queen_4147/Queen_4147-rtol-1e-6-002-nodes-0008-procs-56216582-3-stderr.txt,valid,16.251769,26246.0,9.980272264836885e-07,1e-06,0.190174209898102,4147110,329499284,1131.2734139351846,619.2093652366075,31.071017640111258,52494,10.806455,0.374894,0.345504,0.771758,2.1e-05,1.631042,0.077726,2.244367
Queen_4147,acg-cg-oshmpi,2,8,56216589,1,acg-results/acg-cg-oshmpi/suitesparse/Queen_4147/Queen_4147-rtol-1e-6-002-nodes-0008-procs-56216589-1-stderr.txt,valid,16.306893,26378.0,9.963195862941883e-07,1e-06,0.190167861901364,4147110,329499284,1133.1193621796624,618.2005079990902,30.77825163956177,52758,10.85984,0.375966,0.347724,0.76896,2.1e-05,1.623799,0.077932,2.252647
Queen_4147,acg-cg-oshmpi,2,8,56216589,2,acg-results/acg-cg-oshmpi/suitesparse/Queen_4147/Queen_4147-rtol-1e-6-002-nodes-0008-procs-56216589-2-stderr.txt,valid,16.231522,26265.0,9.990315227724666e-07,1e-06,0.190172899896893,4147110,329499284,1133.5044934669713,617.9905577765086,30.72416812609457,52532,10.810804,0.375036,0.34414,0.765676,2.1e-05,1.614002,0.077551,2.24429
Queen_4147,acg-cg-oshmpi,2,8,56216589,3,acg-results/acg-cg-oshmpi/suitesparse/Queen_4147/Queen_4147-rtol-1e-6-002-nodes-0008-procs-56216589-3-stderr.txt,valid,16.26468,26287.0,9.692077138149847e-07,1e-06,0.190171410356111,4147110,329499284,1132.1411460602976,618.7347358009662,30.673120815581257,52576,10.823837,0.377173,0.347408,0.771617,2.1e-05,1.61267,0.078007,2.253946
Queen_4147,acg-cg-oshmpi,4,16,56216577,1,acg-results/acg-cg-oshmpi/suitesparse/Queen_4147/Queen_4147-rtol-1e-6-004-nodes-0016-procs-56216577-1-stderr.txt,valid,11.881614,26477.0,9.63371562903516e-07,1e-06,0.190163498604876,4147110,329499284,1560.9834398276193,448.75227555991995,32.94270715310824,52956,5.578594,0.348631,0.335573,0.586591,1.8e-05,1.744514,0.072126,3.215566
Queen_4147,acg-cg-oshmpi,4,16,56216577,2,acg-results/acg-cg-oshmpi/suitesparse/Queen_4147/Queen_4147-rtol-1e-6-004-nodes-0016-procs-56216577-2-stderr.txt,valid,11.810673,26313.0,9.875267090806107e-07,1e-06,0.190170945416806,4147110,329499284,1560.632968745473,448.853152434158,32.90928783157255,52628,5.550361,0.348071,0.335042,0.586135,1.8e-05,1.73195,0.07226,3.186834
Queen_4147,acg-cg-oshmpi,4,16,56216577,3,acg-results/acg-cg-oshmpi/suitesparse/Queen_4147/Queen_4147-rtol-1e-6-004-nodes-0016-procs-56216577-3-stderr.txt,valid,11.832342,26377.0,9.838012255426215e-07,1e-06,0.190168420588658,4147110,329499284,1561.5636976706724,448.58558592713354,32.859143983622715,52756,5.561158,0.347747,0.335121,0.585937,1.7e-05,1.733517,0.07163,3.197209
Queen_4147,acg-cg-oshmpi,4,16,56216583,1,acg-results/acg-cg-oshmpi/suitesparse/Queen_4147/Queen_4147-rtol-1e-6-004-nodes-0016-procs-56216583-1-stderr.txt,valid,11.684531,26249.0,9.75759849539661e-07,1e-06,0.190173172941484,4147110,329499284,1573.6443001537673,445.14194826469577,31.911714285714282,52500,5.53454,0.347312,0.33271,0.58254,1.8e-05,1.675365,0.068399,3.143617
Queen_4147,acg-cg-oshmpi,4,16,56216583,2,acg-results/acg-cg-oshmpi/suitesparse/Queen_4147/Queen_4147-rtol-1e-6-004-nodes-0016-procs-56216583-2-stderr.txt,valid,11.827012,26555.0,9.940655624462864e-07,1e-06,0.190158410339711,4147110,329499284,1572.809711068865,445.37797025042363,31.86445624341015,53112,5.606785,0.353059,0.337086,0.591827,1.7e-05,1.692385,0.070686,3.175147
Queen_4147,acg-cg-oshmpi,4,16,56216583,3,acg-results/acg-cg-oshmpi/suitesparse/Queen_4147/Queen_4147-rtol-1e-6-004-nodes-0016-procs-56216583-3-stderr.txt,valid,11.924574,26744.0,9.73030707763072e-07,1e-06,0.190151384143824,4147110,329499284,1571.0438036427968,445.87847741549507,32.03094036268462,53490,5.644999,0.353903,0.34185,0.595,1.8e-05,1.713335,0.072309,3.203155
Queen_4147,acg-cg-oshmpi,4,16,56216590,1,acg-results/acg-cg-oshmpi/suitesparse/Queen_4147/Queen_4147-rtol-1e-6-004-nodes-0016-procs-56216590-1-stderr.txt,valid,11.665915,25948.0,9.702259161189135e-07,1e-06,0.190187975993947,4147110,329499284,1558.082176841851,449.5882148913211,33.045647231107175,51898,5.462027,0.3419,0.331018,0.578177,1.8e-05,1.715003,0.070649,3.167119
Queen_4147,acg-cg-oshmpi,4,16,56216590,2,acg-results/acg-cg-oshmpi/suitesparse/Queen_4147/Queen_4147-rtol-1e-6-004-nodes-0016-procs-56216590-2-stderr.txt,valid,11.702065,26056.0,9.562214233668239e-07,1e-06,0.190182789049374,4147110,329499284,1559.7336847980253,449.11210469757447,33.05691368921978,52114,5.486571,0.342824,0.330861,0.579271,1.7e-05,1.722728,0.072788,3.166999
Queen_4147,acg-cg-oshmpi,4,16,56216590,3,acg-results/acg-cg-oshmpi/suitesparse/Queen_4147/Queen_4147-rtol-1e-6-004-nodes-0016-procs-56216590-3-stderr.txt,valid,11.707074,26097.0,9.928700688107208e-07,1e-06,0.190180709361889,4147110,329499284,1561.5194897191218,448.5984595930567,32.75904283853169,52196,5.48984,0.342625,0.33065,0.579151,1.7e-05,1.709891,0.069098,3.185796
Queen_4147,acg-cg-oshmpi,8,32,56216578,1,acg-results/acg-cg-oshmpi/suitesparse/Queen_4147/Queen_4147-rtol-1e-6-008-nodes-0032-procs-56216578-1-stderr.txt,valid,9.940823,26319.0,9.942736966936258e-07,1e-06,0.190170781812124,4147110,329499284,1854.6078614295818,377.7051939663361,35.329217325227965,52640,3.030352,0.301372,0.293552,0.522758,1.6e-05,1.85973,0.067568,3.865469
Queen_4147,acg-cg-oshmpi,8,32,56216578,2,acg-results/acg-cg-oshmpi/suitesparse/Queen_4147/Queen_4147-rtol-1e-6-008-nodes-0032-procs-56216578-2-stderr.txt,valid,10.013561,26552.0,9.844749634055234e-07,1e-06,0.190160135606833,4147110,329499284,1857.4349242516225,377.1301973485989,34.969683274959515,53106,3.056747,0.304,0.295603,0.526874,1.6e-05,1.8571,0.068214,3.905001
Queen_4147,acg-cg-oshmpi,8,32,56216578,3,acg-results/acg-cg-oshmpi/suitesparse/Queen_4147/Queen_4147-rtol-1e-6-008-nodes-0032-procs-56216578-3-stderr.txt,valid,9.921843,26350.0,9.988985818981557e-07,1e-06,0.190169384135249,4147110,329499284,1860.3441965961363,376.54053130929793,35.21636750028462,52702,3.033413,0.301526,0.29442,0.522989,1.6e-05,1.855973,0.067653,3.845849
Queen_4147,acg-cg-oshmpi,8,32,56216584,1,acg-results/acg-cg-oshmpi/suitesparse/Queen_4147/Queen_4147-rtol-1e-6-008-nodes-0032-procs-56216584-1-stderr.txt,valid,9.860073,26168.0,9.661162389280612e-07,1e-06,0.190178255129051,4147110,329499284,1859.0691534446044,376.7988764903699,35.24183193855325,52338,3.011432,0.299503,0.291903,0.518033,1.6e-05,1.844487,0.067184,3.827479
Queen_4147,acg-cg-oshmpi,8,32,56216584,2,acg-results/acg-cg-oshmpi/suitesparse/Queen_4147/Queen_4147-rtol-1e-6-008-nodes-0032-procs-56216584-2-stderr.txt,valid,10.046595,26660.0,8.579519894856415e-07,1e-06,0.1901546903315,4147110,329499284,1858.857517563712,376.84152288072016,35.1334908668092,53322,3.068298,0.304747,0.296085,0.527849,1.7e-05,1.873388,0.068465,3.907743
Queen_4147,acg-cg-oshmpi,8,32,56216584,3,acg-results/acg-cg-oshmpi/suitesparse/Queen_4147/Queen_4147-rtol-1e-6-008-nodes-0032-procs-56216584-3-stderr.txt,valid,9.864026,26116.0,9.741112976759504e-07,1e-06,0.190180204301392,4147110,329499284,1854.631480318077,377.70049012099867,35.33916606042042,52234,3.007097,0.299366,0.290454,0.517755,1.6e-05,1.845906,0.067028,3.836397
Queen_4147,acg-cg-oshmpi,8,32,56216591,1,acg-results/acg-cg-oshmpi/suitesparse/Queen_4147/Queen_4147-rtol-1e-6-008-nodes-0032-procs-56216591-1-stderr.txt,valid,9.697942,26329.0,9.371236073731775e-07,1e-06,0.190170721164612,4147110,329499284,1901.7780454409813,368.33689088077784,34.11860995062666,52660,3.030914,0.301315,0.293246,0.519434,1.6e-05,1.796686,0.067595,3.688731
Queen_4147,acg-cg-oshmpi,8,32,56216591,2,acg-results/acg-cg-oshmpi/suitesparse/Queen_4147/Queen_4147-rtol-1e-6-008-nodes-0032-procs-56216591-2-stderr.txt,valid,9.641965,26135.0,9.564645015966447e-07,1e-06,0.190179500663336,4147110,329499284,1898.725214825816,368.929213698106,34.17012932353842,52272,3.011036,0.299806,0.29205,0.517984,1.6e-05,1.786141,0.067062,3.667867
Queen_4147,acg-cg-oshmpi,8,32,56216591,3,acg-results/acg-cg-oshmpi/suitesparse/Queen_4147/Queen_4147-rtol-1e-6-008-nodes-0032-procs-56216591-3-stderr.txt,valid,9.603186,26007.0,9.929743363542234e-07,1e-06,0.190186164071122,4147110,329499284,1897.0560341603295,369.2538931826047,34.345066902491546,52016,2.995085,0.297643,0.290406,0.514802,1.6e-05,1.786493,0.066671,3.652063
Bump_2911,acg-cg-single,1,1,55405538,1,acg-results/acg-cg-single/suitesparse/Bump_2911/Bump_2911-rtol-1e-6-001-nodes-0001-procs-55405538-1-stderr.txt,valid,38.983357,25634.0,9.479902482311871e-07,1e-06,0.144405497051085,2911419,127729899,187.13193148111898,1520.7676133260513,,0,32.323568,1.309055,0.883817,3.989191,8.6e-05,0.0,0.0,0.47764
Bump_2911,acg-cg-single,1,1,55405538,2,acg-results/acg-cg-single/suitesparse/Bump_2911/Bump_2911-rtol-1e-6-001-nodes-0001-procs-55405538-2-stderr.txt,valid,38.977403,25634.0,9.479902482311871e-07,1e-06,0.144405497051085,2911419,127729899,187.16051685198215,1520.5353436841697,,0,32.319352,1.310406,0.884649,3.986302,8.5e-05,0.0,0.0,0.47661
Bump_2911,acg-cg-single,1,1,55405538,3,acg-results/acg-cg-single/suitesparse/Bump_2911/Bump_2911-rtol-1e-6-001-nodes-0001-procs-55405538-3-stderr.txt,valid,38.98107,25634.0,9.479902482311871e-07,1e-06,0.144405497051085,2911419,127729899,187.1429104185185,1520.6783958804713,,0,32.32403,1.309057,0.883817,3.988269,7.6e-05,0.0,0.0,0.47582
Bump_2911,acg-cg-single,1,1,55405564,1,acg-results/acg-cg-single/suitesparse/Bump_2911/Bump_2911-rtol-1e-6-001-nodes-0001-procs-55405564-1-stderr.txt,valid,38.972154,25634.0,9.479902482311871e-07,1e-06,0.144405497051085,2911419,127729899,187.18572473638483,1520.3305765779826,,0,32.315545,1.309459,0.88252,3.986575,8.5e-05,0.0,0.0,0.477969
Bump_2911,acg-cg-single,1,1,55405564,2,acg-results/acg-cg-single/suitesparse/Bump_2911/Bump_2911-rtol-1e-6-001-nodes-0001-procs-55405564-2-stderr.txt,valid,38.995491,25634.0,9.479902482311871e-07,1e-06,0.144405497051085,2911419,127729899,187.0737027270153,1521.240969025513,,0,32.328644,1.310927,0.883067,3.992061,8.5e-05,0.0,0.0,0.480708
Bump_2911,acg-cg-single,1,1,55405564,3,acg-results/acg-cg-single/suitesparse/Bump_2911/Bump_2911-rtol-1e-6-001-nodes-0001-procs-55405564-3-stderr.txt,valid,38.986858,25634.0,9.479902482311871e-07,1e-06,0.144405497051085,2911419,127729899,187.11512712894177,1520.904189747991,,0,32.328586,1.308361,0.883954,3.987883,8.8e-05,0.0,0.0,0.477987
Bump_2911,acg-cg-single,1,1,55405571,1,acg-results/acg-cg-single/suitesparse/Bump_2911/Bump_2911-rtol-1e-6-001-nodes-0001-procs-55405571-1-stderr.txt,valid,38.978641,25634.0,9.479902482311871e-07,1e-06,0.144405497051085,2911419,127729899,187.15457244976807,1520.5836389170634,,0,32.324239,1.306889,0.882468,3.989094,8.6e-05,0.0,0.0,0.475865
Bump_2911,acg-cg-single,1,1,55405571,2,acg-results/acg-cg-single/suitesparse/Bump_2911/Bump_2911-rtol-1e-6-001-nodes-0001-procs-55405571-2-stderr.txt,valid,38.955687,25634.0,9.479902482311871e-07,1e-06,0.144405497051085,2911419,127729899,187.26485021373134,1519.6881875633924,,0,32.317803,1.303929,0.877288,3.984074,8.7e-05,0.0,0.0,0.472507
Bump_2911,acg-cg-single,1,1,55405571,3,acg-results/acg-cg-single/suitesparse/Bump_2911/Bump_2911-rtol-1e-6-001-nodes-0001-procs-55405571-3-stderr.txt,valid,38.958136,25634.0,9.479902482311871e-07,1e-06,0.144405497051085,2911419,127729899,187.25307830508112,1519.783724740579,,0,32.313141,1.303936,0.877938,3.986566,8.4e-05,0.0,0.0,0.476472
Bump_2911,acg-cg-single,1,1,55407173,1,acg-results/acg-cg-single/suitesparse/Bump_2911/Bump_2911-rtol-1e-6-001-nodes-0001-procs-55407173-1-stderr.txt,valid,38.98112,25634.0,9.479902482311871e-07,1e-06,0.144405497051085,2911419,127729899,187.14267037550488,1520.6803464149175,,0,32.31669,1.310575,0.882347,3.988635,8.6e-05,0.0,0.0,0.482788
Bump_2911,acg-cg-single,1,1,55407173,2,acg-results/acg-cg-single/suitesparse/Bump_2911/Bump_2911-rtol-1e-6-001-nodes-0001-procs-55407173-2-stderr.txt,valid,38.965734,25634.0,9.479902482311871e-07,1e-06,0.144405497051085,2911419,127729899,187.21656548361184,1520.0801279550597,,0,32.313362,1.307537,0.880244,3.987768,8.7e-05,0.0,0.0,0.476736
Bump_2911,acg-cg-single,1,1,55407173,3,acg-results/acg-cg-single/suitesparse/Bump_2911/Bump_2911-rtol-1e-6-001-nodes-0001-procs-55407173-3-stderr.txt,valid,38.963231,25634.0,9.479902482311871e-07,1e-06,0.144405497051085,2911419,127729899,187.2285922855833,1519.9824842006708,,0,32.31334,1.305653,0.880566,3.985256,8.3e-05,0.0,0.0,0.478331
Bump_2911,acg-cg-single,1,1,55407196,1,acg-results/acg-cg-single/suitesparse/Bump_2911/Bump_2911-rtol-1e-6-001-nodes-0001-procs-55407196-1-stderr.txt,valid,38.990857,25634.0,9.479902482311871e-07,1e-06,0.144405497051085,2911419,127729899,187.09593613261694,1521.060193493017,,0,32.317354,1.310665,0.883144,3.991395,8.4e-05,0.0,0.0,0.488215
Bump_2911,acg-cg-single,1,1,55407196,2,acg-results/acg-cg-single/suitesparse/Bump_2911/Bump_2911-rtol-1e-6-001-nodes-0001-procs-55407196-2-stderr.txt,valid,38.991675,25634.0,9.479902482311871e-07,1e-06,0.144405497051085,2911419,127729899,187.09201107744153,1521.092104236561,,0,32.318161,1.310955,0.883372,3.992435,8.2e-05,0.0,0.0,0.486669
Bump_2911,acg-cg-single,1,1,55407196,3,acg-results/acg-cg-single/suitesparse/Bump_2911/Bump_2911-rtol-1e-6-001-nodes-0001-procs-55407196-3-stderr.txt,valid,38.969322,25634.0,9.479902482311871e-07,1e-06,0.144405497051085,2911419,127729899,187.19932800031782,1520.220098306936,,0,32.313832,1.306831,0.880397,3.987338,8.3e-05,0.0,0.0,0.48084
Bump_2911,acg-cg-single,1,1,55407214,1,acg-results/acg-cg-single/suitesparse/Bump_2911/Bump_2911-rtol-1e-6-001-nodes-0001-procs-55407214-1-stderr.txt,valid,38.965798,25634.0,9.479902482311871e-07,1e-06,0.144405497051085,2911419,127729899,187.21625798676058,1520.082624639151,,0,32.315498,1.304271,0.878883,3.985734,8.4e-05,0.0,0.0,0.481329
Bump_2911,acg-cg-single,1,1,55407214,2,acg-results/acg-cg-single/suitesparse/Bump_2911/Bump_2911-rtol-1e-6-001-nodes-0001-procs-55407214-2-stderr.txt,valid,38.963499,25634.0,9.479902482311871e-07,1e-06,0.144405497051085,2911419,127729899,187.22730448381958,1519.9929390653037,,0,32.314587,1.304971,0.880074,3.984542,8.6e-05,0.0,0.0,0.47924
Bump_2911,acg-cg-single,1,1,55407214,3,acg-results/acg-cg-single/suitesparse/Bump_2911/Bump_2911-rtol-1e-6-001-nodes-0001-procs-55407214-3-stderr.txt,valid,38.992706,25634.0,9.479902482311871e-07,1e-06,0.144405497051085,2911419,127729899,187.087064207034,1521.1323242568462,,0,32.324466,1.308809,0.88147,3.990208,7.7e-05,0.0,0.0,0.487677
Bump_2911,acg-cg-single,1,1,55407811,1,acg-results/acg-cg-single/suitesparse/Bump_2911/Bump_2911-rtol-1e-6-001-nodes-0001-procs-55407811-1-stderr.txt,valid,38.969018,25634.0,9.479902482311871e-07,1e-06,0.144405497051085,2911419,127729899,187.20078835520053,1520.2082390575017,,0,32.3183,1.304336,0.877282,3.987983,8.4e-05,0.0,0.0,0.481031
Bump_2911,acg-cg-single,1,1,55407811,2,acg-results/acg-cg-single/suitesparse/Bump_2911/Bump_2911-rtol-1e-6-001-nodes-0001-procs-55407811-2-stderr.txt,valid,39.003051,25634.0,9.479902482311871e-07,1e-06,0.144405497051085,2911419,127729899,187.03744204595688,1521.5358898338143,,0,32.328241,1.31202,0.882795,3.993268,8.5e-05,0.0,0.0,0.486642
Bump_2911,acg-cg-single,1,1,55407811,3,acg-results/acg-cg-single/suitesparse/Bump_2911/Bump_2911-rtol-1e-6-001-nodes-0001-procs-55407811-3-stderr.txt,valid,38.992842,25634.0,9.479902482311871e-07,1e-06,0.144405497051085,2911419,127729899,187.08641168109776,1521.1376297105408,,0,32.327456,1.308955,0.883102,3.989935,8.5e-05,0.0,0.0,0.483309
Bump_2911,acg-cg-single,1,1,55407819,1,acg-results/acg-cg-single/suitesparse/Bump_2911/Bump_2911-rtol-1e-6-001-nodes-0001-procs-55407819-1-stderr.txt,valid,39.006492,25634.0,9.479902482311871e-07,1e-06,0.144405497051085,2911419,127729899,187.02094233513745,1521.6701256144183,,0,32.339268,1.307398,0.885737,3.996659,8.4e-05,0.0,0.0,0.477346
Bump_2911,acg-cg-single,1,1,55407819,2,acg-results/acg-cg-single/suitesparse/Bump_2911/Bump_2911-rtol-1e-6-001-nodes-0001-procs-55407819-2-stderr.txt,valid,38.98325,25634.0,9.479902482311871e-07,1e-06,0.144405497051085,2911419,127729899,187.13244511496606,1520.763439182336,,0,32.32844,1.306385,0.882444,3.991966,7.7e-05,0.0,0.0,0.473938
Bump_2911,acg-cg-single,1,1,55407819,3,acg-results/acg-cg-single/suitesparse/Bump_2911/Bump_2911-rtol-1e-6-001-nodes-0001-procs-55407819-3-stderr.txt,valid,38.984652,25634.0,9.479902482311871e-07,1e-06,0.144405497051085,2911419,127729899,187.12571529503458,1520.818132168214,,0,32.330857,1.304108,0.882885,3.993615,7.5e-05,0.0,0.0,0.473112
Bump_2911,acg-cg-single,1,1,55407828,1,acg-results/acg-cg-single/suitesparse/Bump_2911/Bump_2911-rtol-1e-6-001-nodes-0001-procs-55407828-1-stderr.txt,valid,38.987588,25634.0,9.479902482311871e-07,1e-06,0.144405497051085,2911419,127729899,187.11162360256805,1520.9326675509092,,0,32.324341,1.308638,0.884283,3.988072,8.5e-05,0.0,0.0,0.482168
Bump_2911,acg-cg-single,1,1,55407828,2,acg-results/acg-cg-single/suitesparse/Bump_2911/Bump_2911-rtol-1e-6-001-nodes-0001-procs-55407828-2-stderr.txt,valid,38.981975,25634.0,9.479902482311871e-07,1e-06,0.144405497051085,2911419,127729899,187.13856573526613,1520.7137005539519,,0,32.319801,1.310385,0.882084,3.98918,8.5e-05,0.0,0.0,0.48044
Bump_2911,acg-cg-single,1,1,55407828,3,acg-results/acg-cg-single/suitesparse/Bump_2911/Bump_2911-rtol-1e-6-001-nodes-0001-procs-55407828-3-stderr.txt,valid,38.96564,25634.0,9.479902482311871e-07,1e-06,0.144405497051085,2911419,127729899,187.21701712144338,1520.0764609503005,,0,32.320199,1.303894,0.879312,3.984684,8.4e-05,0.0,0.0,0.477467
Queen_4147,acg-cg-single,1,1,55398429,1,acg-results/acg-cg-single/suitesparse/Queen_4147/Queen_4147-rtol-1e-6-001-nodes-0001-procs-55398429-1-stderr.txt,valid,88.860529,25839.0,9.888383184547684e-07,1e-06,0.190194005233558,4147110,329499284,203.69114665342585,3439.00804984713,,0,79.906579,1.661284,1.222725,5.592624,0.000107,0.0,0.0,0.47721
Queen_4147,acg-cg-single,1,1,55398429,2,acg-results/acg-cg-single/suitesparse/Queen_4147/Queen_4147-rtol-1e-6-001-nodes-0001-procs-55398429-2-stderr.txt,valid,88.839002,25839.0,9.888383184547684e-07,1e-06,0.190194005233558,4147110,329499284,203.7405040214207,3438.1749293703315,,0,79.901175,1.654986,1.216459,5.586953,0.000107,0.0,0.0,0.479322
Queen_4147,acg-cg-single,1,1,55398429,3,acg-results/acg-cg-single/suitesparse/Queen_4147/Queen_4147-rtol-1e-6-001-nodes-0001-procs-55398429-3-stderr.txt,valid,88.861104,25839.0,9.888383184547684e-07,1e-06,0.190194005233558,4147110,329499284,203.6898286143283,3439.030303030303,,0,79.908287,1.659666,1.221057,5.589885,0.000116,0.0,0.0,0.482093
Queen_4147,acg-cg-single,1,1,55398435,1,acg-results/acg-cg-single/suitesparse/Queen_4147/Queen_4147-rtol-1e-6-001-nodes-0001-procs-55398435-1-stderr.txt,valid,88.808786,25839.0,9.888383184547684e-07,1e-06,0.190194005233558,4147110,329499284,203.80982399917053,3437.005534269902,,0,79.87486,1.655224,1.215504,5.58271,0.000115,0.0,0.0,0.480373
Queen_4147,acg-cg-single,1,1,55398435,2,acg-results/acg-cg-single/suitesparse/Queen_4147/Queen_4147-rtol-1e-6-001-nodes-0001-procs-55398435-2-stderr.txt,valid,88.806055,25839.0,9.888383184547684e-07,1e-06,0.190194005233558,4147110,329499284,203.8160916419494,3436.899841325129,,0,79.868889,1.656858,1.217452,5.580846,0.000112,0.0,0.0,0.481898
Queen_4147,acg-cg-single,1,1,55398435,3,acg-results/acg-cg-single/suitesparse/Queen_4147/Queen_4147-rtol-1e-6-001-nodes-0001-procs-55398435-3-stderr.txt,valid,88.830707,25839.0,9.888383184547684e-07,1e-06,0.190194005233558,4147110,329499284,203.75952928349426,3437.853903014823,,0,79.876191,1.660076,1.21967,5.588621,0.000114,0.0,0.0,0.486035
Queen_4147,acg-cg-single,1,1,55398443,1,acg-results/acg-cg-single/suitesparse/Queen_4147/Queen_4147-rtol-1e-6-001-nodes-0001-procs-55398443-1-stderr.txt,valid,88.818682,25839.0,9.888383184547684e-07,1e-06,0.190194005233558,4147110,329499284,203.78711591599617,3437.3885212276014,,0,79.878105,1.658118,1.218724,5.585477,0.000105,0.0,0.0,0.478153
Queen_4147,acg-cg-single,1,1,55398443,2,acg-results/acg-cg-single/suitesparse/Queen_4147/Queen_4147-rtol-1e-6-001-nodes-0001-procs-55398443-2-stderr.txt,valid,88.843875,25839.0,9.888383184547684e-07,1e-06,0.190194005233558,4147110,329499284,203.7293290532409,3438.3635202600717,,0,79.893943,1.658752,1.219681,5.589895,0.000113,0.0,0.0,0.481491
Queen_4147,acg-cg-single,1,1,55398443,3,acg-results/acg-cg-single/suitesparse/Queen_4147/Queen_4147-rtol-1e-6-001-nodes-0001-procs-55398443-3-stderr.txt,valid,88.843914,25839.0,9.888383184547684e-07,1e-06,0.190194005233558,4147110,329499284,203.72923962174832,3438.365029606409,,0,79.894509,1.658551,1.219461,5.588393,0.000114,0.0,0.0,0.482885
Queen_4147,acg-cg-single,1,1,55398876,1,acg-results/acg-cg-single/suitesparse/Queen_4147/Queen_4147-rtol-1e-6-001-nodes-0001-procs-55398876-1-stderr.txt,valid,88.82636,25839.0,9.888383184547684e-07,1e-06,0.190194005233558,4147110,329499284,203.76950090311033,3437.685668950037,,0,79.87199,1.659806,1.219875,5.58771,0.000106,0.0,0.0,0.486874
Queen_4147,acg-cg-single,1,1,55398876,2,acg-results/acg-cg-single/suitesparse/Queen_4147/Queen_4147-rtol-1e-6-001-nodes-0001-procs-55398876-2-stderr.txt,valid,88.810313,25839.0,9.888383184547684e-07,1e-06,0.190194005233558,4147110,329499284,203.80631970343356,3437.064630984171,,0,79.873903,1.655203,1.215678,5.584012,0.000105,0.0,0.0,0.481411
Queen_4147,acg-cg-single,1,1,55398876,3,acg-results/acg-cg-single/suitesparse/Queen_4147/Queen_4147-rtol-1e-6-001-nodes-0001-procs-55398876-3-stderr.txt,valid,88.822245,25839.0,9.888383184547684e-07,1e-06,0.190194005233558,4147110,329499284,203.77894123527275,3437.5264135608963,,0,79.875479,1.658754,1.21913,5.586621,0.000112,0.0,0.0,0.482148
Queen_4147,acg-cg-single,1,1,55398882,1,acg-results/acg-cg-single/suitesparse/Queen_4147/Queen_4147-rtol-1e-6-001-nodes-0001-procs-55398882-1-stderr.txt,valid,88.839488,25839.0,9.888383184547684e-07,1e-06,0.190194005233558,4147110,329499284,203.73938945078115,3438.193738147761,,0,79.897919,1.653895,1.21618,5.589865,0.000112,0.0,0.0,0.481517
Queen_4147,acg-cg-single,1,1,55398882,2,acg-results/acg-cg-single/suitesparse/Queen_4147/Queen_4147-rtol-1e-6-001-nodes-0001-procs-55398882-2-stderr.txt,valid,88.86552,25839.0,9.888383184547684e-07,1e-06,0.190194005233558,4147110,329499284,203.67970664257632,3439.2012074770696,,0,79.908744,1.658256,1.22131,5.592651,0.000116,0.0,0.0,0.484442
Queen_4147,acg-cg-single,1,1,55398882,3,acg-results/acg-cg-single/suitesparse/Queen_4147/Queen_4147-rtol-1e-6-001-nodes-0001-procs-55398882-3-stderr.txt,valid,88.848407,25839.0,9.888383184547684e-07,1e-06,0.190194005233558,4147110,329499284,203.7189371807195,3438.538914044661,,0,79.905455,1.654534,1.218017,5.59049,0.000104,0.0,0.0,0.479806
Queen_4147,acg-cg-single,1,1,55398888,1,acg-results/acg-cg-single/suitesparse/Queen_4147/Queen_4147-rtol-1e-6-001-nodes-0001-procs-55398888-1-stderr.txt,valid,88.829307,25839.0,9.888383184547684e-07,1e-06,0.190194005233558,4147110,329499284,203.7627406486465,3437.7997213514454,,0,79.875699,1.661765,1.222637,5.588511,0.000107,0.0,0.0,0.480589
Queen_4147,acg-cg-single,1,1,55398888,2,acg-results/acg-cg-single/suitesparse/Queen_4147/Queen_4147-rtol-1e-6-001-nodes-0001-procs-55398888-2-stderr.txt,valid,88.812059,25839.0,9.888383184547684e-07,1e-06,0.190194005233558,4147110,329499284,203.80231297463783,3437.1322032586404,,0,79.868659,1.657381,1.218885,5.587661,0.000107,0.0,0.0,0.479367
Queen_4147,acg-cg-single,1,1,55398888,3,acg-results/acg-cg-single/suitesparse/Queen_4147/Queen_4147-rtol-1e-6-001-nodes-0001-procs-55398888-3-stderr.txt,valid,88.806054,25839.0,9.888383184547684e-07,1e-06,0.190194005233558,4147110,329499284,203.8160939370192,3436.8998026239406,,0,79.86854,1.655298,1.216546,5.585219,0.000116,0.0,0.0,0.480336
Queen_4147,acg-cg-single,1,1,55399451,1,acg-results/acg-cg-single/suitesparse/Queen_4147/Queen_4147-rtol-1e-6-001-nodes-0001-procs-55399451-1-stderr.txt,valid,88.829848,25839.0,9.888383184547684e-07,1e-06,0.190194005233558,4147110,329499284,203.76149967339808,3437.820658694222,,0,79.879242,1.658324,1.219227,5.587683,0.000104,0.0,0.0,0.485267
Queen_4147,acg-cg-single,1,1,55399451,2,acg-results/acg-cg-single/suitesparse/Queen_4147/Queen_4147-rtol-1e-6-001-nodes-0001-procs-55399451-2-stderr.txt,valid,88.841786,25839.0,9.888383184547684e-07,1e-06,0.190194005233558,4147110,329499284,203.73411948562133,3438.2826734780756,,0,79.883252,1.660307,1.220806,5.591812,0.000106,0.0,0.0,0.485502
Queen_4147,acg-cg-single,1,1,55399451,3,acg-results/acg-cg-single/suitesparse/Queen_4147/Queen_4147-rtol-1e-6-001-nodes-0001-procs-55399451-3-stderr.txt,valid,88.829866,25839.0,9.888383184547684e-07,1e-06,0.190194005233558,4147110,329499284,203.76145838427811,3437.821355315608,,0,79.879906,1.658196,1.21835,5.586973,0.000106,0.0,0.0,0.486335
Queen_4147,acg-cg-single,1,1,55399466,1,acg-results/acg-cg-single/suitesparse/Queen_4147/Queen_4147-rtol-1e-6-001-nodes-0001-procs-55399466-1-stderr.txt,valid,88.85181,25839.0,9.888383184547684e-07,1e-06,0.190194005233558,4147110,329499284,203.71113480119314,3438.6706141878553,,0,79.906577,1.658424,1.219639,5.587371,0.000114,0.0,0.0,0.479685
Queen_4147,acg-cg-single,1,1,55399466,2,acg-results/acg-cg-single/suitesparse/Queen_4147/Queen_4147-rtol-1e-6-001-nodes-0001-procs-55399466-2-stderr.txt,valid,88.848294,25839.0,9.888383184547684e-07,1e-06,0.190194005233558,4147110,329499284,203.71919627674563,3438.5345408104026,,0,79.90858,1.65677,1.21855,5.587888,0.000103,0.0,0.0,0.476404
Queen_4147,acg-cg-single,1,1,55399466,3,acg-results/acg-cg-single/suitesparse/Queen_4147/Queen_4147-rtol-1e-6-001-nodes-0001-procs-55399466-3-stderr.txt,valid,88.842452,25839.0,9.888383184547684e-07,1e-06,0.190194005233558,4147110,329499284,203.73259220985932,3438.3084484693677,,0,79.904156,1.655482,1.21633,5.586761,0.000106,0.0,0.0,0.479616
Queen_4147,acg-cg-single,1,1,55399479,1,acg-results/acg-cg-single/suitesparse/Queen_4147/Queen_4147-rtol-1e-6-001-nodes-0001-procs-55399479-1-stderr.txt,valid,88.829887,25839.0,9.888383184547684e-07,1e-06,0.190194005233558,4147110,329499284,203.76141021365927,3437.822168040559,,0,79.872553,1.661247,1.220355,5.587665,0.000113,0.0,0.0,0.487953
Queen_4147,acg-cg-single,1,1,55399479,2,acg-results/acg-cg-single/suitesparse/Queen_4147/Queen_4147-rtol-1e-6-001-nodes-0001-procs-55399479-2-stderr.txt,valid,88.827682,25839.0,9.888383184547684e-07,1e-06,0.190194005233558,4147110,329499284,203.7664682529935,3437.7368319207394,,0,79.867433,1.662613,1.221675,5.586602,0.000113,0.0,0.0,0.489245
Queen_4147,acg-cg-single,1,1,55399479,3,acg-results/acg-cg-single/suitesparse/Queen_4147/Queen_4147-rtol-1e-6-001-nodes-0001-procs-55399479-3-stderr.txt,valid,88.802312,25839.0,9.888383184547684e-07,1e-06,0.190194005233558,4147110,329499284,203.82468245015963,3436.7549827779712,,0,79.859965,1.65757,1.216555,5.582847,0.000111,0.0,0.0,0.485264
Queen_4147,acg-cg-single,1,1,55403993,1,acg-results/acg-cg-single/suitesparse/Queen_4147/Queen_4147-rtol-1e-6-001-nodes-0001-procs-55403993-1-stderr.txt,valid,88.856467,25839.0,9.888383184547684e-07,1e-06,0.190194005233558,4147110,329499284,203.7004582259612,3438.85084562096,,0,79.8872,1.66251,1.223952,5.594613,0.000105,0.0,0.0,0.488087
Queen_4147,acg-cg-single,1,1,55403993,2,acg-results/acg-cg-single/suitesparse/Queen_4147/Queen_4147-rtol-1e-6-001-nodes-0001-procs-55403993-2-stderr.txt,valid,88.82358,25839.0,9.888383184547684e-07,1e-06,0.190194005233558,4147110,329499284,203.77587848001622,3437.578079647046,,0,79.881782,1.655727,1.217042,5.584397,0.000112,0.0,0.0,0.48452
Queen_4147,acg-cg-single,1,1,55403993,3,acg-results/acg-cg-single/suitesparse/Queen_4147/Queen_4147-rtol-1e-6-001-nodes-0001-procs-55403993-3-stderr.txt,valid,88.828452,25839.0,9.888383184547684e-07,1e-06,0.190194005233558,4147110,329499284,203.76470192500935,3437.7666318355973,,0,79.885769,1.657202,1.218415,5.587208,0.000106,0.0,0.0,0.479753
Queen_4147,acg-cg-single,1,1,55404003,1,acg-results/acg-cg-single/suitesparse/Queen_4147/Queen_4147-rtol-1e-6-001-nodes-0001-procs-55404003-1-stderr.txt,valid,88.815662,25839.0,9.888383184547684e-07,1e-06,0.190194005233558,4147110,329499284,203.79404529169642,3437.27164363946,,0,79.860589,1.662009,1.221348,5.587045,0.000105,0.0,0.0,0.484564
Queen_4147,acg-cg-single,1,1,55404003,2,acg-results/acg-cg-single/suitesparse/Queen_4147/Queen_4147-rtol-1e-6-001-nodes-0001-procs-55404003-2-stderr.txt,valid,88.807463,25839.0,9.888383184547684e-07,1e-06,0.190194005233558,4147110,329499284,203.8128602349557,3436.9543325980108,,0,79.859206,1.658882,1.218937,5.586451,0.000108,0.0,0.0,0.483879
Queen_4147,acg-cg-single,1,1,55404003,3,acg-results/acg-cg-single/suitesparse/Queen_4147/Queen_4147-rtol-1e-6-001-nodes-0001-procs-55404003-3-stderr.txt,valid,88.803145,25839.0,9.888383184547684e-07,1e-06,0.190194005233558,4147110,329499284,203.8227705138146,3436.787220867681,,0,79.857497,1.658489,1.218625,5.585571,0.000107,0.0,0.0,0.482857
Queen_4147,acg-cg-single,1,1,55404011,1,acg-results/acg-cg-single/suitesparse/Queen_4147/Queen_4147-rtol-1e-6-001-nodes-0001-procs-55404011-1-stderr.txt,valid,88.818735,25839.0,9.888383184547684e-07,1e-06,0.190194005233558,4147110,329499284,203.78699431195457,3437.3905723905727,,0,79.878571,1.657509,1.217283,5.584028,0.000105,0.0,0.0,0.481239
Queen_4147,acg-cg-single,1,1,55404011,2,acg-results/acg-cg-single/suitesparse/Queen_4147/Queen_4147-rtol-1e-6-001-nodes-0001-procs-55404011-2-stderr.txt,valid,88.814783,25839.0,9.888383184547684e-07,1e-06,0.190194005233558,4147110,329499284,203.79606224157524,3437.2376252950967,,0,79.879328,1.655237,1.214912,5.583418,0.000112,0.0,0.0,0.481777
Queen_4147,acg-cg-single,1,1,55404011,3,acg-results/acg-cg-single/suitesparse/Queen_4147/Queen_4147-rtol-1e-6-001-nodes-0001-procs-55404011-3-stderr.txt,valid,88.813897,25839.0,9.888383184547684e-07,1e-06,0.190194005233558,4147110,329499284,203.79809529402814,3437.203336042416,,0,79.878804,1.655415,1.215213,5.584299,0.000104,0.0,0.0,0.480063
Bump_2911,acg-device-nvshmem,1,2,55407156,1,acg-results/acg-device-nvshmem/suitesparse/Bump_2911/Bump_2911-rtol-1e-6-001-nodes-0002-procs-55407156-1-stderr.txt,valid,24.663816,26468.0,9.67936380570603e-07,1e-06,0.144360463608553,2911419,127729899,305.40146735687614,931.8352727822275,,0,0.0,0.0,0.0,0.0,0.0,0.0,0.0,24.663816
Bump_2911,acg-device-nvshmem,1,2,55407156,2,acg-results/acg-device-nvshmem/suitesparse/Bump_2911/Bump_2911-rtol-1e-6-001-nodes-0002-procs-55407156-2-stderr.txt,valid,24.702459,26517.0,9.813014292632617e-07,1e-06,0.144352614950916,2911419,127729899,305.48819947163963,931.5706527887771,,0,0.0,0.0,0.0,0.0,0.0,0.0,0.0,24.702456
Bump_2911,acg-device-nvshmem,1,2,55407156,3,acg-results/acg-device-nvshmem/suitesparse/Bump_2911/Bump_2911-rtol-1e-6-001-nodes-0002-procs-55407156-3-stderr.txt,valid,24.697371,26498.0,9.48364801449776e-07,1e-06,0.144371944764799,2911419,127729899,305.33220789613597,932.0466072911163,,0,0.0,0.0,0.0,0.0,0.0,0.0,0.0,24.697371
Bump_2911,acg-device-nvshmem,1,2,55407191,1,acg-results/acg-device-nvshmem/suitesparse/Bump_2911/Bump_2911-rtol-1e-6-001-nodes-0002-procs-55407191-1-stderr.txt,valid,25.18971,27000.0,9.616724390008565e-07,1e-06,0.144245205307657,2911419,127729899,305.03562600109325,932.9522222222223,,0,0.0,0.0,0.0,0.0,0.0,0.0,0.0,25.18971
Bump_2911,acg-device-nvshmem,1,2,55407191,2,acg-results/acg-device-nvshmem/suitesparse/Bump_2911/Bump_2911-rtol-1e-6-001-nodes-0002-procs-55407191-2-stderr.txt,valid,24.970924,26766.0,9.99072032619276e-07,1e-06,0.144320422620932,2911419,127729899,305.0415213087029,932.9344691025929,,0,0.0,0.0,0.0,0.0,0.0,0.0,0.0,24.970923
Bump_2911,acg-device-nvshmem,1,2,55407191,3,acg-results/acg-device-nvshmem/suitesparse/Bump_2911/Bump_2911-rtol-1e-6-001-nodes-0002-procs-55407191-3-stderr.txt,valid,24.737487,26517.0,9.891883882909906e-07,1e-06,0.144353611536982,2911419,127729899,305.055631658624,932.8916166987217,,0,0.0,0.0,0.0,0.0,0.0,0.0,0.0,24.737487
Bump_2911,acg-device-nvshmem,1,2,55407208,1,acg-results/acg-device-nvshmem/suitesparse/Bump_2911/Bump_2911-rtol-1e-6-001-nodes-0002-procs-55407208-1-stderr.txt,valid,24.176462,25942.0,9.678900281094188e-07,1e-06,0.144483949494225,2911419,127729899,305.36642124608636,931.9428725618689,,0,0.0,0.0,0.0,0.0,0.0,0.0,0.0,24.17646
Bump_2911,acg-device-nvshmem,1,2,55407208,2,acg-results/acg-device-nvshmem/suitesparse/Bump_2911/Bump_2911-rtol-1e-6-001-nodes-0002-procs-55407208-2-stderr.txt,valid,24.638153,26430.0,9.392240719603664e-07,1e-06,0.144393831708759,2911419,127729899,305.2806671618607,932.2040484298146,,0,0.0,0.0,0.0,0.0,0.0,0.0,0.0,24.638151
Bump_2911,acg-device-nvshmem,1,2,55407208,3,acg-results/acg-device-nvshmem/suitesparse/Bump_2911/Bump_2911-rtol-1e-6-001-nodes-0002-procs-55407208-3-stderr.txt,valid,24.899737,26719.0,9.468720974958356e-07,1e-06,0.144303891284593,2911419,127729899,305.3764651412985,931.9112616490138,,0,0.0,0.0,0.0,0.0,0.0,0.0,0.0,24.899737
Bump_2911,acg-device-nvshmem,1,4,55407159,1,acg-results/acg-device-nvshmem/suitesparse/Bump_2911/Bump_2911-rtol-1e-6-001-nodes-0004-procs-55407159-1-stderr.txt,valid,13.656717,26278.0,9.580554063020772e-07,1e-06,0.144431100734228,2911419,127729899,547.5910893738223,519.7015374077175,,0,0.0,0.0,0.0,0.0,0.0,0.0,0.0,13.656713
Bump_2911,acg-device-nvshmem,1,4,55407159,2,acg-results/acg-device-nvshmem/suitesparse/Bump_2911/Bump_2911-rtol-1e-6-001-nodes-0004-procs-55407159-2-stderr.txt,valid,13.613956,26205.0,9.750083254019203e-07,1e-06,0.144438144539208,2911419,127729899,547.7851285971543,519.5174966609426,,0,0.0,0.0,0.0,0.0,0.0,0.0,0.0,13.613953
Bump_2911,acg-device-nvshmem,1,4,55407159,3,acg-results/acg-device-nvshmem/suitesparse/Bump_2911/Bump_2911-rtol-1e-6-001-nodes-0004-procs-55407159-3-stderr.txt,valid,13.93072,26794.0,9.913968973459715e-07,1e-06,0.144287901647801,2911419,127729899,547.3612790371208,519.9193849369261,,0,0.0,0.0,0.0,0.0,0.0,0.0,0.0,13.930719
Bump_2911,acg-device-nvshmem,1,4,55407192,1,acg-results/acg-device-nvshmem/suitesparse/Bump_2911/Bump_2911-rtol-1e-6-001-nodes-0004-procs-55407192-1-stderr.txt,valid,13.718425,26354.0,9.670444439588608e-07,1e-06,0.144398122900415,2911419,127729899,546.7044622387774,520.5443196478712,,0,0.0,0.0,0.0,0.0,0.0,0.0,0.0,13.718424
Bump_2911,acg-device-nvshmem,1,4,55407192,2,acg-results/acg-device-nvshmem/suitesparse/Bump_2911/Bump_2911-rtol-1e-6-001-nodes-0004-procs-55407192-2-stderr.txt,valid,13.280447,25510.0,9.937899540608465e-07,1e-06,0.144608373996452,2911419,127729899,546.649048523442,520.5976871814975,,0,0.0,0.0,0.0,0.0,0.0,0.0,0.0,13.280446
Bump_2911,acg-device-nvshmem,1,4,55407192,3,acg-results/acg-device-nvshmem/suitesparse/Bump_2911/Bump_2911-rtol-1e-6-001-nodes-0004-procs-55407192-3-stderr.txt,valid,13.823847,26561.0,9.932574479873283e-07,1e-06,0.14433538469218,2911419,127729899,546.7964871069536,520.4565716652235,,0,0.0,0.0,0.0,0.0,0.0,0.0,0.0,13.823844
Bump_2911,acg-device-nvshmem,1,4,55407209,1,acg-results/acg-device-nvshmem/suitesparse/Bump_2911/Bump_2911-rtol-1e-6-001-nodes-0004-procs-55407209-1-stderr.txt,valid,13.929525,26758.0,9.986087281951542e-07,1e-06,0.144315575754252,2911419,127729899,546.6727726566412,520.5742207937813,,0,0.0,0.0,0.0,0.0,0.0,0.0,0.0,13.929523
Bump_2911,acg-device-nvshmem,1,4,55407209,2,acg-results/acg-device-nvshmem/suitesparse/Bump_2911/Bump_2911-rtol-1e-6-001-nodes-0004-procs-55407209-2-stderr.txt,valid,13.972742,26837.0,9.922875493491024e-07,1e-06,0.144283043969257,2911419,127729899,546.5908837787172,520.6521593322652,,0,0.0,0.0,0.0,0.0,0.0,0.0,0.0,13.972741
Bump_2911,acg-device-nvshmem,1,4,55407209,3,acg-results/acg-device-nvshmem/suitesparse/Bump_2911/Bump_2911-rtol-1e-6-001-nodes-0004-procs-55407209-3-stderr.txt,valid,13.751625,26398.0,9.962379057579607e-07,1e-06,0.144382385738187,2911419,127729899,546.2951046047285,520.9343510872036,,0,0.0,0.0,0.0,0.0,0.0,0.0,0.0,13.751622
Bump_2911,acg-device-nvshmem,2,8,55407163,1,acg-results/acg-device-nvshmem/suitesparse/Bump_2911/Bump_2911-rtol-1e-6-002-nodes-0008-procs-55407163-1-stderr.txt,valid,9.066927,25934.0,9.845857334942766e-07,1e-06,0.144482147557332,2911419,127729899,813.9916740730349,349.61544690367856,,0,0.0,0.0,0.0,0.0,0.0,0.0,0.0,9.066922
Bump_2911,acg-device-nvshmem,2,8,55407163,2,acg-results/acg-device-nvshmem/suitesparse/Bump_2911/Bump_2911-rtol-1e-6-002-nodes-0008-procs-55407163-2-stderr.txt,valid,9.16055,26212.0,9.919325693814565e-07,1e-06,0.144430457269303,2911419,127729899,814.3086011311548,349.479246146803,,0,0.0,0.0,0.0,0.0,0.0,0.0,0.0,9.160539
Bump_2911,acg-device-nvshmem,2,8,55407163,3,acg-results/acg-device-nvshmem/suitesparse/Bump_2911/Bump_2911-rtol-1e-6-002-nodes-0008-procs-55407163-3-stderr.txt,valid,9.025629,25795.0,9.84479854665249e-07,1e-06,0.144528710450876,2911419,127729899,813.3335973698896,349.8983911610777,,0,0.0,0.0,0.0,0.0,0.0,0.0,0.0,9.025625
Bump_2911,acg-device-nvshmem,2,8,55407193,1,acg-results/acg-device-nvshmem/suitesparse/Bump_2911/Bump_2911-rtol-1e-6-002-nodes-0008-procs-55407193-1-stderr.txt,valid,9.111053,26066.0,9.365085597094031e-07,1e-06,0.144441387039725,2911419,127729899,814.1722865451446,349.53782705440034,,0,0.0,0.0,0.0,0.0,0.0,0.0,0.0,9.111051
Bump_2911,acg-device-nvshmem,2,8,55407193,2,acg-results/acg-device-nvshmem/suitesparse/Bump_2911/Bump_2911-rtol-1e-6-002-nodes-0008-procs-55407193-2-stderr.txt,valid,9.293372,26621.0,9.88511112642807e-07,1e-06,0.14432811958066,2911419,127729899,815.1944651719526,349.0992825213178,,0,0.0,0.0,0.0,0.0,0.0,0.0,0.0,9.293368
Bump_2911,acg-device-nvshmem,2,8,55407193,3,acg-results/acg-device-nvshmem/suitesparse/Bump_2911/Bump_2911-rtol-1e-6-002-nodes-0008-procs-55407193-3-stderr.txt,valid,9.081918,25992.0,9.697120998491636e-07,1e-06,0.144489581148412,2911419,127729899,814.4654442742161,349.41204986149586,,0,0.0,0.0,0.0,0.0,0.0,0.0,0.0,9.081909
Bump_2911,acg-device-nvshmem,2,8,55407210,1,acg-results/acg-device-nvshmem/suitesparse/Bump_2911/Bump_2911-rtol-1e-6-002-nodes-0008-procs-55407210-1-stderr.txt,valid,8.955209,25620.0,9.713576334561506e-07,1e-06,0.144602123877588,2911419,127729899,814.168251706465,349.53977361436375,,0,0.0,0.0,0.0,0.0,0.0,0.0,0.0,8.955205
Bump_2911,acg-device-nvshmem,2,8,55407210,2,acg-results/acg-device-nvshmem/suitesparse/Bump_2911/Bump_2911-rtol-1e-6-002-nodes-0008-procs-55407210-2-stderr.txt,valid,9.068126,25971.0,9.602043798546112e-07,1e-06,0.144500548266989,2911419,127729899,815.0451730582483,349.1635285510762,,0,0.0,0.0,0.0,0.0,0.0,0.0,0.0,9.068122
Bump_2911,acg-device-nvshmem,2,8,55407210,3,acg-results/acg-device-nvshmem/suitesparse/Bump_2911/Bump_2911-rtol-1e-6-002-nodes-0008-procs-55407210-3-stderr.txt,valid,9.192639,26292.0,9.320530858950131e-07,1e-06,0.144383062340534,2911419,127729899,813.9426094217341,349.6363532633501,,0,0.0,0.0,0.0,0.0,0.0,0.0,0.0,9.192636
Bump_2911,acg-device-nvshmem,4,16,55407166,1,acg-results/acg-device-nvshmem/suitesparse/Bump_2911/Bump_2911-rtol-1e-6-004-nodes-0016-procs-55407166-1-stderr.txt,valid,6.921599,26006.0,9.537117264565042e-07,1e-06,0.14446377587778,2911419,127729899,1069.246053486196,266.15392601707293,,0,0.0,0.0,0.0,0.0,0.0,0.0,0.0,6.921594
Bump_2911,acg-device-nvshmem,4,16,55407166,2,acg-results/acg-device-nvshmem/suitesparse/Bump_2911/Bump_2911-rtol-1e-6-004-nodes-0016-procs-55407166-2-stderr.txt,valid,6.8924,25950.0,9.142277381072691e-07,1e-06,0.144489267831417,2911419,127729899,1071.4636804648596,265.6030828516378,,0,0.0,0.0,0.0,0.0,0.0,0.0,0.0,6.892393
Bump_2911,acg-device-nvshmem,4,16,55407166,3,acg-results/acg-device-nvshmem/suitesparse/Bump_2911/Bump_2911-rtol-1e-6-004-nodes-0016-procs-55407166-3-stderr.txt,valid,6.79077,25535.0,9.769133204805673e-07,1e-06,0.144594958025892,2911419,127729899,1070.1081123666388,265.9396906207167,,0,0.0,0.0,0.0,0.0,0.0,0.0,0.0,6.790763
Bump_2911,acg-device-nvshmem,4,16,55407194,1,acg-results/acg-device-nvshmem/suitesparse/Bump_2911/Bump_2911-rtol-1e-6-004-nodes-0016-procs-55407194-1-stderr.txt,valid,6.774365,25489.0,9.94522485238763e-07,1e-06,0.144602320218942,2911419,127729899,1070.767173420387,265.77602102867905,,0,0.0,0.0,0.0,0.0,0.0,0.0,0.0,6.774362
Bump_2911,acg-device-nvshmem,4,16,55407194,2,acg-results/acg-device-nvshmem/suitesparse/Bump_2911/Bump_2911-rtol-1e-6-004-nodes-0016-procs-55407194-2-stderr.txt,valid,6.917635,26052.0,9.909536157033174e-07,1e-06,0.144463561164606,2911419,127729899,1071.7510851630652,265.53182097343773,,0,0.0,0.0,0.0,0.0,0.0,0.0,0.0,6.917631
Bump_2911,acg-device-nvshmem,4,16,55407194,3,acg-results/acg-device-nvshmem/suitesparse/Bump_2911/Bump_2911-rtol-1e-6-004-nodes-0016-procs-55407194-3-stderr.txt,valid,6.980025,26303.0,9.839955281045013e-07,1e-06,0.144398568360778,2911419,127729899,1072.4045958288114,265.36991978101355,,0,0.0,0.0,0.0,0.0,0.0,0.0,0.0,6.980022
Bump_2911,acg-device-nvshmem,4,16,55407212,1,acg-results/acg-device-nvshmem/suitesparse/Bump_2911/Bump_2911-rtol-1e-6-004-nodes-0016-procs-55407212-1-stderr.txt,valid,6.77065,25583.0,9.798672164748408e-07,1e-06,0.144582871344592,2911419,127729899,1075.3055641097974,264.6542625962553,,0,0.0,0.0,0.0,0.0,0.0,0.0,0.0,6.770642
Bump_2911,acg-device-nvshmem,4,16,55407212,2,acg-results/acg-device-nvshmem/suitesparse/Bump_2911/Bump_2911-rtol-1e-6-004-nodes-0016-procs-55407212-2-stderr.txt,valid,7.113017,26819.0,8.975821700927324e-07,1e-06,0.144244324702501,2911419,127729899,1072.9977261136871,265.2230508221783,,0,0.0,0.0,0.0,0.0,0.0,0.0,0.0,7.113013
Bump_2911,acg-device-nvshmem,4,16,55407212,3,acg-results/acg-device-nvshmem/suitesparse/Bump_2911/Bump_2911-rtol-1e-6-004-nodes-0016-procs-55407212-3-stderr.txt,valid,7.001372,26387.0,9.558506972758539e-07,1e-06,0.144366180778584,2911419,127729899,1072.5490809504195,265.33414181225606,,0,0.0,0.0,0.0,0.0,0.0,0.0,0.0,7.001366
Bump_2911,acg-device-nvshmem,8,32,55407167,1,acg-results/acg-device-nvshmem/suitesparse/Bump_2911/Bump_2911-rtol-1e-6-008-nodes-0032-procs-55407167-1-stderr.txt,valid,6.405938,26134.0,9.984219310115382e-07,1e-06,0.144423892109956,2911419,127729899,1161.0037257663125,245.11892553761385,,0,0.0,0.0,0.0,0.0,0.0,0.0,0.0,6.405928
Bump_2911,acg-device-nvshmem,8,32,55407167,2,acg-results/acg-device-nvshmem/suitesparse/Bump_2911/Bump_2911-rtol-1e-6-008-nodes-0032-procs-55407167-2-stderr.txt,valid,6.403939,26118.0,9.039733212143654e-07,1e-06,0.14445335398684,2911419,127729899,1160.6551375989059,245.19254919978562,,0,0.0,0.0,0.0,0.0,0.0,0.0,0.0,6.40393
Bump_2911,acg-device-nvshmem,8,32,55407167,3,acg-results/acg-device-nvshmem/suitesparse/Bump_2911/Bump_2911-rtol-1e-6-008-nodes-0032-procs-55407167-3-stderr.txt,valid,6.419169,26200.0,9.530368397100744e-07,1e-06,0.144443171536846,2911419,127729899,1161.5366051643132,245.0064503816794,,0,0.0,0.0,0.0,0.0,0.0,0.0,0.0,6.419161
Bump_2911,acg-device-nvshmem,8,32,55407195,1,acg-results/acg-device-nvshmem/suitesparse/Bump_2911/Bump_2911-rtol-1e-6-008-nodes-0032-procs-55407195-1-stderr.txt,valid,6.413378,26267.0,9.867073799728495e-07,1e-06,0.144395244476831,2911419,127729899,1165.5583415529227,244.1610385655004,,0,0.0,0.0,0.0,0.0,0.0,0.0,0.0,6.413354
Bump_2911,acg-device-nvshmem,8,32,55407195,2,acg-results/acg-device-nvshmem/suitesparse/Bump_2911/Bump_2911-rtol-1e-6-008-nodes-0032-procs-55407195-2-stderr.txt,valid,6.56413,26863.0,9.942082043568042e-07,1e-06,0.144260586925754,2911419,127729899,1164.6284156895126,244.3558053828686,,0,0.0,0.0,0.0,0.0,0.0,0.0,0.0,6.564122
Bump_2911,acg-device-nvshmem,8,32,55407195,3,acg-results/acg-device-nvshmem/suitesparse/Bump_2911/Bump_2911-rtol-1e-6-008-nodes-0032-procs-55407195-3-stderr.txt,valid,6.320421,25843.0,9.852324684440017e-07,1e-06,0.144516516497443,2911419,127729899,1163.6102807898399,244.5699415702511,,0,0.0,0.0,0.0,0.0,0.0,0.0,0.0,6.320412
Bump_2911,acg-device-nvshmem,8,32,55407213,1,acg-results/acg-device-nvshmem/suitesparse/Bump_2911/Bump_2911-rtol-1e-6-008-nodes-0032-procs-55407213-1-stderr.txt,valid,6.409222,26180.0,9.476879698367198e-07,1e-06,0.144426059451707,2911419,127729899,1162.4512754396712,244.81367456073338,,0,0.0,0.0,0.0,0.0,0.0,0.0,0.0,6.409216
Bump_2911,acg-device-nvshmem,8,32,55407213,2,acg-results/acg-device-nvshmem/suitesparse/Bump_2911/Bump_2911-rtol-1e-6-008-nodes-0032-procs-55407213-2-stderr.txt,valid,6.462747,26422.0,9.95562547839665e-07,1e-06,0.14435231809455,2911419,127729899,1163.479739122079,244.59719173416093,,0,0.0,0.0,0.0,0.0,0.0,0.0,0.0,6.462741
Bump_2911,acg-device-nvshmem,8,32,55407213,3,acg-results/acg-device-nvshmem/suitesparse/Bump_2911/Bump_2911-rtol-1e-6-008-nodes-0032-procs-55407213-3-stderr.txt,valid,6.448163,26417.0,9.81796469118963e-07,1e-06,0.144343788861269,2911419,127729899,1165.89055264763,244.09141840481507,,0,0.0,0.0,0.0,0.0,0.0,0.0,0.0,6.448156
Queen_4147,acg-device-nvshmem,1,2,55399446,1,acg-results/acg-device-nvshmem/suitesparse/Queen_4147/Queen_4147-rtol-1e-6-001-nodes-0002-procs-55399446-1-stderr.txt,valid,53.852368,26454.0,9.825689835626446e-07,1e-06,0.190174961779024,4147110,329499284,344.1054233689408,2035.6984955016253,,0,0.0,0.0,0.0,0.0,0.0,0.0,0.0,53.852368
Queen_4147,acg-device-nvshmem,1,2,55399446,2,acg-results/acg-device-nvshmem/suitesparse/Queen_4147/Queen_4147-rtol-1e-6-001-nodes-0002-procs-55399446-2-stderr.txt,valid,55.050161,27045.0,9.58773402511361e-07,1e-06,0.190148652114501,4147110,329499284,344.13831167265795,2035.502347938621,,0,0.0,0.0,0.0,0.0,0.0,0.0,0.0,55.050158
Queen_4147,acg-device-nvshmem,1,2,55399446,3,acg-results/acg-device-nvshmem/suitesparse/Queen_4147/Queen_4147-rtol-1e-6-001-nodes-0002-procs-55399446-3-stderr.txt,valid,54.072924,26563.0,9.817533491795826e-07,1e-06,0.190171136937426,4147110,329499284,344.1138689646597,2035.6482325038587,,0,0.0,0.0,0.0,0.0,0.0,0.0,0.0,54.072923
Queen_4147,acg-device-nvshmem,1,2,55399458,1,acg-results/acg-device-nvshmem/suitesparse/Queen_4147/Queen_4147-rtol-1e-6-001-nodes-0002-procs-55399458-1-stderr.txt,valid,54.434915,26719.0,9.859298561457473e-07,1e-06,0.190162427442744,4147110,329499284,343.83293061227346,2037.3110894868819,,0,0.0,0.0,0.0,0.0,0.0,0.0,0.0,54.434915
Queen_4147,acg-device-nvshmem,1,2,55399458,2,acg-results/acg-device-nvshmem/suitesparse/Queen_4147/Queen_4147-rtol-1e-6-001-nodes-0002-procs-55399458-2-stderr.txt,valid,52.51311,25776.0,9.979854047769583e-07,1e-06,0.190209834388632,4147110,329499284,343.83744278630616,2037.2870111731843,,0,0.0,0.0,0.0,0.0,0.0,0.0,0.0,52.513109
Queen_4147,acg-device-nvshmem,1,2,55399458,3,acg-results/acg-device-nvshmem/suitesparse/Queen_4147/Queen_4147-rtol-1e-6-001-nodes-0002-procs-55399458-3-stderr.txt,valid,54.682959,26842.0,9.646286035028989e-07,1e-06,0.190156681487373,4147110,329499284,343.84887842744575,2037.2162655539826,,0,0.0,0.0,0.0,0.0,0.0,0.0,0.0,54.682958
Queen_4147,acg-device-nvshmem,1,2,55399473,1,acg-results/acg-device-nvshmem/suitesparse/Queen_4147/Queen_4147-rtol-1e-6-001-nodes-0002-procs-55399473-1-stderr.txt,valid,54.137779,26575.0,9.973198814934594e-07,1e-06,0.190169693102115,4147110,329499284,343.8568974151673,2037.1694825964253,,0,0.0,0.0,0.0,0.0,0.0,0.0,0.0,54.137779
Queen_4147,acg-device-nvshmem,1,2,55399473,2,acg-results/acg-device-nvshmem/suitesparse/Queen_4147/Queen_4147-rtol-1e-6-001-nodes-0002-procs-55399473-2-stderr.txt,valid,55.242997,27112.0,9.971247488910648e-07,1e-06,0.190145660086067,4147110,329499284,343.78657862468975,2037.5847226320448,,0,0.0,0.0,0.0,0.0,0.0,0.0,0.0,55.242994
Queen_4147,acg-device-nvshmem,1,2,55399473,3,acg-results/acg-device-nvshmem/suitesparse/Queen_4147/Queen_4147-rtol-1e-6-001-nodes-0002-procs-55399473-3-stderr.txt,valid,54.685182,26838.0,9.71275091432185e-07,1e-06,0.190158213099508,4147110,329499284,343.78366414821477,2037.602727475967,,0,0.0,0.0,0.0,0.0,0.0,0.0,0.0,54.685181
Queen_4147,acg-device-nvshmem,1,4,55399447,1,acg-results/acg-device-nvshmem/suitesparse/Queen_4147/Queen_4147-rtol-1e-6-001-nodes-0004-procs-55399447-1-stderr.txt,valid,28.551494,26076.0,9.862645923852184e-07,1e-06,0.190196078768866,4147110,329499284,639.7603696519699,1094.9338088663906,,0,0.0,0.0,0.0,0.0,0.0,0.0,0.0,28.551492
Queen_4147,acg-device-nvshmem,1,4,55399447,2,acg-results/acg-device-nvshmem/suitesparse/Queen_4147/Queen_4147-rtol-1e-6-001-nodes-0004-procs-55399447-2-stderr.txt,valid,29.295999,26760.0,9.771390456522397e-07,1e-06,0.190161627346198,4147110,329499284,639.8565076571718,1094.7682735426008,,0,0.0,0.0,0.0,0.0,0.0,0.0,0.0,29.295998
Queen_4147,acg-device-nvshmem,1,4,55399447,3,acg-results/acg-device-nvshmem/suitesparse/Queen_4147/Queen_4147-rtol-1e-6-001-nodes-0004-procs-55399447-3-stderr.txt,valid,29.032465,26524.0,9.62357108213235e-07,1e-06,0.190172850026991,4147110,329499284,639.9706248442908,1094.5734052179157,,0,0.0,0.0,0.0,0.0,0.0,0.0,0.0,29.03246
Queen_4147,acg-device-nvshmem,1,4,55399459,1,acg-results/acg-device-nvshmem/suitesparse/Queen_4147/Queen_4147-rtol-1e-6-001-nodes-0004-procs-55399459-1-stderr.txt,valid,28.938447,26430.0,9.918760559041438e-07,1e-06,0.190177098602701,4147110,329499284,639.774505453869,1094.9090805902383,,0,0.0,0.0,0.0,0.0,0.0,0.0,0.0,28.938447
Queen_4147,acg-device-nvshmem,1,4,55399459,2,acg-results/acg-device-nvshmem/suitesparse/Queen_4147/Queen_4147-rtol-1e-6-001-nodes-0004-procs-55399459-2-stderr.txt,valid,29.560737,26995.0,9.566888197187387e-07,1e-06,0.190151007428686,4147110,329499284,639.6946727156363,1095.0448972031857,,0,0.0,0.0,0.0,0.0,0.0,0.0,0.0,29.560735
Queen_4147,acg-device-nvshmem,1,4,55399459,3,acg-results/acg-device-nvshmem/suitesparse/Queen_4147/Queen_4147-rtol-1e-6-001-nodes-0004-procs-55399459-3-stderr.txt,valid,29.369663,26826.0,9.927708405948924e-07,1e-06,0.190157806401262,4147110,329499284,639.8257483089268,1094.820808171177,,0,0.0,0.0,0.0,0.0,0.0,0.0,0.0,29.36966
Queen_4147,acg-device-nvshmem,1,4,55399475,1,acg-results/acg-device-nvshmem/suitesparse/Queen_4147/Queen_4147-rtol-1e-6-001-nodes-0004-procs-55399475-1-stderr.txt,valid,29.297456,26741.0,9.96037046781609e-07,1e-06,0.190162399379688,4147110,329499284,639.3704178538915,1095.6006132904529,,0,0.0,0.0,0.0,0.0,0.0,0.0,0.0,29.297453
Queen_4147,acg-device-nvshmem,1,4,55399475,2,acg-results/acg-device-nvshmem/suitesparse/Queen_4147/Queen_4147-rtol-1e-6-001-nodes-0004-procs-55399475-2-stderr.txt,valid,28.99434,26473.0,9.58864820657107e-07,1e-06,0.190175599734492,4147110,329499284,639.5800288522519,1095.2419446228234,,0,0.0,0.0,0.0,0.0,0.0,0.0,0.0,28.994337
Queen_4147,acg-device-nvshmem,1,4,55399475,3,acg-results/acg-device-nvshmem/suitesparse/Queen_4147/Queen_4147-rtol-1e-6-001-nodes-0004-procs-55399475-3-stderr.txt,valid,29.570289,26994.0,9.72334947502706e-07,1e-06,0.190151566363246,4147110,329499284,639.4643458094035,1095.4393198488551,,0,0.0,0.0,0.0,0.0,0.0,0.0,0.0,29.570288
Queen_4147,acg-device-nvshmem,2,8,55399448,1,acg-results/acg-device-nvshmem/suitesparse/Queen_4147/Queen_4147-rtol-1e-6-002-nodes-0008-procs-55399448-1-stderr.txt,valid,17.100042,26790.0,9.994201746142554e-07,1e-06,0.190158170399592,4147110,329499284,1097.4388073729879,638.2994400895856,,0,0.0,0.0,0.0,0.0,0.0,0.0,0.0,17.100037
Queen_4147,acg-device-nvshmem,2,8,55399448,2,acg-results/acg-device-nvshmem/suitesparse/Queen_4147/Queen_4147-rtol-1e-6-002-nodes-0008-procs-55399448-2-stderr.txt,valid,17.211423,26988.0,9.896226117140701e-07,1e-06,0.190149072993919,4147110,329499284,1098.3951003221523,637.7435526900846,,0,0.0,0.0,0.0,0.0,0.0,0.0,0.0,17.211418
Queen_4147,acg-device-nvshmem,2,8,55399448,3,acg-results/acg-device-nvshmem/suitesparse/Queen_4147/Queen_4147-rtol-1e-6-002-nodes-0008-procs-55399448-3-stderr.txt,valid,16.855334,26429.0,9.820977870145391e-07,1e-06,0.190175034943115,4147110,329499284,1098.3692253360273,637.7590525559045,,0,0.0,0.0,0.0,0.0,0.0,0.0,0.0,16.85533
Queen_4147,acg-device-nvshmem,2,8,55399462,1,acg-results/acg-device-nvshmem/suitesparse/Queen_4147/Queen_4147-rtol-1e-6-002-nodes-0008-procs-55399462-1-stderr.txt,valid,17.060708,26693.0,9.911381200582108e-07,1e-06,0.190163850428744,4147110,329499284,1095.98641162559,639.1453939235006,,0,0.0,0.0,0.0,0.0,0.0,0.0,0.0,17.060702
Queen_4147,acg-device-nvshmem,2,8,55399462,2,acg-results/acg-device-nvshmem/suitesparse/Queen_4147/Queen_4147-rtol-1e-6-002-nodes-0008-procs-55399462-2-stderr.txt,valid,16.820274,26340.0,9.813273446529367e-07,1e-06,0.190179868621255,4147110,329499284,1096.9523057655304,638.5829157175399,,0,0.0,0.0,0.0,0.0,0.0,0.0,0.0,16.820267
Queen_4147,acg-device-nvshmem,2,8,55399462,3,acg-results/acg-device-nvshmem/suitesparse/Queen_4147/Queen_4147-rtol-1e-6-002-nodes-0008-procs-55399462-3-stderr.txt,valid,17.075942,26738.0,9.712534810002567e-07,1e-06,0.19016248209345,4147110,329499284,1096.8545849928514,638.6394644326427,,0,0.0,0.0,0.0,0.0,0.0,0.0,0.0,17.075932
Queen_4147,acg-device-nvshmem,2,8,55399476,1,acg-results/acg-device-nvshmem/suitesparse/Queen_4147/Queen_4147-rtol-1e-6-002-nodes-0008-procs-55399476-1-stderr.txt,valid,16.858677,26392.0,9.946997997682974e-07,1e-06,0.190177549286194,4147110,329499284,1096.6140919980849,638.7798196423158,,0,0.0,0.0,0.0,0.0,0.0,0.0,0.0,16.858672
Queen_4147,acg-device-nvshmem,2,8,55399476,2,acg-results/acg-device-nvshmem/suitesparse/Queen_4147/Queen_4147-rtol-1e-6-002-nodes-0008-procs-55399476-2-stderr.txt,valid,16.828402,26348.0,9.920072640330272e-07,1e-06,0.19017894684135,4147110,329499284,1096.7554795310928,638.6975102474572,,0,0.0,0.0,0.0,0.0,0.0,0.0,0.0,16.828399
Queen_4147,acg-device-nvshmem,2,8,55399476,3,acg-results/acg-device-nvshmem/suitesparse/Queen_4147/Queen_4147-rtol-1e-6-002-nodes-0008-procs-55399476-3-stderr.txt,valid,17.022022,26652.0,9.443837845492367e-07,1e-06,0.190164819442797,4147110,329499284,1096.7900807744227,638.677097403572,,0,0.0,0.0,0.0,0.0,0.0,0.0,0.0,17.022018
Queen_4147,acg-device-nvshmem,4,16,55399449,1,acg-results/acg-device-nvshmem/suitesparse/Queen_4147/Queen_4147-rtol-1e-6-004-nodes-0016-procs-55399449-1-stderr.txt,valid,11.03671,26398.0,9.98127934727978e-07,1e-06,0.190178057774244,4147110,329499284,1675.4690110233937,418.0888703689673,,0,0.0,0.0,0.0,0.0,0.0,0.0,0.0,11.036704
Queen_4147,acg-device-nvshmem,4,16,55399449,2,acg-results/acg-device-nvshmem/suitesparse/Queen_4147/Queen_4147-rtol-1e-6-004-nodes-0016-procs-55399449-2-stderr.txt,valid,11.271211,26934.0,9.750633646163788e-07,1e-06,0.190152786847743,4147110,329499284,1673.9210481198515,418.4751986336971,,0,0.0,0.0,0.0,0.0,0.0,0.0,0.0,11.271203
Queen_4147,acg-device-nvshmem,4,16,55399449,3,acg-results/acg-device-nvshmem/suitesparse/Queen_4147/Queen_4147-rtol-1e-6-004-nodes-0016-procs-55399449-3-stderr.txt,valid,11.091413,26513.0,9.583818594235613e-07,1e-06,0.190171987617145,4147110,329499284,1674.4683116995102,418.33866405159733,,0,0.0,0.0,0.0,0.0,0.0,0.0,0.0,11.091406
Queen_4147,acg-device-nvshmem,4,16,55399463,1,acg-results/acg-device-nvshmem/suitesparse/Queen_4147/Queen_4147-rtol-1e-6-004-nodes-0016-procs-55399463-1-stderr.txt,valid,11.246333,26920.0,9.91739318242421e-07,1e-06,0.190153475197063,4147110,329499284,1676.7519470878196,417.76868499257057,,0,0.0,0.0,0.0,0.0,0.0,0.0,0.0,11.246328
Queen_4147,acg-device-nvshmem,4,16,55399463,2,acg-results/acg-device-nvshmem/suitesparse/Queen_4147/Queen_4147-rtol-1e-6-004-nodes-0016-procs-55399463-2-stderr.txt,valid,10.999518,26345.0,9.715302304848996e-07,1e-06,0.190178929462809,4147110,329499284,1677.7590341911346,417.51823875498195,,0,0.0,0.0,0.0,0.0,0.0,0.0,0.0,10.999511
Queen_4147,acg-device-nvshmem,4,16,55399463,3,acg-results/acg-device-nvshmem/suitesparse/Queen_4147/Queen_4147-rtol-1e-6-004-nodes-0016-procs-55399463-3-stderr.txt,valid,10.816626,25891.0,9.83854765496614e-07,1e-06,0.190202163562578,4147110,329499284,1676.7268709277737,417.77552045112196,,0,0.0,0.0,0.0,0.0,0.0,0.0,0.0,10.816619
Queen_4147,acg-device-nvshmem,4,16,55399477,1,acg-results/acg-device-nvshmem/suitesparse/Queen_4147/Queen_4147-rtol-1e-6-004-nodes-0016-procs-55399477-1-stderr.txt,valid,11.348301,27101.0,9.848643552505668e-07,1e-06,0.190144859452214,4147110,329499284,1672.8579692463215,418.74104276594954,,0,0.0,0.0,0.0,0.0,0.0,0.0,0.0,11.348293
Queen_4147,acg-device-nvshmem,4,16,55399477,2,acg-results/acg-device-nvshmem/suitesparse/Queen_4147/Queen_4147-rtol-1e-6-004-nodes-0016-procs-55399477-2-stderr.txt,valid,11.011811,26316.0,9.74329650434372e-07,1e-06,0.190180721517537,4147110,329499284,1674.041361214427,418.4454704362365,,0,0.0,0.0,0.0,0.0,0.0,0.0,0.0,11.011807
Queen_4147,acg-device-nvshmem,4,16,55399477,3,acg-results/acg-device-nvshmem/suitesparse/Queen_4147/Queen_4147-rtol-1e-6-004-nodes-0016-procs-55399477-3-stderr.txt,valid,11.214224,26775.0,9.989398375380735e-07,1e-06,0.190158980063709,4147110,329499284,1672.4958100968913,418.8318954248366,,0,0.0,0.0,0.0,0.0,0.0,0.0,0.0,11.214221
Queen_4147,acg-device-nvshmem,8,32,55399450,1,acg-results/acg-device-nvshmem/suitesparse/Queen_4147/Queen_4147-rtol-1e-6-008-nodes-0032-procs-55399450-1-stderr.txt,valid,8.96302,26723.0,9.791311370690362e-07,1e-06,0.190161588407607,4147110,329499284,2088.5056856675537,335.40470755528946,,0,0.0,0.0,0.0,0.0,0.0,0.0,0.0,8.963012
Queen_4147,acg-device-nvshmem,8,32,55399450,2,acg-results/acg-device-nvshmem/suitesparse/Queen_4147/Queen_4147-rtol-1e-6-008-nodes-0032-procs-55399450-2-stderr.txt,valid,9.032886,26974.0,9.404523990352433e-07,1e-06,0.190149742152861,4147110,329499284,2091.8160726726765,334.87380440424107,,0,0.0,0.0,0.0,0.0,0.0,0.0,0.0,9.032879
Queen_4147,acg-device-nvshmem,8,32,55399450,3,acg-results/acg-device-nvshmem/suitesparse/Queen_4147/Queen_4147-rtol-1e-6-008-nodes-0032-procs-55399450-3-stderr.txt,valid,8.794917,26245.0,9.885901972149393e-07,1e-06,0.190184367823538,4147110,329499284,2090.354431934719,335.10828729281764,,0,0.0,0.0,0.0,0.0,0.0,0.0,0.0,8.794908
Queen_4147,acg-device-nvshmem,8,32,55399464,1,acg-results/acg-device-nvshmem/suitesparse/Queen_4147/Queen_4147-rtol-1e-6-008-nodes-0032-procs-55399464-1-stderr.txt,valid,8.827688,26333.0,9.599208954446855e-07,1e-06,0.190179469632622,4147110,329499284,2089.577141855489,335.23290168229977,,0,0.0,0.0,0.0,0.0,0.0,0.0,0.0,8.827679
Queen_4147,acg-device-nvshmem,8,32,55399464,2,acg-results/acg-device-nvshmem/suitesparse/Queen_4147/Queen_4147-rtol-1e-6-008-nodes-0032-procs-55399464-2-stderr.txt,valid,9.037977,26968.0,9.953508935481083e-07,1e-06,0.190150483938283,4147110,329499284,2090.1727565153133,335.13708840106796,,0,0.0,0.0,0.0,0.0,0.0,0.0,0.0,9.037954
Queen_4147,acg-device-nvshmem,8,32,55399464,3,acg-results/acg-device-nvshmem/suitesparse/Queen_4147/Queen_4147-rtol-1e-6-008-nodes-0032-procs-55399464-3-stderr.txt,valid,8.981343,26808.0,9.631390500731848e-07,1e-06,0.19015729767394,4147110,329499284,2090.87417689448,335.0247314234557,,0,0.0,0.0,0.0,0.0,0.0,0.0,0.0,8.981337
Queen_4147,acg-device-nvshmem,8,32,55399478,1,acg-results/acg-device-nvshmem/suitesparse/Queen_4147/Queen_4147-rtol-1e-6-008-nodes-0032-procs-55399478-1-stderr.txt,valid,8.913924,26743.0,9.680659793901964e-07,1e-06,0.190160352813551,4147110,329499284,2101.580361702882,333.3180271472909,,0,0.0,0.0,0.0,0.0,0.0,0.0,0.0,8.913906
Queen_4147,acg-device-nvshmem,8,32,55399478,2,acg-results/acg-device-nvshmem/suitesparse/Queen_4147/Queen_4147-rtol-1e-6-008-nodes-0032-procs-55399478-2-stderr.txt,valid,8.840817,26502.0,9.904677725006715e-07,1e-06,0.190171869989822,4147110,329499284,2099.8641227529088,333.590559203079,,0,0.0,0.0,0.0,0.0,0.0,0.0,0.0,8.840799
Queen_4147,acg-device-nvshmem,8,32,55399478,3,acg-results/acg-device-nvshmem/suitesparse/Queen_4147/Queen_4147-rtol-1e-6-008-nodes-0032-procs-55399478-3-stderr.txt,valid,8.850998,26548.0,9.390490930847135e-07,1e-06,0.190168678496667,4147110,329499284,2101.089169701767,333.39603736628,,0,0.0,0.0,0.0,0.0,0.0,0.0,0.0,8.850978
