benchmark,topology,case,backend,n,bytes,median_us,job_min_us,job_max_us,n_jobs,n_trials,stored_mean_us,phase_pack_us,phase_halo_us,phase_compute_us,phase_reduce_us,phase_total_us
pingpong,1n2g,,cuda_mpi,1,4,2.94873,2.866616666666667,3.04042,5,15,2.9613546666666664,,,,,
pingpong,1n2g,,cuda_nccl,1,4,15.286633333333333,15.1639,15.438333333333334,5,15,15.273606666666668,,,,,
pingpong,1n2g,,cuda_nvshmem,1,4,7.79338,7.51917,7.9803766666666665,5,15,7.752034,,,,,
pingpong,1n2g,,oshmpi,1,4,9.663829999999999,9.60795,9.67897,5,15,9.649574,,,,,
pingpong,1n2g,,sycl_mpi,1,4,3.0099466666666665,2.88832,3.050386666666667,5,15,2.97902,,,,,
pingpong,1n2g,,sycl_oneccl,1,4,16.4682,16.4043,16.5945,5,15,16.493626666666668,,,,,
pingpong,1n2g,,cuda_mpi,2,8,2.9609233333333336,2.84177,2.97714,5,15,2.920408,,,,,
pingpong,1n2g,,cuda_nccl,2,8,15.2001,15.080033333333333,15.216166666666666,5,15,15.179226666666667,,,,,
pingpong,1n2g,,cuda_nvshmem,2,8,7.7120033333333335,7.38008,7.85196,5,15,7.641673333333333,,,,,
pingpong,1n2g,,oshmpi,2,8,9.615786666666667,9.537186666666667,9.68711,5,15,9.618386,,,,,
pingpong,1n2g,,sycl_mpi,2,8,2.9203333333333332,2.892846666666667,2.9854566666666664,5,15,2.9278826666666666,,,,,
pingpong,1n2g,,sycl_oneccl,2,8,16.4184,16.352633333333333,16.487633333333335,5,15,16.414666666666665,,,,,
pingpong,1n2g,,cuda_mpi,4,16,1.5261866666666668,1.3557966666666668,1.6678566666666668,5,15,1.4894786666666666,,,,,
pingpong,1n2g,,cuda_nccl,4,16,15.0262,14.992833333333333,15.078333333333333,5,15,15.030606666666667,,,,,
pingpong,1n2g,,cuda_nvshmem,4,16,7.563103333333333,7.27751,7.718333333333334,5,15,7.524044,,,,,
pingpong,1n2g,,oshmpi,4,16,9.619633333333333,9.5483,9.65303,5,15,9.607039333333335,,,,,
pingpong,1n2g,,sycl_mpi,4,16,1.4309066666666668,1.2912066666666666,1.4762199999999999,5,15,1.3979666666666666,,,,,
pingpong,1n2g,,sycl_oneccl,4,16,16.473399999999998,16.363666666666667,16.552,5,15,16.451226666666667,,,,,
pingpong,1n2g,,cuda_mpi,8,32,2.1245533333333335,2.04649,2.2269466666666666,5,15,2.1158306666666666,,,,,
pingpong,1n2g,,cuda_nccl,8,32,15.0477,14.9904,15.076966666666667,5,15,15.041046666666666,,,,,
pingpong,1n2g,,cuda_nvshmem,8,32,7.560773333333334,7.27409,7.721663333333334,5,15,7.520876666666666,,,,,
pingpong,1n2g,,oshmpi,8,32,9.6131,9.531953333333334,9.673383333333334,5,15,9.605766666666666,,,,,
pingpong,1n2g,,sycl_mpi,8,32,2.0751566666666665,2.029523333333333,2.09226,5,15,2.0681719999999997,,,,,
pingpong,1n2g,,sycl_oneccl,8,32,16.4433,16.268966666666667,16.496133333333333,5,15,16.408733333333334,,,,,
pingpong,1n2g,,cuda_mpi,16,64,2.5571166666666665,2.2100366666666664,2.610446666666667,5,15,2.442788,,,,,
pingpong,1n2g,,cuda_nccl,16,64,14.933566666666668,14.8947,15.120566666666667,5,15,14.963146666666667,,,,,
pingpong,1n2g,,cuda_nvshmem,16,64,7.56771,7.273843333333334,7.726823333333334,5,15,7.526194666666667,,,,,
pingpong,1n2g,,oshmpi,16,64,9.592986666666667,9.508903333333333,9.630833333333333,5,15,9.579024666666667,,,,,
pingpong,1n2g,,sycl_mpi,16,64,2.2648966666666666,2.233276666666667,2.411436666666667,5,15,2.309633333333333,,,,,
pingpong,1n2g,,sycl_oneccl,16,64,16.373833333333334,16.2355,16.4143,5,15,16.345373333333335,,,,,
pingpong,1n2g,,cuda_mpi,32,128,2.5399833333333333,2.4684866666666667,2.8050433333333333,5,15,2.613356,,,,,
pingpong,1n2g,,cuda_nccl,32,128,14.9401,14.907,14.985100000000001,5,15,14.940306666666666,,,,,
pingpong,1n2g,,cuda_nvshmem,32,128,7.608536666666667,7.27343,7.741630000000001,5,15,7.542030666666666,,,,,
pingpong,1n2g,,oshmpi,32,128,9.58171,9.524413333333333,9.646623333333332,5,15,9.587607333333333,,,,,
pingpong,1n2g,,sycl_mpi,32,128,2.3750500000000003,2.28197,2.4782333333333333,5,15,2.3748206666666665,,,,,
pingpong,1n2g,,sycl_oneccl,32,128,16.307933333333335,16.1588,16.384566666666668,5,15,16.277106666666665,,,,,
pingpong,1n2g,,cuda_mpi,64,256,2.34215,2.3157366666666666,2.5551500000000003,5,15,2.3831906666666667,,,,,
pingpong,1n2g,,cuda_nccl,64,256,14.855966666666667,14.806766666666666,14.9274,5,15,14.859160000000001,,,,,
pingpong,1n2g,,cuda_nvshmem,64,256,7.575106666666667,7.29287,7.74533,5,15,7.5457399999999994,,,,,
pingpong,1n2g,,oshmpi,64,256,9.62947,9.549903333333333,9.644503333333333,5,15,9.603370666666667,,,,,
pingpong,1n2g,,sycl_mpi,64,256,2.4319366666666666,2.32523,2.63067,5,15,2.4354666666666662,,,,,
pingpong,1n2g,,sycl_oneccl,64,256,16.3068,16.151466666666668,16.333,5,15,16.271853333333333,,,,,
pingpong,1n2g,,cuda_mpi,128,512,3.1407866666666666,2.9336466666666667,3.30152,5,15,3.13503,,,,,
pingpong,1n2g,,cuda_nccl,128,512,14.862066666666667,14.749466666666667,14.983866666666668,5,15,14.876,,,,,
pingpong,1n2g,,cuda_nvshmem,128,512,7.55396,7.28558,7.716593333333334,5,15,7.522426666666666,,,,,
pingpong,1n2g,,oshmpi,128,512,9.597333333333333,9.592996666666666,9.674673333333333,5,15,9.618452,,,,,
pingpong,1n2g,,sycl_mpi,128,512,3.1351,2.9810966666666667,3.2622033333333333,5,15,3.1198686666666666,,,,,
pingpong,1n2g,,sycl_oneccl,128,512,16.3447,16.1527,16.375666666666667,5,15,16.30948,,,,,
pingpong,1n2g,,cuda_mpi,256,1024,8.722303333333334,8.623493333333334,9.08742,5,15,8.769441333333333,,,,,
pingpong,1n2g,,cuda_nccl,256,1024,14.890133333333333,14.860100000000001,14.9431,5,15,14.890526666666666,,,,,
pingpong,1n2g,,cuda_nvshmem,256,1024,7.572826666666667,7.2909266666666666,7.72848,5,15,7.534267333333333,,,,,
pingpong,1n2g,,oshmpi,256,1024,9.616629999999999,9.555766666666667,9.666566666666666,5,15,9.615710666666667,,,,,
pingpong,1n2g,,sycl_mpi,256,1024,8.72185,8.59925,8.791846666666666,5,15,8.698182000000001,,,,,
pingpong,1n2g,,sycl_oneccl,256,1024,16.406200000000002,16.22543333333333,16.432666666666666,5,15,16.3689,,,,,
pingpong,1n2g,,cuda_mpi,512,2048,8.717156666666666,8.618856666666666,9.224906666666667,5,15,8.794006,,,,,
pingpong,1n2g,,cuda_nccl,512,2048,15.0516,15.0212,15.0766,5,15,15.052833333333332,,,,,
pingpong,1n2g,,cuda_nvshmem,512,2048,7.619253333333333,7.301633333333333,7.767426666666666,5,15,7.564465333333334,,,,,
pingpong,1n2g,,oshmpi,512,2048,9.603333333333333,9.557376666666666,9.83359,5,15,9.652374,,,,,
pingpong,1n2g,,sycl_mpi,512,2048,8.7058,8.61871,8.774676666666666,5,15,8.686937333333333,,,,,
pingpong,1n2g,,sycl_oneccl,512,2048,16.523699999999998,16.3558,16.5475,5,15,16.487993333333332,,,,,
pingpong,1n2g,,cuda_mpi,1024,4096,8.801516666666666,8.767376666666667,9.06259,5,15,8.844232666666667,,,,,
pingpong,1n2g,,cuda_nccl,1024,4096,15.494133333333334,15.4578,15.551033333333333,5,15,15.49956,,,,,
pingpong,1n2g,,cuda_nvshmem,1024,4096,7.7089799999999995,7.398306666666667,7.879863333333334,5,15,7.656244666666667,,,,,
pingpong,1n2g,,oshmpi,1024,4096,9.729693333333334,9.665243333333333,9.753706666666666,5,15,9.722337333333334,,,,,
pingpong,1n2g,,sycl_mpi,1024,4096,8.796016666666667,8.745863333333332,9.61118,5,15,8.952968,,,,,
pingpong,1n2g,,sycl_oneccl,1024,4096,16.9458,16.780433333333335,16.9919,5,15,16.922233333333335,,,,,
pingpong,1n2g,,cuda_mpi,2048,8192,8.967343333333334,8.937766666666667,10.058143333333334,5,15,9.180282666666667,,,,,
pingpong,1n2g,,cuda_nccl,2048,8192,16.348233333333333,16.302633333333333,16.360233333333333,5,15,16.340873333333334,,,,,
pingpong,1n2g,,cuda_nvshmem,2048,8192,8.077313333333333,7.856986666666667,8.287543333333334,5,15,8.060987333333333,,,,,
pingpong,1n2g,,oshmpi,2048,8192,9.80543,9.779026666666667,9.874863333333334,5,15,9.821050000000001,,,,,
pingpong,1n2g,,sycl_mpi,2048,8192,9.00446,8.935043333333333,9.424109999999999,5,15,9.076279999999999,,,,,
pingpong,1n2g,,sycl_oneccl,2048,8192,17.770633333333333,17.6625,17.861933333333333,5,15,17.770573333333335,,,,,
pingpong,1n2g,,cuda_mpi,4096,16384,9.06779,8.959543333333334,10.0692,5,15,9.245296666666666,,,,,
pingpong,1n2g,,cuda_nccl,4096,16384,17.804933333333334,17.7853,17.8695,5,15,17.8143,,,,,
pingpong,1n2g,,cuda_nvshmem,4096,16384,8.670246666666667,8.357626666666667,8.877286666666667,5,15,8.630881333333333,,,,,
pingpong,1n2g,,oshmpi,4096,16384,9.86614,9.816083333333333,9.919466666666667,5,15,9.866914000000001,,,,,
pingpong,1n2g,,sycl_mpi,4096,16384,9.045113333333333,8.99846,9.420466666666666,5,15,9.119444,,,,,
pingpong,1n2g,,sycl_oneccl,4096,16384,19.144566666666666,18.95266666666667,19.188033333333333,5,15,19.08192,,,,,
pingpong,1n2g,,cuda_mpi,8192,32768,9.160853333333334,9.108483333333334,9.60325,5,15,9.234408666666667,,,,,
pingpong,1n2g,,cuda_nccl,8192,32768,22.613466666666667,22.5758,22.639599999999998,5,15,22.606653333333334,,,,,
pingpong,1n2g,,cuda_nvshmem,8192,32768,9.161126666666666,8.849586666666667,9.387523333333334,5,15,9.122252666666666,,,,,
pingpong,1n2g,,oshmpi,8192,32768,9.90538,9.83888,9.939886666666666,5,15,9.900854666666667,,,,,
pingpong,1n2g,,sycl_mpi,8192,32768,9.17731,9.116193333333333,9.224596666666667,5,15,9.165367333333334,,,,,
pingpong,1n2g,,sycl_oneccl,8192,32768,19.50006666666667,19.448066666666666,19.570633333333333,5,15,19.49665333333333,,,,,
pingpong,1n2g,,cuda_mpi,16384,65536,9.635546666666666,9.58427,10.520143333333333,5,15,9.792608666666666,,,,,
pingpong,1n2g,,cuda_nccl,16384,65536,24.906933333333335,24.861766666666668,26.018966666666667,5,15,25.134206666666667,,,,,
pingpong,1n2g,,cuda_nvshmem,16384,65536,9.10961,8.838903333333334,9.328339999999999,5,15,9.074864666666667,,,,,
pingpong,1n2g,,oshmpi,16384,65536,10.2444,10.208333333333334,10.294766666666668,5,15,10.255613333333335,,,,,
pingpong,1n2g,,sycl_mpi,16384,65536,9.628046666666666,9.550413333333333,9.720266666666667,5,15,9.626997333333332,,,,,
pingpong,1n2g,,sycl_oneccl,16384,65536,20.968666666666667,20.903833333333335,21.01986666666667,5,15,20.95934,,,,,
pingpong,1n2g,,cuda_mpi,32768,131072,10.418933333333333,10.3438,11.289,5,15,10.576793333333335,,,,,
pingpong,1n2g,,cuda_nccl,32768,131072,26.758666666666667,26.674733333333332,26.783633333333334,5,15,26.739700000000003,,,,,
pingpong,1n2g,,cuda_nvshmem,32768,131072,9.353,9.038313333333333,9.594476666666667,5,15,9.317808000000001,,,,,
pingpong,1n2g,,oshmpi,32768,131072,11.0083,10.985466666666667,11.0675,5,15,11.0158,,,,,
pingpong,1n2g,,sycl_mpi,32768,131072,10.420466666666666,10.3253,10.5235,5,15,10.414586666666667,,,,,
pingpong,1n2g,,sycl_oneccl,32768,131072,23.808866666666667,23.758233333333333,24.037666666666667,5,15,23.85074,,,,,
pingpong,1n2g,,cuda_mpi,65536,262144,11.939766666666667,11.8541,12.7642,5,15,12.079659999999999,,,,,
pingpong,1n2g,,cuda_nccl,65536,262144,28.51246666666667,28.4501,28.540166666666668,5,15,28.504226666666668,,,,,
pingpong,1n2g,,cuda_nvshmem,65536,262144,10.717,10.453266666666666,10.953266666666668,5,15,10.722353333333333,,,,,
pingpong,1n2g,,oshmpi,65536,262144,12.492166666666666,12.4313,12.542933333333334,5,15,12.496246666666668,,,,,
pingpong,1n2g,,sycl_mpi,65536,262144,11.9658,11.827766666666667,12.2858,5,15,12.014066666666668,,,,,
pingpong,1n2g,,sycl_oneccl,65536,262144,32.04416666666667,31.9572,32.11416666666666,5,15,32.0372,,,,,
pingpong,1n2g,,cuda_mpi,131072,524288,15.1447,15.085666666666667,15.303433333333334,5,15,15.164626666666667,,,,,
pingpong,1n2g,,cuda_nccl,131072,524288,33.3442,33.2936,34.16923333333333,5,15,33.51416666666667,,,,,
pingpong,1n2g,,cuda_nvshmem,131072,524288,13.6584,13.484966666666667,13.899533333333332,5,15,13.652306666666668,,,,,
pingpong,1n2g,,oshmpi,131072,524288,15.593033333333333,15.570266666666667,15.629833333333334,5,15,15.595699999999999,,,,,
pingpong,1n2g,,sycl_mpi,131072,524288,15.201166666666667,15.049533333333333,15.925666666666666,5,15,15.324106666666667,,,,,
pingpong,1n2g,,sycl_oneccl,131072,524288,37.185900000000004,37.1114,37.24783333333333,5,15,37.183726666666665,,,,,
pingpong,1n2g,,cuda_mpi,262144,1048576,20.357833333333332,20.346833333333333,21.911966666666668,5,15,20.680493333333335,,,,,
pingpong,1n2g,,cuda_nccl,262144,1048576,43.762933333333336,43.624966666666666,43.79056666666666,5,15,43.73681333333333,,,,,
pingpong,1n2g,,cuda_nvshmem,262144,1048576,19.76643333333333,19.648666666666667,19.9331,5,15,19.782159999999998,,,,,
pingpong,1n2g,,oshmpi,262144,1048576,21.428966666666668,21.306533333333334,21.4483,5,15,21.40556666666667,,,,,
pingpong,1n2g,,sycl_mpi,262144,1048576,20.37356666666667,20.062233333333335,20.4357,5,15,20.320446666666665,,,,,
pingpong,1n2g,,sycl_oneccl,262144,1048576,47.5457,47.4542,47.762233333333334,5,15,47.57327333333333,,,,,
pingpong,1n2g,,cuda_mpi,524288,2097152,31.5255,31.43326666666667,31.979866666666666,5,15,31.601020000000002,,,,,
pingpong,1n2g,,cuda_nccl,524288,2097152,64.47076666666666,64.3982,64.56343333333334,5,15,64.47796,,,,,
pingpong,1n2g,,cuda_nvshmem,524288,2097152,33.86656666666667,33.55506666666667,34.1036,5,15,33.839686666666665,,,,,
pingpong,1n2g,,oshmpi,524288,2097152,32.4858,32.441433333333336,32.58586666666667,5,15,32.50904,,,,,
pingpong,1n2g,,sycl_mpi,524288,2097152,31.5169,31.222333333333335,31.591866666666665,5,15,31.468473333333336,,,,,
pingpong,1n2g,,sycl_oneccl,524288,2097152,67.9899,67.9393,68.25203333333333,5,15,68.03374666666667,,,,,
pingpong,1n2g,,cuda_mpi,1048576,4194304,53.84226666666667,53.767966666666666,55.17486666666667,5,15,54.09422,,,,,
pingpong,1n2g,,cuda_nccl,1048576,4194304,92.04773333333333,91.89716666666666,92.2858,5,15,92.07564666666667,,,,,
pingpong,1n2g,,cuda_nvshmem,1048576,4194304,58.1663,57.8608,58.824866666666665,5,15,58.240186666666666,,,,,
pingpong,1n2g,,oshmpi,1048576,4194304,55.1151,54.95686666666667,55.1414,5,15,55.085386666666665,,,,,
pingpong,1n2g,,sycl_mpi,1048576,4194304,53.83466666666667,53.60823333333333,53.88596666666667,5,15,53.784,,,,,
pingpong,1n2g,,sycl_oneccl,1048576,4194304,96.05973333333334,95.00283333333333,96.62536666666666,5,15,95.98358666666667,,,,,
pingpong,1n2g,,cuda_mpi,2097152,8388608,98.47306666666667,98.3803,99.2109,5,15,98.68003333333333,,,,,
pingpong,1n2g,,cuda_nccl,2097152,8388608,145.05666666666667,144.03799999999998,147.948,5,15,145.25433333333334,,,,,
pingpong,1n2g,,cuda_nvshmem,2097152,8388608,109.263,109.15,109.842,5,15,109.34966666666668,,,,,
pingpong,1n2g,,oshmpi,2097152,8388608,100.02136666666667,99.8526,100.28753333333333,5,15,100.04525333333332,,,,,
pingpong,1n2g,,sycl_mpi,2097152,8388608,98.4543,98.20763333333333,98.50773333333333,5,15,98.40980666666665,,,,,
pingpong,1n2g,,sycl_oneccl,2097152,8388608,149.839,149.33733333333333,151.96766666666664,5,15,150.411,,,,,
pingpong,1n2g,,cuda_mpi,4194304,16777216,187.85266666666666,187.76366666666667,191.53633333333332,5,15,188.57653333333334,,,,,
pingpong,1n2g,,cuda_nccl,4194304,16777216,251.30866666666668,248.55933333333334,253.489,5,15,250.97246666666666,,,,,
pingpong,1n2g,,cuda_nvshmem,4194304,16777216,231.106,230.415,236.16966666666667,5,15,232.34413333333333,,,,,
pingpong,1n2g,,oshmpi,4194304,16777216,189.601,189.41666666666666,189.86466666666666,5,15,189.6156,,,,,
pingpong,1n2g,,sycl_mpi,4194304,16777216,187.86466666666666,187.71966666666668,187.90066666666667,5,15,187.82053333333334,,,,,
pingpong,1n2g,,sycl_oneccl,4194304,16777216,257.3366666666667,256.04266666666666,260.15166666666664,5,15,257.73333333333335,,,,,
pingpong,2n1g,,cuda_mpi,1,4,3.358153333333333,2.455016666666667,3.9783666666666666,5,15,3.2171233333333333,,,,,
pingpong,2n1g,,cuda_nccl,1,4,28.781066666666668,28.6368,28.8881,5,15,28.76642,,,,,
pingpong,2n1g,,cuda_nvshmem,1,4,17.1706,16.895,17.8843,5,15,17.324513333333336,,,,,
pingpong,2n1g,,oshmpi,1,4,7.27543,5.9777933333333335,8.29715,5,15,7.318602,,,,,
pingpong,2n1g,,sycl_mpi,1,4,3.0943633333333334,2.99958,3.8109533333333334,5,15,3.2305173333333332,,,,,
pingpong,2n1g,,sycl_oneccl,1,4,33.78906666666666,33.401266666666665,33.94583333333333,5,15,33.73528666666667,,,,,
pingpong,2n1g,,cuda_mpi,2,8,3.4641966666666666,2.435156666666667,3.99706,5,15,3.240606,,,,,
pingpong,2n1g,,cuda_nccl,2,8,28.729733333333332,28.617066666666666,28.8276,5,15,28.738493333333334,,,,,
pingpong,2n1g,,cuda_nvshmem,2,8,17.0785,16.878,17.817933333333333,5,15,17.26851333333333,,,,,
pingpong,2n1g,,oshmpi,2,8,7.263743333333333,5.933766666666666,8.289563333333334,5,15,7.309836000000001,,,,,
pingpong,2n1g,,sycl_mpi,2,8,3.08391,2.98631,3.84008,5,15,3.2567000000000004,,,,,
pingpong,2n1g,,sycl_oneccl,2,8,33.67986666666667,33.39613333333333,33.853033333333336,5,15,33.63169333333333,,,,,
pingpong,2n1g,,cuda_mpi,4,16,2.5882,1.9865933333333334,3.2570533333333334,5,15,2.6114326666666665,,,,,
pingpong,2n1g,,cuda_nccl,4,16,28.079533333333334,27.8736,28.2319,5,15,28.067766666666667,,,,,
pingpong,2n1g,,cuda_nvshmem,4,16,17.163433333333334,16.807166666666667,17.834233333333334,5,15,17.27456,,,,,
pingpong,2n1g,,oshmpi,4,16,7.28412,5.94478,8.273976666666666,5,15,7.305710666666667,,,,,
pingpong,2n1g,,sycl_mpi,4,16,2.6142266666666667,2.52968,2.83836,5,15,2.6575213333333334,,,,,
pingpong,2n1g,,sycl_oneccl,4,16,33.075066666666665,32.586600000000004,33.07833333333333,5,15,32.94208666666667,,,,,
pingpong,2n1g,,cuda_mpi,8,32,2.595753333333333,2.001246666666667,2.9791166666666666,5,15,2.5752420000000003,,,,,
pingpong,2n1g,,cuda_nccl,8,32,28.129066666666667,27.902466666666665,28.228166666666667,5,15,28.11392,,,,,
pingpong,2n1g,,cuda_nvshmem,8,32,17.0727,16.828833333333332,17.727466666666665,5,15,17.202173333333334,,,,,
pingpong,2n1g,,oshmpi,8,32,7.241493333333334,6.00478,8.265963333333334,5,15,7.311407333333333,,,,,
pingpong,2n1g,,sycl_mpi,8,32,2.6557333333333335,2.54767,2.8773333333333335,5,15,2.682490666666667,,,,,
pingpong,2n1g,,sycl_oneccl,8,32,32.973600000000005,32.635733333333334,33.158966666666664,5,15,32.95144666666667,,,,,
pingpong,2n1g,,cuda_mpi,16,64,2.7640666666666664,2.1416333333333335,3.12375,5,15,2.6966966666666665,,,,,
pingpong,2n1g,,cuda_nccl,16,64,28.0274,27.8194,28.121766666666666,5,15,27.979066666666665,,,,,
pingpong,2n1g,,cuda_nvshmem,16,64,17.031466666666667,16.7486,17.728233333333336,5,15,17.1691,,,,,
pingpong,2n1g,,oshmpi,16,64,7.254506666666667,5.9847133333333336,8.278436666666666,5,15,7.306468666666666,,,,,
pingpong,2n1g,,sycl_mpi,16,64,2.86295,2.71451,3.0436933333333336,5,15,2.862984,,,,,
pingpong,2n1g,,sycl_oneccl,16,64,32.8912,32.4516,33.81283333333334,5,15,33.00506666666667,,,,,
pingpong,2n1g,,cuda_mpi,32,128,2.7527,2.163186666666667,3.1312433333333334,5,15,2.720749333333333,,,,,
pingpong,2n1g,,cuda_nccl,32,128,28.054133333333333,27.7558,28.1551,5,15,27.97515333333333,,,,,
pingpong,2n1g,,cuda_nvshmem,32,128,17.1337,16.868533333333332,17.744566666666667,5,15,17.241373333333335,,,,,
pingpong,2n1g,,oshmpi,32,128,7.291566666666666,6.013553333333333,8.27214,5,15,7.330533333333333,,,,,
pingpong,2n1g,,sycl_mpi,32,128,2.8871533333333335,2.69836,3.0352,5,15,2.8435146666666666,,,,,
pingpong,2n1g,,sycl_oneccl,32,128,32.79343333333333,32.588766666666665,32.98266666666667,5,15,32.78651333333333,,,,,
pingpong,2n1g,,cuda_mpi,64,256,2.8411466666666665,2.18481,3.26161,5,15,2.7905713333333333,,,,,
pingpong,2n1g,,cuda_nccl,64,256,28.107466666666667,27.7851,28.182433333333332,5,15,28.008806666666665,,,,,
pingpong,2n1g,,cuda_nvshmem,64,256,17.3107,16.85963333333333,17.73943333333333,5,15,17.281086666666667,,,,,
pingpong,2n1g,,oshmpi,64,256,7.270546666666667,6.0588,8.304326666666666,5,15,7.33673,,,,,
pingpong,2n1g,,sycl_mpi,64,256,2.90147,2.761756666666667,3.0863266666666664,5,15,2.90139,,,,,
pingpong,2n1g,,sycl_oneccl,64,256,32.977,32.516,34.80096666666667,5,15,33.25122,,,,,
pingpong,2n1g,,cuda_mpi,128,512,2.800046666666667,2.233703333333333,3.2534066666666663,5,15,2.8175726666666665,,,,,
pingpong,2n1g,,cuda_nccl,128,512,28.080233333333332,27.813366666666667,28.193066666666667,5,15,28.026593333333334,,,,,
pingpong,2n1g,,cuda_nvshmem,128,512,17.299933333333332,16.938966666666666,17.855466666666665,5,15,17.36596666666667,,,,,
pingpong,2n1g,,oshmpi,128,512,7.407276666666666,6.058816666666667,8.303133333333333,5,15,7.394909333333334,,,,,
pingpong,2n1g,,sycl_mpi,128,512,2.9239533333333334,2.80069,3.15564,5,15,2.944409333333333,,,,,
pingpong,2n1g,,sycl_oneccl,128,512,32.95623333333334,32.5449,33.1295,5,15,32.911946666666665,,,,,
pingpong,2n1g,,cuda_mpi,256,1024,5.298046666666667,4.08788,6.89494,5,15,5.5438160000000005,,,,,
pingpong,2n1g,,cuda_nccl,256,1024,28.2245,28.021866666666664,28.366866666666667,5,15,28.18829333333333,,,,,
pingpong,2n1g,,cuda_nvshmem,256,1024,17.348933333333335,17.031166666666667,17.950633333333332,5,15,17.435426666666668,,,,,
pingpong,2n1g,,oshmpi,256,1024,7.441196666666667,6.137136666666667,8.45821,5,15,7.496542666666667,,,,,
pingpong,2n1g,,sycl_mpi,256,1024,6.014026666666667,5.754886666666667,6.373426666666667,5,15,6.048170666666667,,,,,
pingpong,2n1g,,sycl_oneccl,256,1024,32.962633333333336,32.652499999999996,33.14756666666667,5,15,32.946173333333334,,,,,
pingpong,2n1g,,cuda_mpi,512,2048,5.576243333333333,4.278036666666667,7.070686666666667,5,15,5.757122666666667,,,,,
pingpong,2n1g,,cuda_nccl,512,2048,28.476733333333332,28.297333333333334,28.5499,5,15,28.43189333333333,,,,,
pingpong,2n1g,,cuda_nvshmem,512,2048,17.520933333333332,17.082566666666665,18.2255,5,15,17.5842,,,,,
pingpong,2n1g,,oshmpi,512,2048,8.36301,6.266276666666666,8.98516,5,15,7.921673999999999,,,,,
pingpong,2n1g,,sycl_mpi,512,2048,6.2771,5.90075,6.574493333333333,5,15,6.247048666666667,,,,,
pingpong,2n1g,,sycl_oneccl,512,2048,33.038866666666664,32.77426666666667,33.3474,5,15,33.07682666666667,,,,,
pingpong,2n1g,,cuda_mpi,1024,4096,6.279506666666666,4.67393,8.113686666666666,5,15,6.4494446666666665,,,,,
pingpong,2n1g,,cuda_nccl,1024,4096,29.079333333333334,28.7421,29.1798,5,15,28.993586666666666,,,,,
pingpong,2n1g,,cuda_nvshmem,1024,4096,17.982233333333333,17.70606666666667,18.851466666666667,5,15,18.198919999999998,,,,,
pingpong,2n1g,,oshmpi,1024,4096,8.325383333333333,6.671513333333333,9.340403333333333,5,15,8.300715333333333,,,,,
pingpong,2n1g,,sycl_mpi,1024,4096,7.003003333333333,6.718133333333333,7.504666666666666,5,15,7.052465333333333,,,,,
pingpong,2n1g,,sycl_oneccl,1024,4096,33.61136666666667,33.45016666666667,33.9671,5,15,33.661386666666665,,,,,
pingpong,2n1g,,cuda_mpi,2048,8192,6.80604,5.04692,8.528583333333334,5,15,6.863250666666667,,,,,
pingpong,2n1g,,cuda_nccl,2048,8192,29.776333333333334,29.6026,29.999333333333333,5,15,29.782326666666666,,,,,
pingpong,2n1g,,cuda_nvshmem,2048,8192,18.6341,18.208933333333334,19.496466666666667,5,15,18.75726,,,,,
pingpong,2n1g,,oshmpi,2048,8192,8.765013333333334,7.25231,9.830796666666666,5,15,8.780988666666667,,,,,
pingpong,2n1g,,sycl_mpi,2048,8192,7.763893333333334,7.07322,7.863583333333334,5,15,7.556913333333333,,,,,
pingpong,2n1g,,sycl_oneccl,2048,8192,34.3324,34.178533333333334,34.774233333333335,5,15,34.46241333333333,,,,,
pingpong,2n1g,,cuda_mpi,4096,16384,7.8354333333333335,5.81009,9.653486666666668,5,15,7.819156,,,,,
pingpong,2n1g,,cuda_nccl,4096,16384,33.8762,33.16616666666667,34.7193,5,15,33.85451333333334,,,,,
pingpong,2n1g,,cuda_nvshmem,4096,16384,19.5008,19.04693333333333,20.3234,5,15,19.61558666666667,,,,,
pingpong,2n1g,,oshmpi,4096,16384,9.860546666666666,7.7223,10.903933333333333,5,15,9.640595333333332,,,,,
pingpong,2n1g,,sycl_mpi,4096,16384,8.27673,7.991416666666667,9.038526666666666,5,15,8.402526666666667,,,,,
pingpong,2n1g,,sycl_oneccl,4096,16384,38.589,38.142133333333334,38.81646666666667,5,15,38.48965333333333,,,,,
pingpong,2n1g,,cuda_mpi,8192,32768,8.65959,6.709066666666667,10.645003333333333,5,15,8.711529333333335,,,,,
pingpong,2n1g,,cuda_nccl,8192,32768,36.068333333333335,35.255,36.3544,5,15,35.91509333333333,,,,,
pingpong,2n1g,,cuda_nvshmem,8192,32768,21.476166666666668,20.929199999999998,22.093466666666668,5,15,21.48968,,,,,
pingpong,2n1g,,oshmpi,8192,32768,11.539533333333333,9.074366666666666,13.091366666666667,5,15,11.274239999999999,,,,,
pingpong,2n1g,,sycl_mpi,8192,32768,9.325163333333332,8.705683333333333,10.302263333333332,5,15,9.456181333333332,,,,,
pingpong,2n1g,,sycl_oneccl,8192,32768,41.157266666666665,40.74803333333333,41.7756,5,15,41.215259999999994,,,,,
pingpong,2n1g,,cuda_mpi,16384,65536,10.8636,8.495783333333334,13.358466666666667,5,15,10.725063333333333,,,,,
pingpong,2n1g,,cuda_nccl,16384,65536,39.6688,39.12283333333333,40.150533333333335,5,15,39.694673333333334,,,,,
pingpong,2n1g,,cuda_nvshmem,16384,65536,25.652666666666665,25.199233333333332,26.504266666666666,5,15,25.76192,,,,,
pingpong,2n1g,,oshmpi,16384,65536,14.996533333333334,11.742566666666667,17.264033333333334,5,15,14.50118,,,,,
pingpong,2n1g,,sycl_mpi,16384,65536,11.2988,10.6246,13.932933333333333,5,15,12.050793333333333,,,,,
pingpong,2n1g,,sycl_oneccl,16384,65536,50.3659,49.68813333333333,50.86643333333333,5,15,50.31287333333333,,,,,
pingpong,2n1g,,cuda_mpi,32768,131072,15.486866666666666,12.1867,18.122533333333333,5,15,15.172213333333334,,,,,
pingpong,2n1g,,cuda_nccl,32768,131072,48.79346666666667,47.7884,49.7695,5,15,48.88722,,,,,
pingpong,2n1g,,cuda_nvshmem,32768,131072,33.74263333333333,33.25076666666667,34.6987,5,15,33.89162666666667,,,,,
pingpong,2n1g,,oshmpi,32768,131072,21.886766666666666,17.106633333333335,26.522333333333332,5,15,21.68789333333333,,,,,
pingpong,2n1g,,sycl_mpi,32768,131072,16.1149,14.731366666666666,20.791466666666665,5,15,17.2745,,,,,
pingpong,2n1g,,sycl_oneccl,32768,131072,58.4016,57.492266666666666,59.1577,5,15,58.25326,,,,,
pingpong,2n1g,,cuda_mpi,65536,262144,23.895966666666666,20.3242,27.7419,5,15,23.51936,,,,,
pingpong,2n1g,,cuda_nccl,65536,262144,61.807066666666664,60.59956666666667,62.08546666666667,5,15,61.54589333333333,,,,,
pingpong,2n1g,,cuda_nvshmem,65536,262144,44.41563333333333,44.0179,45.2159,5,15,44.56977333333334,,,,,
pingpong,2n1g,,oshmpi,65536,262144,33.05513333333333,28.064233333333334,46.24883333333333,5,15,36.302726666666665,,,,,
pingpong,2n1g,,sycl_mpi,65536,262144,27.477533333333334,21.979566666666667,35.3662,5,15,28.23956666666667,,,,,
pingpong,2n1g,,sycl_oneccl,65536,262144,67.05773333333333,65.89763333333333,67.53903333333334,5,15,66.77351333333334,,,,,
pingpong,2n1g,,cuda_mpi,131072,524288,40.42746666666667,34.840466666666664,47.41036666666667,5,15,40.17870666666667,,,,,
pingpong,2n1g,,cuda_nccl,131072,524288,83.09026666666666,81.57426666666667,83.38666666666667,5,15,82.84646,,,,,
pingpong,2n1g,,cuda_nvshmem,131072,524288,65.82233333333333,65.35679999999999,66.49000000000001,5,15,65.90908666666667,,,,,
pingpong,2n1g,,oshmpi,131072,524288,57.309333333333335,49.10136666666667,67.56333333333333,5,15,57.720666666666666,,,,,
pingpong,2n1g,,sycl_mpi,131072,524288,55.849133333333334,36.80693333333333,62.48636666666667,5,15,50.79203333333333,,,,,
pingpong,2n1g,,sycl_oneccl,131072,524288,88.36873333333334,87.30753333333334,96.33203333333333,5,15,89.70351333333333,,,,,
pingpong,2n1g,,cuda_mpi,262144,1048576,71.8226,61.7676,85.51,5,15,72.70185333333333,,,,,
pingpong,2n1g,,cuda_nccl,262144,1048576,125.48233333333333,124.217,125.77933333333333,5,15,125.22553333333333,,,,,
pingpong,2n1g,,cuda_nvshmem,262144,1048576,109.02866666666667,108.00966666666667,110.286,5,15,108.92493333333333,,,,,
pingpong,2n1g,,oshmpi,262144,1048576,102.818,93.07673333333334,117.14133333333334,5,15,104.47632666666667,,,,,
pingpong,2n1g,,sycl_mpi,262144,1048576,114.54353333333334,64.46119999999999,124.33166666666666,5,15,98.04585333333333,,,,,
pingpong,2n1g,,sycl_oneccl,262144,1048576,134.581,133.503,134.81466666666665,5,15,134.3788,,,,,
pingpong,2n1g,,cuda_mpi,524288,2097152,134.49200000000002,116.392,165.936,5,15,139.40446666666668,,,,,
pingpong,2n1g,,cuda_nccl,524288,2097152,214.804,213.39566666666667,214.976,5,15,214.47179999999997,,,,,
pingpong,2n1g,,cuda_nvshmem,524288,2097152,194.41466666666668,193.34366666666668,194.90766666666667,5,15,194.12233333333333,,,,,
pingpong,2n1g,,oshmpi,524288,2097152,200.753,179.36066666666667,235.97199999999998,5,15,206.61333333333332,,,,,
pingpong,2n1g,,sycl_mpi,524288,2097152,231.25799999999998,116.85433333333333,241.437,5,15,190.45766666666665,,,,,
pingpong,2n1g,,sycl_oneccl,524288,2097152,219.556,218.555,220.83133333333333,5,15,219.60846666666666,,,,,
pingpong,2n1g,,cuda_mpi,1048576,4194304,257.3966666666667,227.59333333333333,342.81966666666665,5,15,277.3419333333333,,,,,
pingpong,2n1g,,cuda_nccl,1048576,4194304,388.73866666666663,386.64933333333335,388.8566666666667,5,15,388.20286666666664,,,,,
pingpong,2n1g,,cuda_nvshmem,1048576,4194304,364.863,363.71233333333333,365.6143333333333,5,15,364.6225333333333,,,,,
pingpong,2n1g,,oshmpi,1048576,4194304,388.62233333333336,352.331,409.019,5,15,381.7618,,,,,
pingpong,2n1g,,sycl_mpi,1048576,4194304,472.5253333333333,227.904,484.9866666666667,5,15,380.3982,,,,,
pingpong,2n1g,,sycl_oneccl,1048576,4194304,393.9066666666667,392.5276666666667,398.1086666666667,5,15,394.3824666666667,,,,,
pingpong,2n1g,,cuda_mpi,2097152,8388608,504.516,444.0986666666667,697.4416666666667,5,15,555.0820666666666,,,,,
pingpong,2n1g,,cuda_nccl,2097152,8388608,737.895,734.6923333333333,738.189,5,15,737.1575333333333,,,,,
pingpong,2n1g,,cuda_nvshmem,2097152,8388608,705.0673333333333,704.6903333333333,705.9066666666666,5,15,705.2816666666666,,,,,
pingpong,2n1g,,oshmpi,2097152,8388608,757.385,697.928,835.7093333333333,5,15,764.8069333333333,,,,,
pingpong,2n1g,,sycl_mpi,2097152,8388608,924.7646666666667,444.91966666666667,958.589,5,15,747.5079333333334,,,,,
pingpong,2n1g,,sycl_oneccl,2097152,8388608,744.1593333333334,741.8493333333333,746.197,5,15,744.1278666666666,,,,,
pingpong,2n1g,,cuda_mpi,4194304,16777216,1000.3696666666667,885.5743333333334,1394.95,5,15,1111.8832,,,,,
pingpong,2n1g,,cuda_nccl,4194304,16777216,1436.6733333333334,1435.1366666666668,1436.88,5,15,1436.3953333333334,,,,,
pingpong,2n1g,,cuda_nvshmem,4194304,16777216,1388.24,1387.2466666666667,1388.79,5,15,1388.0353333333333,,,,,
pingpong,2n1g,,oshmpi,4194304,16777216,1614.0433333333333,1387.8866666666668,1680.9,5,15,1550.3113333333333,,,,,
pingpong,2n1g,,sycl_mpi,4194304,16777216,1736.5433333333333,879.0373333333333,1792.4333333333334,5,15,1423.0331333333334,,,,,
pingpong,2n1g,,sycl_oneccl,4194304,16777216,1444.77,1442.8733333333334,1449.4133333333334,5,15,1445.162,,,,,
halo_1d,1n2g,isolated,cuda_mpi,1,16,6.347136666666667,6.2672300000000005,6.56193,5,15,6.3706966666666665,,,,,
halo_1d,1n2g,isolated,cuda_nccl,1,16,22.1048,22.024966666666668,22.1573,5,15,22.09836,,,,,
halo_1d,1n2g,isolated,cuda_nvshmem,1,16,17.8314,17.541233333333334,18.5695,5,15,17.955140000000004,,,,,
halo_1d,1n2g,isolated,oshmpi,1,16,13.161833333333334,13.057433333333334,13.2196,5,15,13.153500000000001,,,,,
halo_1d,1n2g,isolated,sycl_mpi,1,16,7.1785266666666665,7.09113,7.28919,5,15,7.173508,,,,,
halo_1d,1n2g,isolated,sycl_oneccl,1,16,28.889166666666668,28.604300000000002,29.3059,5,15,28.905673333333333,,,,,
halo_1d,1n2g,steady,cuda_mpi,1,16,4.2101733333333335,4.088326666666666,4.253193333333333,5,15,4.190191333333333,,,,,
halo_1d,1n2g,steady,cuda_nccl,1,16,15.144333333333332,15.049966666666666,15.1833,5,15,15.124313333333333,,,,,
halo_1d,1n2g,steady,cuda_nvshmem,1,16,7.89916,7.537346666666667,8.1986,5,15,7.914772666666667,,,,,
halo_1d,1n2g,steady,oshmpi,1,16,5.856386666666666,5.847536666666667,5.86901,5,15,5.857890666666666,,,,,
halo_1d,1n2g,steady,sycl_mpi,1,16,4.205696666666666,4.175216666666667,4.21915,5,15,4.199820666666667,,,,,
halo_1d,1n2g,steady,sycl_oneccl,1,16,15.968233333333334,15.9636,16.068033333333332,5,15,15.99442,,,,,
halo_1d,1n2g,isolated,cuda_mpi,2,32,4.424713333333333,4.344083333333334,4.535426666666667,5,15,4.444884666666667,,,,,
halo_1d,1n2g,isolated,cuda_nccl,2,32,21.825466666666667,21.7559,21.936666666666667,5,15,21.844773333333332,,,,,
halo_1d,1n2g,isolated,cuda_nvshmem,2,32,17.735166666666668,17.389866666666666,18.4574,5,15,17.837813333333333,,,,,
halo_1d,1n2g,isolated,oshmpi,2,32,13.1044,13.029633333333333,13.226766666666666,5,15,13.109526666666666,,,,,
halo_1d,1n2g,isolated,sycl_mpi,2,32,4.457186666666667,4.39697,4.490106666666667,5,15,4.446805333333333,,,,,
halo_1d,1n2g,isolated,sycl_oneccl,2,32,28.541633333333333,28.448999999999998,28.649366666666666,5,15,28.553546666666666,,,,,
halo_1d,1n2g,steady,cuda_mpi,2,32,4.21349,4.1450499999999995,4.330996666666667,5,15,4.221096666666667,,,,,
halo_1d,1n2g,steady,cuda_nccl,2,32,15.0783,14.989766666666666,15.1182,5,15,15.060139999999999,,,,,
halo_1d,1n2g,steady,cuda_nvshmem,2,32,7.6229933333333335,7.401316666666666,8.41784,5,15,7.773534,,,,,
halo_1d,1n2g,steady,oshmpi,2,32,5.845693333333333,5.835833333333333,5.882063333333334,5,15,5.850696666666667,,,,,
halo_1d,1n2g,steady,sycl_mpi,2,32,4.143870000000001,4.132223333333333,4.258756666666667,5,15,4.168554666666667,,,,,
halo_1d,1n2g,steady,sycl_oneccl,2,32,15.9667,15.934099999999999,16.0675,5,15,15.985973333333334,,,,,
halo_1d,1n2g,isolated,cuda_mpi,4,64,3.1063266666666665,2.9959266666666666,3.3416966666666665,5,15,3.173023333333333,,,,,
halo_1d,1n2g,isolated,cuda_nccl,4,64,21.800766666666668,21.74823333333333,21.834233333333334,5,15,21.800326666666667,,,,,
halo_1d,1n2g,isolated,cuda_nvshmem,4,64,17.4421,17.306933333333333,18.2624,5,15,17.668613333333333,,,,,
halo_1d,1n2g,isolated,oshmpi,4,64,13.0069,12.923633333333333,13.1657,5,15,13.026733333333334,,,,,
halo_1d,1n2g,isolated,sycl_mpi,4,64,3.3693933333333335,3.2278633333333335,3.4445466666666666,5,15,3.3564686666666668,,,,,
halo_1d,1n2g,isolated,sycl_oneccl,4,64,28.556166666666666,28.309633333333334,28.62836666666667,5,15,28.504486666666665,,,,,
halo_1d,1n2g,steady,cuda_mpi,4,64,2.84808,2.55338,3.166123333333333,5,15,2.8936133333333336,,,,,
halo_1d,1n2g,steady,cuda_nccl,4,64,15.078100000000001,15.021566666666667,15.1159,5,15,15.068206666666667,,,,,
halo_1d,1n2g,steady,cuda_nvshmem,4,64,7.373453333333334,7.25842,8.220076666666667,5,15,7.597139333333334,,,,,
halo_1d,1n2g,steady,oshmpi,4,64,5.847296666666667,5.84532,5.8615466666666665,5,15,5.8516259999999996,,,,,
halo_1d,1n2g,steady,sycl_mpi,4,64,3.05609,2.7339666666666664,3.1260533333333336,5,15,2.983148,,,,,
halo_1d,1n2g,steady,sycl_oneccl,4,64,15.9877,15.939266666666667,16.0683,5,15,15.991453333333334,,,,,
halo_1d,1n2g,isolated,cuda_mpi,8,128,4.410946666666667,4.323193333333333,4.465646666666666,5,15,4.403918666666667,,,,,
halo_1d,1n2g,isolated,cuda_nccl,8,128,21.755566666666667,21.6763,21.8604,5,15,21.76831333333333,,,,,
halo_1d,1n2g,isolated,cuda_nvshmem,8,128,17.433933333333332,17.2946,18.271233333333335,5,15,17.65118,,,,,
halo_1d,1n2g,isolated,oshmpi,8,128,13.006866666666667,12.951166666666667,13.156033333333333,5,15,13.033700000000001,,,,,
halo_1d,1n2g,isolated,sycl_mpi,8,128,4.509173333333333,4.35268,4.56255,5,15,4.464494,,,,,
halo_1d,1n2g,isolated,sycl_oneccl,8,128,28.4819,28.30946666666667,28.74576666666667,5,15,28.47758666666667,,,,,
halo_1d,1n2g,steady,cuda_mpi,8,128,4.13378,4.11302,4.15468,5,15,4.136337999999999,,,,,
halo_1d,1n2g,steady,cuda_nccl,8,128,15.086833333333333,15.040366666666667,15.126933333333334,5,15,15.081526666666667,,,,,
halo_1d,1n2g,steady,cuda_nvshmem,8,128,7.38196,7.261986666666667,7.8107500000000005,5,15,7.479353333333334,,,,,
halo_1d,1n2g,steady,oshmpi,8,128,5.850803333333333,5.836046666666666,5.86469,5,15,5.850276666666667,,,,,
halo_1d,1n2g,steady,sycl_mpi,8,128,4.137496666666666,4.04833,4.17179,5,15,4.126301333333333,,,,,
halo_1d,1n2g,steady,sycl_oneccl,8,128,15.9763,15.9497,16.080000000000002,5,15,15.999666666666666,,,,,
halo_1d,1n2g,isolated,cuda_mpi,16,256,4.68479,4.608033333333333,4.880326666666667,5,15,4.723258,,,,,
halo_1d,1n2g,isolated,cuda_nccl,16,256,21.7473,21.690633333333334,21.853733333333334,5,15,21.759999999999998,,,,,
halo_1d,1n2g,isolated,cuda_nvshmem,16,256,17.478166666666667,17.272366666666667,18.3145,5,15,17.65544,,,,,
halo_1d,1n2g,isolated,oshmpi,16,256,13.055,13.021833333333333,13.225200000000001,5,15,13.084753333333333,,,,,
halo_1d,1n2g,isolated,sycl_mpi,16,256,4.884426666666666,4.813193333333333,4.90792,5,15,4.869725333333333,,,,,
halo_1d,1n2g,isolated,sycl_oneccl,16,256,28.4766,28.3009,28.6193,5,15,28.473546666666667,,,,,
halo_1d,1n2g,steady,cuda_mpi,16,256,4.452906666666667,4.39799,4.51788,5,15,4.447067333333333,,,,,
halo_1d,1n2g,steady,cuda_nccl,16,256,15.105500000000001,15.071466666666666,15.152733333333334,5,15,15.11144,,,,,
halo_1d,1n2g,steady,cuda_nvshmem,16,256,7.38718,7.268286666666667,7.8057333333333325,5,15,7.48307,,,,,
halo_1d,1n2g,steady,oshmpi,16,256,5.853716666666666,5.851683333333333,6.04017,5,15,5.892262666666666,,,,,
halo_1d,1n2g,steady,sycl_mpi,16,256,4.47987,4.4453933333333335,4.551506666666667,5,15,4.482073333333333,,,,,
halo_1d,1n2g,steady,sycl_oneccl,16,256,15.888833333333332,15.6733,16.05153333333333,5,15,15.871659999999999,,,,,
halo_1d,1n2g,isolated,cuda_mpi,32,512,4.752506666666666,4.62975,5.055986666666667,5,15,4.830062666666667,,,,,
halo_1d,1n2g,isolated,cuda_nccl,32,512,21.7483,21.704,21.910766666666667,5,15,21.769993333333332,,,,,
halo_1d,1n2g,isolated,cuda_nvshmem,32,512,17.4485,17.2826,18.284000000000002,5,15,17.665806666666665,,,,,
halo_1d,1n2g,isolated,oshmpi,32,512,13.0722,13.020466666666668,13.273233333333334,5,15,13.104446666666666,,,,,
halo_1d,1n2g,isolated,sycl_mpi,32,512,4.791773333333333,4.7085,4.9150833333333335,5,15,4.814968666666667,,,,,
halo_1d,1n2g,isolated,sycl_oneccl,32,512,28.284433333333332,27.879166666666666,28.495733333333334,5,15,28.212519999999998,,,,,
halo_1d,1n2g,steady,cuda_mpi,32,512,4.424623333333334,4.305216666666667,4.60459,5,15,4.4365526666666675,,,,,
halo_1d,1n2g,steady,cuda_nccl,32,512,15.126266666666666,14.7438,15.176666666666666,5,15,15.056846666666667,,,,,
halo_1d,1n2g,steady,cuda_nvshmem,32,512,7.3832,7.273723333333333,7.80586,5,15,7.484592,,,,,
halo_1d,1n2g,steady,oshmpi,32,512,5.864566666666667,5.850343333333333,5.86829,5,15,5.860963333333333,,,,,
halo_1d,1n2g,steady,sycl_mpi,32,512,4.337166666666667,4.3158,4.473093333333334,5,15,4.365914666666667,,,,,
halo_1d,1n2g,steady,sycl_oneccl,32,512,15.663,15.486366666666667,15.946466666666668,5,15,15.710213333333334,,,,,
halo_1d,1n2g,isolated,cuda_mpi,64,1024,6.470516666666667,5.766666666666667,6.6622433333333335,5,15,6.349506000000001,,,,,
halo_1d,1n2g,isolated,cuda_nccl,64,1024,21.5251,21.008399999999998,21.705566666666666,5,15,21.463093333333333,,,,,
halo_1d,1n2g,isolated,cuda_nvshmem,64,1024,17.4554,17.281966666666666,18.214133333333333,5,15,17.62976666666667,,,,,
halo_1d,1n2g,isolated,oshmpi,64,1024,13.059133333333333,13.0184,13.227266666666667,5,15,13.089626666666668,,,,,
halo_1d,1n2g,isolated,sycl_mpi,64,1024,6.08551,5.757703333333333,6.364136666666667,5,15,6.113033333333333,,,,,
halo_1d,1n2g,isolated,sycl_oneccl,64,1024,27.9724,27.901666666666667,28.005300000000002,5,15,27.954546666666666,,,,,
halo_1d,1n2g,steady,cuda_mpi,64,1024,5.9903699999999995,5.65515,6.1411,5,15,5.96958,,,,,
halo_1d,1n2g,steady,cuda_nccl,64,1024,14.888733333333333,14.401333333333334,14.998966666666666,5,15,14.811606666666668,,,,,
halo_1d,1n2g,steady,cuda_nvshmem,64,1024,7.369136666666667,7.26971,7.805663333333333,5,15,7.474762666666667,,,,,
halo_1d,1n2g,steady,oshmpi,64,1024,5.863133333333333,5.8546,5.870803333333334,5,15,5.862718,,,,,
halo_1d,1n2g,steady,sycl_mpi,64,1024,5.822536666666666,5.666676666666667,6.059856666666667,5,15,5.840070666666667,,,,,
halo_1d,1n2g,steady,sycl_oneccl,64,1024,15.516166666666665,15.4347,15.699566666666666,5,15,15.537886666666667,,,,,
halo_1d,1n2g,isolated,cuda_mpi,128,2048,7.7789633333333335,7.038876666666667,8.07816,5,15,7.642620666666667,,,,,
halo_1d,1n2g,isolated,cuda_nccl,128,2048,21.5491,21.0797,21.644933333333334,5,15,21.432806666666668,,,,,
halo_1d,1n2g,isolated,cuda_nvshmem,128,2048,17.456266666666668,17.272566666666666,18.230966666666667,5,15,17.652846666666665,,,,,
halo_1d,1n2g,isolated,oshmpi,128,2048,13.0881,13.043800000000001,13.255533333333332,5,15,13.111706666666667,,,,,
halo_1d,1n2g,isolated,sycl_mpi,128,2048,7.14176,7.002923333333333,8.06988,5,15,7.430279333333333,,,,,
halo_1d,1n2g,isolated,sycl_oneccl,128,2048,27.8965,27.599933333333333,27.9915,5,15,27.862926666666667,,,,,
halo_1d,1n2g,steady,cuda_mpi,128,2048,6.389573333333334,6.072416666666666,7.159373333333333,5,15,6.512125999999999,,,,,
halo_1d,1n2g,steady,cuda_nccl,128,2048,14.865733333333333,14.446,15.064933333333332,5,15,14.799553333333334,,,,,
halo_1d,1n2g,steady,cuda_nvshmem,128,2048,7.395173333333333,7.2663166666666665,7.809453333333334,5,15,7.489117333333334,,,,,
halo_1d,1n2g,steady,oshmpi,128,2048,5.873646666666667,5.863223333333333,5.907933333333333,5,15,5.879060666666667,,,,,
halo_1d,1n2g,steady,sycl_mpi,128,2048,6.127443333333334,5.90868,6.69815,5,15,6.201556,,,,,
halo_1d,1n2g,steady,sycl_oneccl,128,2048,15.537,15.243133333333333,15.6395,5,15,15.50198,,,,,
halo_1d,1n2g,isolated,cuda_mpi,256,4096,11.911133333333334,11.855333333333334,11.988066666666667,5,15,11.91714,,,,,
halo_1d,1n2g,isolated,cuda_nccl,256,4096,21.83983333333333,21.262333333333334,21.965366666666664,5,15,21.64777333333333,,,,,
halo_1d,1n2g,isolated,cuda_nvshmem,256,4096,17.554266666666667,17.3198,18.267966666666666,5,15,17.698573333333336,,,,,
halo_1d,1n2g,isolated,oshmpi,256,4096,13.184366666666667,13.141233333333334,13.240866666666667,5,15,13.186893333333334,,,,,
halo_1d,1n2g,isolated,sycl_mpi,256,4096,12.222166666666666,12.111266666666667,12.240933333333333,5,15,12.193726666666667,,,,,
halo_1d,1n2g,isolated,sycl_oneccl,256,4096,27.9509,27.597066666666667,28.165366666666667,5,15,27.887106666666668,,,,,
halo_1d,1n2g,steady,cuda_mpi,256,4096,11.702866666666667,11.658366666666666,11.727466666666666,5,15,11.701773333333334,,,,,
halo_1d,1n2g,steady,cuda_nccl,256,4096,14.752633333333334,14.614833333333333,15.2735,5,15,14.8399,,,,,
halo_1d,1n2g,steady,cuda_nvshmem,256,4096,7.399886666666666,7.2760766666666665,7.830333333333333,5,15,7.500577333333333,,,,,
halo_1d,1n2g,steady,oshmpi,256,4096,5.914013333333333,5.895033333333333,5.91647,5,15,5.90717,,,,,
halo_1d,1n2g,steady,sycl_mpi,256,4096,11.749133333333333,11.744066666666667,11.7579,5,15,11.74916,,,,,
halo_1d,1n2g,steady,sycl_oneccl,256,4096,15.455533333333333,15.164633333333333,15.654833333333334,5,15,15.412766666666666,,,,,
halo_1d,1n2g,isolated,cuda_mpi,512,8192,11.9962,11.9483,12.087766666666667,5,15,12.004693333333334,,,,,
halo_1d,1n2g,isolated,cuda_nccl,512,8192,21.653233333333333,21.372533333333333,22.1728,5,15,21.69577333333333,,,,,
halo_1d,1n2g,isolated,cuda_nvshmem,512,8192,17.3935,17.260266666666666,18.2138,5,15,17.592153333333332,,,,,
halo_1d,1n2g,isolated,oshmpi,512,8192,13.295266666666667,13.239033333333333,13.402566666666667,5,15,13.314086666666666,,,,,
halo_1d,1n2g,isolated,sycl_mpi,512,8192,12.201933333333333,12.190733333333332,12.330166666666667,5,15,12.239326666666667,,,,,
halo_1d,1n2g,isolated,sycl_oneccl,512,8192,28.077233333333332,27.9356,28.296533333333333,5,15,28.101166666666664,,,,,
halo_1d,1n2g,steady,cuda_mpi,512,8192,11.738533333333333,11.726266666666666,11.746766666666666,5,15,11.73888,,,,,
halo_1d,1n2g,steady,cuda_nccl,512,8192,14.959733333333334,14.657233333333334,15.650966666666667,5,15,15.06304,,,,,
halo_1d,1n2g,steady,cuda_nvshmem,512,8192,7.4184866666666665,7.2975433333333335,7.865983333333333,5,15,7.519370666666666,,,,,
halo_1d,1n2g,steady,oshmpi,512,8192,6.16149,6.14906,6.18853,5,15,6.1666419999999995,,,,,
halo_1d,1n2g,steady,sycl_mpi,512,8192,11.751333333333333,11.734266666666667,11.760366666666666,5,15,11.7468,,,,,
halo_1d,1n2g,steady,sycl_oneccl,512,8192,15.8026,15.4232,15.827066666666667,5,15,15.689506666666666,,,,,
halo_1d,1n2g,isolated,cuda_mpi,1024,16384,12.220466666666667,12.1174,12.292066666666667,5,15,12.2045,,,,,
halo_1d,1n2g,isolated,cuda_nccl,1024,16384,22.780166666666666,22.43423333333333,23.40876666666667,5,15,22.792446666666667,,,,,
halo_1d,1n2g,isolated,cuda_nvshmem,1024,16384,17.3969,17.334933333333332,18.295433333333335,5,15,17.65354,,,,,
halo_1d,1n2g,isolated,oshmpi,1024,16384,13.410533333333333,13.334133333333334,13.548133333333332,5,15,13.431106666666667,,,,,
halo_1d,1n2g,isolated,sycl_mpi,1024,16384,12.402666666666667,12.358666666666666,12.504133333333334,5,15,12.424119999999998,,,,,
halo_1d,1n2g,isolated,sycl_oneccl,1024,16384,29.073066666666666,28.7986,29.269933333333334,5,15,29.02636,,,,,
halo_1d,1n2g,steady,cuda_mpi,1024,16384,11.783366666666666,11.774366666666666,11.810366666666667,5,15,11.78992,,,,,
halo_1d,1n2g,steady,cuda_nccl,1024,16384,16.122966666666667,15.538033333333333,16.815033333333332,5,15,16.12258,,,,,
halo_1d,1n2g,steady,cuda_nvshmem,1024,16384,7.581653333333334,7.3738,7.938816666666667,5,15,7.632268,,,,,
halo_1d,1n2g,steady,oshmpi,1024,16384,6.199666666666666,6.185553333333333,6.210206666666667,5,15,6.197306,,,,,
halo_1d,1n2g,steady,sycl_mpi,1024,16384,11.842366666666667,11.797566666666667,11.909633333333334,5,15,11.839893333333332,,,,,
halo_1d,1n2g,steady,sycl_oneccl,1024,16384,16.552366666666668,16.259333333333334,16.682666666666666,5,15,16.479506666666666,,,,,
halo_1d,1n2g,isolated,cuda_mpi,2048,32768,12.988633333333333,12.805466666666666,13.020999999999999,5,15,12.958673333333333,,,,,
halo_1d,1n2g,isolated,cuda_nccl,2048,32768,24.845666666666666,24.318566666666666,25.534466666666667,5,15,24.97058666666667,,,,,
halo_1d,1n2g,isolated,cuda_nvshmem,2048,32768,18.007433333333335,17.908366666666666,18.8993,5,15,18.19212666666667,,,,,
halo_1d,1n2g,isolated,oshmpi,2048,32768,13.9267,13.844333333333333,14.024066666666666,5,15,13.931286666666667,,,,,
halo_1d,1n2g,isolated,sycl_mpi,2048,32768,13.139133333333334,12.999266666666667,13.166833333333333,5,15,13.110826666666666,,,,,
halo_1d,1n2g,isolated,sycl_oneccl,2048,32768,30.82913333333333,30.692733333333333,31.064233333333334,5,15,30.85479333333333,,,,,
halo_1d,1n2g,steady,cuda_mpi,2048,32768,12.534533333333334,12.432666666666668,12.6085,5,15,12.535413333333334,,,,,
halo_1d,1n2g,steady,cuda_nccl,2048,32768,17.8478,17.3212,18.537566666666667,5,15,17.893293333333336,,,,,
halo_1d,1n2g,steady,cuda_nvshmem,2048,32768,8.05106,7.991746666666667,8.605146666666666,5,15,8.153254,,,,,
halo_1d,1n2g,steady,oshmpi,2048,32768,6.6839699999999995,6.6736200000000006,6.69743,5,15,6.683431333333333,,,,,
halo_1d,1n2g,steady,sycl_mpi,2048,32768,12.577833333333334,12.491633333333334,12.593433333333333,5,15,12.549373333333333,,,,,
halo_1d,1n2g,steady,sycl_oneccl,2048,32768,18.339133333333333,18.227899999999998,18.41,5,15,18.331333333333337,,,,,
halo_1d,1n2g,isolated,cuda_mpi,4096,65536,13.096166666666667,13.072433333333333,13.116666666666667,5,15,13.094806666666667,,,,,
halo_1d,1n2g,isolated,cuda_nccl,4096,65536,28.976,28.673033333333333,29.847033333333332,5,15,29.116353333333333,,,,,
halo_1d,1n2g,isolated,cuda_nvshmem,4096,65536,19.082366666666665,19.032666666666668,20.127266666666667,5,15,19.301693333333333,,,,,
halo_1d,1n2g,isolated,oshmpi,4096,65536,13.9763,13.946933333333334,14.0885,5,15,14.001059999999999,,,,,
halo_1d,1n2g,isolated,sycl_mpi,4096,65536,13.278833333333333,13.265133333333333,13.355,5,15,13.294866666666667,,,,,
halo_1d,1n2g,isolated,sycl_oneccl,4096,65536,32.765499999999996,32.55416666666667,32.87703333333334,5,15,32.717706666666665,,,,,
halo_1d,1n2g,steady,cuda_mpi,4096,65536,12.609166666666667,12.594133333333334,12.674766666666667,5,15,12.623166666666666,,,,,
halo_1d,1n2g,steady,cuda_nccl,4096,65536,22.009566666666668,21.605566666666668,22.285733333333333,5,15,21.945933333333336,,,,,
halo_1d,1n2g,steady,cuda_nvshmem,4096,65536,9.09226,9.041093333333333,9.707756666666667,5,15,9.212038,,,,,
halo_1d,1n2g,steady,oshmpi,4096,65536,6.801876666666667,6.757536666666667,6.82792,5,15,6.79885,,,,,
halo_1d,1n2g,steady,sycl_mpi,4096,65536,12.694166666666666,12.6326,12.723433333333334,5,15,12.681333333333333,,,,,
halo_1d,1n2g,steady,sycl_oneccl,4096,65536,20.0481,19.965533333333333,20.087033333333334,5,15,20.041073333333333,,,,,
halo_1d,1n2g,isolated,cuda_mpi,8192,131072,13.416133333333335,13.371,13.506966666666667,5,15,13.425893333333333,,,,,
halo_1d,1n2g,isolated,cuda_nccl,8192,131072,35.54723333333333,35.4645,36.0106,5,15,35.665413333333326,,,,,
halo_1d,1n2g,isolated,cuda_nvshmem,8192,131072,19.654600000000002,19.608366666666665,20.773733333333332,5,15,19.87935333333333,,,,,
halo_1d,1n2g,isolated,oshmpi,8192,131072,14.117600000000001,14.096666666666668,14.2614,5,15,14.14162,,,,,
halo_1d,1n2g,isolated,sycl_mpi,8192,131072,13.668000000000001,13.566433333333334,13.7353,5,15,13.66502,,,,,
halo_1d,1n2g,isolated,sycl_oneccl,8192,131072,34.60426666666667,34.408366666666666,34.651266666666665,5,15,34.57156,,,,,
halo_1d,1n2g,steady,cuda_mpi,8192,131072,12.9071,12.8748,12.925733333333334,5,15,12.903746666666667,,,,,
halo_1d,1n2g,steady,cuda_nccl,8192,131072,28.4478,28.373933333333333,28.5959,5,15,28.484766666666665,,,,,
halo_1d,1n2g,steady,cuda_nvshmem,8192,131072,9.630056666666666,9.4759,10.316573333333332,5,15,9.719902666666666,,,,,
halo_1d,1n2g,steady,oshmpi,8192,131072,6.846466666666666,6.84047,6.85348,5,15,6.8467986666666665,,,,,
halo_1d,1n2g,steady,sycl_mpi,8192,131072,13.007066666666667,12.9802,13.0129,5,15,13.002753333333334,,,,,
halo_1d,1n2g,steady,sycl_oneccl,8192,131072,21.622433333333333,21.58416666666667,21.726066666666668,5,15,21.64148,,,,,
halo_1d,1n2g,isolated,cuda_mpi,16384,262144,14.325666666666667,14.280966666666668,14.458633333333333,5,15,14.365826666666667,,,,,
halo_1d,1n2g,isolated,cuda_nccl,16384,262144,40.656,40.55956666666667,40.850366666666666,5,15,40.67496666666667,,,,,
halo_1d,1n2g,isolated,cuda_nvshmem,16384,262144,19.877366666666667,19.8008,20.886333333333333,5,15,20.06482,,,,,
halo_1d,1n2g,isolated,oshmpi,16384,262144,14.972733333333334,14.875833333333334,15.0924,5,15,14.967080000000001,,,,,
halo_1d,1n2g,isolated,sycl_mpi,16384,262144,14.679666666666666,14.554833333333333,14.782566666666668,5,15,14.675600000000001,,,,,
halo_1d,1n2g,isolated,sycl_oneccl,16384,262144,39.378233333333334,38.870799999999996,39.405633333333334,5,15,39.212653333333336,,,,,
halo_1d,1n2g,steady,cuda_mpi,16384,262144,13.738966666666666,13.706666666666667,13.780666666666667,5,15,13.73756,,,,,
halo_1d,1n2g,steady,cuda_nccl,16384,262144,33.7219,33.66023333333333,33.85496666666667,5,15,33.746340000000004,,,,,
halo_1d,1n2g,steady,cuda_nvshmem,16384,262144,9.50238,9.49663,10.197453333333334,5,15,9.640760666666667,,,,,
halo_1d,1n2g,steady,oshmpi,16384,262144,7.422976666666667,7.40473,7.4506266666666665,5,15,7.4294426666666675,,,,,
halo_1d,1n2g,steady,sycl_mpi,16384,262144,13.781933333333333,13.752133333333333,13.812266666666666,5,15,13.787326666666667,,,,,
halo_1d,1n2g,steady,sycl_oneccl,16384,262144,25.666966666666667,25.630733333333332,25.8004,5,15,25.68936666666667,,,,,
halo_1d,1n2g,isolated,cuda_mpi,32768,524288,16.8336,16.76953333333333,17.235666666666667,5,15,16.91542666666667,,,,,
halo_1d,1n2g,isolated,cuda_nccl,32768,524288,43.43836666666667,43.073033333333335,43.57136666666667,5,15,43.345926666666664,,,,,
halo_1d,1n2g,isolated,cuda_nvshmem,32768,524288,21.460833333333333,21.28333333333333,21.767,5,15,21.48426,,,,,
halo_1d,1n2g,isolated,oshmpi,32768,524288,17.4482,17.209733333333332,17.5557,5,15,17.401473333333335,,,,,
halo_1d,1n2g,isolated,sycl_mpi,32768,524288,17.360433333333333,17.036466666666666,17.6448,5,15,17.295546666666667,,,,,
halo_1d,1n2g,isolated,sycl_oneccl,32768,524288,47.36796666666667,47.21836666666667,48.21083333333333,5,15,47.52690666666667,,,,,
halo_1d,1n2g,steady,cuda_mpi,32768,524288,15.3796,15.343866666666667,15.454566666666667,5,15,15.389626666666667,,,,,
halo_1d,1n2g,steady,cuda_nccl,32768,524288,36.009100000000004,35.88373333333333,36.331700000000005,5,15,36.08168,,,,,
halo_1d,1n2g,steady,cuda_nvshmem,32768,524288,10.070733333333333,10.000046666666666,10.084366666666666,5,15,10.054369333333334,,,,,
halo_1d,1n2g,steady,oshmpi,32768,524288,8.81704,8.807846666666666,8.83951,5,15,8.822332666666666,,,,,
halo_1d,1n2g,steady,sycl_mpi,32768,524288,15.499766666666666,15.435633333333334,15.5424,5,15,15.49298,,,,,
halo_1d,1n2g,steady,sycl_oneccl,32768,524288,33.5207,33.4854,33.64856666666667,5,15,33.53253333333333,,,,,
halo_1d,1n2g,isolated,cuda_mpi,65536,1048576,21.4388,21.006433333333334,22.154933333333332,5,15,21.593253333333333,,,,,
halo_1d,1n2g,isolated,cuda_nccl,65536,1048576,50.85523333333333,50.59646666666667,51.30583333333333,5,15,50.92107333333333,,,,,
halo_1d,1n2g,isolated,cuda_nvshmem,65536,1048576,26.416833333333333,26.405466666666666,27.281366666666667,5,15,26.64446,,,,,
halo_1d,1n2g,isolated,oshmpi,65536,1048576,21.8825,21.38233333333333,22.060166666666667,5,15,21.788413333333335,,,,,
halo_1d,1n2g,isolated,sycl_mpi,65536,1048576,22.109066666666667,21.7204,22.900066666666667,5,15,22.20292,,,,,
halo_1d,1n2g,isolated,sycl_oneccl,65536,1048576,60.104366666666664,59.351733333333335,60.135799999999996,5,15,59.82574666666667,,,,,
halo_1d,1n2g,steady,cuda_mpi,65536,1048576,18.396533333333334,18.365766666666666,18.475666666666665,5,15,18.40718,,,,,
halo_1d,1n2g,steady,cuda_nccl,65536,1048576,39.62746666666667,39.34113333333333,39.99583333333334,5,15,39.59939333333333,,,,,
halo_1d,1n2g,steady,cuda_nvshmem,65536,1048576,13.114133333333333,13.019866666666667,13.1202,5,15,13.085286666666667,,,,,
halo_1d,1n2g,steady,oshmpi,65536,1048576,11.859433333333333,11.601066666666666,12.035933333333334,5,15,11.83756,,,,,
halo_1d,1n2g,steady,sycl_mpi,65536,1048576,18.505766666666666,18.440966666666668,18.5208,5,15,18.494553333333332,,,,,
halo_1d,1n2g,steady,sycl_oneccl,65536,1048576,43.710433333333334,43.616933333333336,43.749266666666664,5,15,43.69854,,,,,
halo_1d,1n2g,isolated,cuda_mpi,131072,2097152,30.3647,29.164133333333332,31.06416666666667,5,15,30.197400000000002,,,,,
halo_1d,1n2g,isolated,cuda_nccl,131072,2097152,65.56400000000001,64.24713333333334,65.99116666666667,5,15,65.39622666666666,,,,,
halo_1d,1n2g,isolated,cuda_nvshmem,131072,2097152,34.37683333333333,33.799033333333334,34.910466666666665,5,15,34.465619999999994,,,,,
halo_1d,1n2g,isolated,oshmpi,131072,2097152,30.837166666666665,30.498966666666668,31.5031,5,15,30.90565333333333,,,,,
halo_1d,1n2g,isolated,sycl_mpi,131072,2097152,31.320899999999998,30.557566666666666,32.190933333333334,5,15,31.314753333333332,,,,,
halo_1d,1n2g,isolated,sycl_oneccl,131072,2097152,74.32916666666667,72.59806666666667,74.7493,5,15,74.02540666666667,,,,,
halo_1d,1n2g,steady,cuda_mpi,131072,2097152,24.42823333333333,24.392466666666667,24.437166666666666,5,15,24.420473333333334,,,,,
halo_1d,1n2g,steady,cuda_nccl,131072,2097152,50.923033333333336,50.481433333333335,51.1865,5,15,50.878233333333334,,,,,
halo_1d,1n2g,steady,cuda_nvshmem,131072,2097152,18.837466666666668,18.81673333333333,18.9744,5,15,18.869913333333333,,,,,
halo_1d,1n2g,steady,oshmpi,131072,2097152,18.324133333333332,17.725466666666666,18.5446,5,15,18.22312,,,,,
halo_1d,1n2g,steady,sycl_mpi,131072,2097152,24.506433333333334,24.472433333333335,24.574633333333335,5,15,24.517453333333332,,,,,
halo_1d,1n2g,steady,sycl_oneccl,131072,2097152,57.14536666666667,57.04213333333333,57.3071,5,15,57.15717333333334,,,,,
halo_1d,1n2g,isolated,cuda_mpi,262144,4194304,45.691500000000005,42.6149,46.732533333333336,5,15,45.33746,,,,,
halo_1d,1n2g,isolated,cuda_nccl,262144,4194304,90.80123333333333,89.21036666666667,91.1538,5,15,90.37617333333334,,,,,
halo_1d,1n2g,isolated,cuda_nvshmem,262144,4194304,49.335033333333335,48.69,49.5348,5,15,49.240433333333335,,,,,
halo_1d,1n2g,isolated,oshmpi,262144,4194304,46.07986666666667,44.57083333333333,46.2863,5,15,45.64396,,,,,
halo_1d,1n2g,isolated,sycl_mpi,262144,4194304,44.9565,44.6952,46.7192,5,15,45.52240666666667,,,,,
halo_1d,1n2g,isolated,sycl_oneccl,262144,4194304,99.49843333333334,97.5707,101.7898,5,15,99.60304,,,,,
halo_1d,1n2g,steady,cuda_mpi,262144,4194304,36.3079,36.28123333333333,36.3318,5,15,36.30505333333333,,,,,
halo_1d,1n2g,steady,cuda_nccl,262144,4194304,71.20183333333334,70.68533333333333,71.7166,5,15,71.22216,,,,,
halo_1d,1n2g,steady,cuda_nvshmem,262144,4194304,30.933333333333334,30.779933333333332,31.139499999999998,5,15,30.93631333333333,,,,,
halo_1d,1n2g,steady,oshmpi,262144,4194304,29.891733333333335,29.239066666666666,30.127933333333335,5,15,29.790560000000003,,,,,
halo_1d,1n2g,steady,sycl_mpi,262144,4194304,36.377966666666666,36.32593333333333,36.41983333333333,5,15,36.376086666666666,,,,,
halo_1d,1n2g,steady,sycl_oneccl,262144,4194304,86.16683333333333,86.02636666666666,86.43473333333333,5,15,86.22972,,,,,
halo_1d,1n2g,isolated,cuda_mpi,524288,8388608,74.92946666666667,70.7154,76.77243333333334,5,15,74.42758666666667,,,,,
halo_1d,1n2g,isolated,cuda_nccl,524288,8388608,138.50666666666666,133.676,141.84833333333333,5,15,137.75713333333334,,,,,
halo_1d,1n2g,isolated,cuda_nvshmem,524288,8388608,75.32213333333333,72.95016666666668,76.45616666666666,5,15,74.86129333333334,,,,,
halo_1d,1n2g,isolated,oshmpi,524288,8388608,68.3888,66.86056666666667,72.3572,5,15,68.73444666666667,,,,,
halo_1d,1n2g,isolated,sycl_mpi,524288,8388608,73.46983333333333,71.19016666666667,74.50293333333333,5,15,73.08356666666667,,,,,
halo_1d,1n2g,isolated,sycl_oneccl,524288,8388608,145.75166666666667,142.86566666666667,149.21433333333334,5,15,145.57013333333333,,,,,
halo_1d,1n2g,steady,cuda_mpi,524288,8388608,60.01266666666667,59.9485,60.062533333333334,5,15,60.007533333333335,,,,,
halo_1d,1n2g,steady,cuda_nccl,524288,8388608,112.69333333333333,112.63433333333333,112.97533333333334,5,15,112.7744,,,,,
halo_1d,1n2g,steady,cuda_nvshmem,524288,8388608,56.9246,56.795366666666666,57.2082,5,15,56.93162666666667,,,,,
halo_1d,1n2g,steady,oshmpi,524288,8388608,52.794266666666665,52.047200000000004,53.0295,5,15,52.66972666666666,,,,,
halo_1d,1n2g,steady,sycl_mpi,524288,8388608,60.111133333333335,60.043866666666666,60.1391,5,15,60.095479999999995,,,,,
halo_1d,1n2g,steady,sycl_oneccl,524288,8388608,139.60633333333334,139.38,140.09733333333332,5,15,139.6962,,,,,
halo_1d,1n2g,isolated,cuda_mpi,1048576,16777216,121.836,121.70633333333333,128.057,5,15,123.43713333333334,,,,,
halo_1d,1n2g,isolated,cuda_nccl,1048576,16777216,212.67833333333334,209.648,220.84633333333335,5,15,213.74653333333333,,,,,
halo_1d,1n2g,isolated,cuda_nvshmem,1048576,16777216,126.937,126.639,127.09,5,15,126.9222,,,,,
halo_1d,1n2g,isolated,oshmpi,1048576,16777216,116.624,115.297,123.862,5,15,117.68626666666665,,,,,
halo_1d,1n2g,isolated,sycl_mpi,1048576,16777216,122.037,121.53399999999999,128.341,5,15,123.36373333333333,,,,,
halo_1d,1n2g,isolated,sycl_oneccl,1048576,16777216,224.98833333333334,223.422,233.77666666666667,5,15,226.42306666666667,,,,,
halo_1d,1n2g,steady,cuda_mpi,1048576,16777216,107.36033333333333,107.29833333333333,107.40966666666667,5,15,107.3584,,,,,
halo_1d,1n2g,steady,cuda_nccl,1048576,16777216,183.06166666666667,182.67733333333334,183.69266666666667,5,15,183.1018,,,,,
halo_1d,1n2g,steady,cuda_nvshmem,1048576,16777216,105.68,105.51966666666667,106.028,5,15,105.70706666666666,,,,,
halo_1d,1n2g,steady,oshmpi,1048576,16777216,98.32426666666667,97.51303333333334,98.5784,5,15,98.18353333333333,,,,,
halo_1d,1n2g,steady,sycl_mpi,1048576,16777216,107.42133333333334,107.34133333333334,107.45433333333332,5,15,107.40833333333333,,,,,
halo_1d,1n2g,steady,sycl_oneccl,1048576,16777216,192.65333333333334,192.424,193.07333333333332,5,15,192.67706666666666,,,,,
halo_1d,1n4g,isolated,cuda_mpi,1,16,6.80413,6.780986666666666,6.8902,5,15,6.821436,,,,,
halo_1d,1n4g,isolated,cuda_nccl,1,16,18.480933333333333,18.362866666666665,20.955966666666665,5,15,19.32612,,,,,
halo_1d,1n4g,isolated,cuda_nvshmem,1,16,19.4373,19.27166666666667,19.864533333333334,5,15,19.482426666666665,,,,,
halo_1d,1n4g,isolated,oshmpi,1,16,12.255799999999999,12.208266666666667,12.354,5,15,12.27008,,,,,
halo_1d,1n4g,isolated,sycl_mpi,1,16,8.008986666666667,7.78125,8.07882,5,15,7.951407333333333,,,,,
halo_1d,1n4g,isolated,sycl_oneccl,1,16,26.1783,26.093233333333334,26.209333333333333,5,15,26.167646666666666,,,,,
halo_1d,1n4g,steady,cuda_mpi,1,16,4.408476666666667,4.363096666666666,4.48127,5,15,4.421819999999999,,,,,
halo_1d,1n4g,steady,cuda_nccl,1,16,10.9522,10.909799999999999,11.066666666666666,5,15,10.964353333333332,,,,,
halo_1d,1n4g,steady,cuda_nvshmem,1,16,8.76281,8.567603333333334,8.86993,5,15,8.751336666666667,,,,,
halo_1d,1n4g,steady,oshmpi,1,16,5.437423333333333,5.428826666666667,5.534836666666667,5,15,5.454696,,,,,
halo_1d,1n4g,steady,sycl_mpi,1,16,4.469033333333333,4.35618,4.48905,5,15,4.440853333333333,,,,,
halo_1d,1n4g,steady,sycl_oneccl,1,16,12.953999999999999,12.8027,13.1962,5,15,12.959333333333332,,,,,
halo_1d,1n4g,isolated,cuda_mpi,2,32,4.669553333333333,4.575683333333333,4.76383,5,15,4.6588606666666665,,,,,
halo_1d,1n4g,isolated,cuda_nccl,2,32,17.8552,17.8318,18.165266666666668,5,15,17.93394,,,,,
halo_1d,1n4g,isolated,cuda_nvshmem,2,32,19.536466666666666,19.4057,20.959366666666668,5,15,19.791433333333334,,,,,
halo_1d,1n4g,isolated,oshmpi,2,32,12.0773,12.042033333333332,12.1098,5,15,12.07664,,,,,
halo_1d,1n4g,isolated,sycl_mpi,2,32,4.71082,4.6535166666666665,4.776483333333333,5,15,4.71433,,,,,
halo_1d,1n4g,isolated,sycl_oneccl,2,32,25.447333333333333,25.439633333333333,25.560666666666666,5,15,25.48334,,,,,
halo_1d,1n4g,steady,cuda_mpi,2,32,4.3888533333333335,4.382526666666666,4.478176666666666,5,15,4.416950666666667,,,,,
halo_1d,1n4g,steady,cuda_nccl,2,32,10.7556,10.730166666666667,10.8749,5,15,10.778373333333333,,,,,
halo_1d,1n4g,steady,cuda_nvshmem,2,32,8.455673333333333,8.22808,8.4832,5,15,8.413768666666666,,,,,
halo_1d,1n4g,steady,oshmpi,2,32,5.34532,5.314586666666667,5.392416666666667,5,15,5.347266666666667,,,,,
halo_1d,1n4g,steady,sycl_mpi,2,32,4.37643,4.341946666666667,4.499709999999999,5,15,4.396708666666667,,,,,
halo_1d,1n4g,steady,sycl_oneccl,2,32,12.779933333333334,12.711233333333334,12.879733333333332,5,15,12.779706666666668,,,,,
halo_1d,1n4g,isolated,cuda_mpi,4,64,3.530213333333333,3.2562733333333336,3.644346666666667,5,15,3.4656360000000004,,,,,
halo_1d,1n4g,isolated,cuda_nccl,4,64,17.7454,17.673000000000002,17.8459,5,15,17.743993333333332,,,,,
halo_1d,1n4g,isolated,cuda_nvshmem,4,64,19.436066666666665,19.1083,19.5395,5,15,19.35183333333333,,,,,
halo_1d,1n4g,isolated,oshmpi,4,64,12.0353,11.986566666666667,12.092266666666667,5,15,12.043513333333333,,,,,
halo_1d,1n4g,isolated,sycl_mpi,4,64,3.86042,3.5168566666666665,4.17631,5,15,3.8583133333333333,,,,,
halo_1d,1n4g,isolated,sycl_oneccl,4,64,24.807666666666666,24.656366666666667,24.867766666666668,5,15,24.78638,,,,,
halo_1d,1n4g,steady,cuda_mpi,4,64,3.3336633333333334,3.03123,3.5455033333333335,5,15,3.278957333333333,,,,,
halo_1d,1n4g,steady,cuda_nccl,4,64,10.754666666666667,10.732033333333334,10.886466666666667,5,15,10.779066666666667,,,,,
halo_1d,1n4g,steady,cuda_nvshmem,4,64,8.309366666666666,8.108166666666666,8.334743333333334,5,15,8.273108,,,,,
halo_1d,1n4g,steady,oshmpi,4,64,5.35777,5.327146666666667,5.37371,5,15,5.355199333333333,,,,,
halo_1d,1n4g,steady,sycl_mpi,4,64,3.34763,3.0815733333333335,3.8044366666666667,5,15,3.3865806666666667,,,,,
halo_1d,1n4g,steady,sycl_oneccl,4,64,12.605666666666666,12.545933333333334,12.771733333333334,5,15,12.645733333333334,,,,,
halo_1d,1n4g,isolated,cuda_mpi,8,128,4.56025,4.470363333333333,4.58542,5,15,4.53493,,,,,
halo_1d,1n4g,isolated,cuda_nccl,8,128,17.637833333333333,17.594966666666664,18.03933333333333,5,15,17.739393333333332,,,,,
halo_1d,1n4g,isolated,cuda_nvshmem,8,128,19.134733333333333,19.121133333333333,19.5362,5,15,19.22404,,,,,
halo_1d,1n4g,isolated,oshmpi,8,128,12.112166666666667,11.984866666666667,12.1362,5,15,12.072433333333333,,,,,
halo_1d,1n4g,isolated,sycl_mpi,8,128,4.645283333333333,4.53501,4.680096666666667,5,15,4.625772666666666,,,,,
halo_1d,1n4g,isolated,sycl_oneccl,8,128,24.5654,24.4602,24.642266666666668,5,15,24.557293333333334,,,,,
halo_1d,1n4g,steady,cuda_mpi,8,128,4.39685,4.2976133333333335,4.45097,5,15,4.374276666666666,,,,,
halo_1d,1n4g,steady,cuda_nccl,8,128,10.763533333333333,10.732866666666666,10.880033333333333,5,15,10.778586666666666,,,,,
halo_1d,1n4g,steady,cuda_nvshmem,8,128,8.301583333333333,8.294716666666666,8.33394,5,15,8.311855333333334,,,,,
halo_1d,1n4g,steady,oshmpi,8,128,5.362463333333333,5.3328766666666665,5.377233333333333,5,15,5.358468,,,,,
halo_1d,1n4g,steady,sycl_mpi,8,128,4.389166666666667,4.329796666666667,4.416336666666667,5,15,4.376281333333334,,,,,
halo_1d,1n4g,steady,sycl_oneccl,8,128,12.718166666666667,12.5496,13.313233333333333,5,15,12.77272,,,,,
halo_1d,1n4g,isolated,cuda_mpi,16,256,4.9076699999999995,4.807183333333333,5.036666666666667,5,15,4.91549,,,,,
halo_1d,1n4g,isolated,cuda_nccl,16,256,17.6408,17.585333333333335,17.837,5,15,17.689933333333332,,,,,
halo_1d,1n4g,isolated,cuda_nvshmem,16,256,19.134999999999998,19.075266666666668,19.1789,5,15,19.130639999999996,,,,,
halo_1d,1n4g,isolated,oshmpi,16,256,12.1136,12.079533333333334,12.315733333333332,5,15,12.174393333333335,,,,,
halo_1d,1n4g,isolated,sycl_mpi,16,256,5.21272,5.0735399999999995,5.287176666666666,5,15,5.186216,,,,,
halo_1d,1n4g,isolated,sycl_oneccl,16,256,24.558500000000002,24.4282,24.7131,5,15,24.550613333333335,,,,,
halo_1d,1n4g,steady,cuda_mpi,16,256,4.633933333333333,4.6140300000000005,4.6649,5,15,4.636888,,,,,
halo_1d,1n4g,steady,cuda_nccl,16,256,10.773933333333332,10.739966666666666,10.883233333333333,5,15,10.793919999999998,,,,,
halo_1d,1n4g,steady,cuda_nvshmem,16,256,8.30402,8.298276666666666,8.340016666666667,5,15,8.316160666666667,,,,,
halo_1d,1n4g,steady,oshmpi,16,256,5.3689,5.328383333333333,5.37446,5,15,5.357907999999999,,,,,
halo_1d,1n4g,steady,sycl_mpi,16,256,4.63595,4.55846,4.71194,5,15,4.636304666666666,,,,,
halo_1d,1n4g,steady,sycl_oneccl,16,256,12.773733333333334,12.610966666666666,12.848466666666667,5,15,12.745966666666668,,,,,
halo_1d,1n4g,isolated,cuda_mpi,32,512,4.944653333333333,4.884086666666667,5.09004,5,15,4.962924666666667,,,,,
halo_1d,1n4g,isolated,cuda_nccl,32,512,17.739833333333333,17.717966666666666,17.815966666666668,5,15,17.74824,,,,,
halo_1d,1n4g,isolated,cuda_nvshmem,32,512,19.216433333333335,19.095966666666666,19.408533333333335,5,15,19.21634,,,,,
halo_1d,1n4g,isolated,oshmpi,32,512,12.077333333333334,12.0216,12.153566666666666,5,15,12.074293333333333,,,,,
halo_1d,1n4g,isolated,sycl_mpi,32,512,5.05189,4.9239733333333335,5.1979033333333335,5,15,5.048422,,,,,
halo_1d,1n4g,isolated,sycl_oneccl,32,512,24.500066666666665,24.458233333333332,24.6023,5,15,24.51464,,,,,
halo_1d,1n4g,steady,cuda_mpi,32,512,4.587916666666667,4.452083333333333,4.60076,5,15,4.556904666666667,,,,,
halo_1d,1n4g,steady,cuda_nccl,32,512,10.7952,10.7562,10.898566666666667,5,15,10.805386666666667,,,,,
halo_1d,1n4g,steady,cuda_nvshmem,32,512,8.316973333333333,8.311656666666668,8.35949,5,15,8.329741333333335,,,,,
halo_1d,1n4g,steady,oshmpi,32,512,5.355053333333333,5.33361,5.375133333333333,5,15,5.356564666666667,,,,,
halo_1d,1n4g,steady,sycl_mpi,32,512,4.55436,4.528626666666667,4.562503333333333,5,15,4.549567333333333,,,,,
halo_1d,1n4g,steady,sycl_oneccl,32,512,12.651866666666667,12.550333333333333,12.794599999999999,5,15,12.651206666666667,,,,,
halo_1d,1n4g,isolated,cuda_mpi,64,1024,6.974173333333333,6.757856666666666,7.035536666666667,5,15,6.913224,,,,,
halo_1d,1n4g,isolated,cuda_nccl,64,1024,17.621333333333332,17.545766666666665,17.753933333333332,5,15,17.62206666666667,,,,,
halo_1d,1n4g,isolated,cuda_nvshmem,64,1024,19.144866666666665,19.0946,19.190466666666666,5,15,19.14336666666667,,,,,
halo_1d,1n4g,isolated,oshmpi,64,1024,12.079566666666667,12.0607,12.111466666666667,5,15,12.07894,,,,,
halo_1d,1n4g,isolated,sycl_mpi,64,1024,6.700503333333333,6.545323333333333,7.10829,5,15,6.7638266666666675,,,,,
halo_1d,1n4g,isolated,sycl_oneccl,64,1024,24.468,24.410066666666665,24.493833333333335,5,15,24.45759333333333,,,,,
halo_1d,1n4g,steady,cuda_mpi,64,1024,6.243853333333333,5.9301900000000005,6.33864,5,15,6.208255333333333,,,,,
halo_1d,1n4g,steady,cuda_nccl,64,1024,10.7164,10.673233333333334,10.814166666666667,5,15,10.721626666666667,,,,,
halo_1d,1n4g,steady,cuda_nvshmem,64,1024,8.313736666666667,8.297856666666666,8.357446666666666,5,15,8.324440000000001,,,,,
halo_1d,1n4g,steady,oshmpi,64,1024,5.369893333333334,5.305363333333333,5.39763,5,15,5.350428666666667,,,,,
halo_1d,1n4g,steady,sycl_mpi,64,1024,6.06788,5.90034,6.1197333333333335,5,15,6.026176666666667,,,,,
halo_1d,1n4g,steady,sycl_oneccl,64,1024,12.592866666666668,12.540233333333333,12.799766666666667,5,15,12.633246666666667,,,,,
halo_1d,1n4g,isolated,cuda_mpi,128,2048,8.2184,7.76954,8.573693333333333,5,15,8.166711333333334,,,,,
halo_1d,1n4g,isolated,cuda_nccl,128,2048,17.655533333333334,17.504,17.75186666666667,5,15,17.630533333333332,,,,,
halo_1d,1n4g,isolated,cuda_nvshmem,128,2048,19.148566666666667,19.051633333333335,19.479,5,15,19.197133333333333,,,,,
halo_1d,1n4g,isolated,oshmpi,128,2048,12.0826,11.9948,12.111633333333334,5,15,12.065086666666668,,,,,
halo_1d,1n4g,isolated,sycl_mpi,128,2048,8.328573333333333,8.075783333333334,8.492366666666667,5,15,8.290984666666667,,,,,
halo_1d,1n4g,isolated,sycl_oneccl,128,2048,24.471666666666668,24.430666666666667,24.731466666666666,5,15,24.51756,,,,,
halo_1d,1n4g,steady,cuda_mpi,128,2048,6.568466666666667,6.525506666666667,6.858443333333333,5,15,6.665431333333333,,,,,
halo_1d,1n4g,steady,cuda_nccl,128,2048,10.714866666666667,10.668233333333333,10.834299999999999,5,15,10.731126666666666,,,,,
halo_1d,1n4g,steady,cuda_nvshmem,128,2048,8.31179,8.290826666666666,8.353263333333333,5,15,8.321494,,,,,
halo_1d,1n4g,steady,oshmpi,128,2048,5.354863333333333,5.303246666666666,5.3835766666666665,5,15,5.347774,,,,,
halo_1d,1n4g,steady,sycl_mpi,128,2048,6.655466666666666,6.476133333333333,6.716073333333333,5,15,6.626552666666667,,,,,
halo_1d,1n4g,steady,sycl_oneccl,128,2048,12.5827,12.525066666666666,12.801033333333335,5,15,12.626613333333333,,,,,
halo_1d,1n4g,isolated,cuda_mpi,256,4096,12.364133333333333,12.266833333333333,12.3769,5,15,12.346526666666668,,,,,
halo_1d,1n4g,isolated,cuda_nccl,256,4096,17.7394,17.5232,18.1694,5,15,17.798093333333334,,,,,
halo_1d,1n4g,isolated,cuda_nvshmem,256,4096,19.0683,19.013166666666667,19.0795,5,15,19.05888,,,,,
halo_1d,1n4g,isolated,oshmpi,256,4096,12.128233333333332,12.067,12.267233333333333,5,15,12.148533333333335,,,,,
halo_1d,1n4g,isolated,sycl_mpi,256,4096,12.567733333333333,12.535066666666667,12.675266666666667,5,15,12.5871,,,,,
halo_1d,1n4g,isolated,sycl_oneccl,256,4096,24.5365,24.3401,24.6347,5,15,24.520513333333334,,,,,
halo_1d,1n4g,steady,cuda_mpi,256,4096,11.7837,11.770633333333333,11.810966666666667,5,15,11.78618,,,,,
halo_1d,1n4g,steady,cuda_nccl,256,4096,10.798266666666667,10.7397,10.900633333333333,5,15,10.806646666666666,,,,,
halo_1d,1n4g,steady,cuda_nvshmem,256,4096,8.341713333333333,8.31488,8.36481,5,15,8.33933,,,,,
halo_1d,1n4g,steady,oshmpi,256,4096,5.35803,5.305433333333333,5.409666666666666,5,15,5.359762,,,,,
halo_1d,1n4g,steady,sycl_mpi,256,4096,11.848966666666668,11.8144,11.865666666666666,5,15,11.846846666666666,,,,,
halo_1d,1n4g,steady,sycl_oneccl,256,4096,12.603566666666666,12.5235,12.808233333333334,5,15,12.641713333333334,,,,,
halo_1d,1n4g,isolated,cuda_mpi,512,8192,12.141933333333334,12.1127,12.235166666666666,5,15,12.168946666666667,,,,,
halo_1d,1n4g,isolated,cuda_nccl,512,8192,17.8415,17.7115,17.984833333333334,5,15,17.835426666666667,,,,,
halo_1d,1n4g,isolated,cuda_nvshmem,512,8192,18.9616,18.920233333333336,19.025733333333335,5,15,18.96229333333333,,,,,
halo_1d,1n4g,isolated,oshmpi,512,8192,12.187133333333334,12.093233333333334,12.217466666666667,5,15,12.164813333333335,,,,,
halo_1d,1n4g,isolated,sycl_mpi,512,8192,12.544666666666666,12.431033333333334,12.660133333333334,5,15,12.540786666666666,,,,,
halo_1d,1n4g,isolated,sycl_oneccl,512,8192,24.7219,24.5683,24.838966666666668,5,15,24.713340000000002,,,,,
halo_1d,1n4g,steady,cuda_mpi,512,8192,11.780466666666667,11.756,11.8177,5,15,11.77842,,,,,
halo_1d,1n4g,steady,cuda_nccl,512,8192,10.983933333333333,10.978333333333333,11.103666666666667,5,15,11.011546666666668,,,,,
halo_1d,1n4g,steady,cuda_nvshmem,512,8192,8.36576,8.33681,8.388396666666667,5,15,8.362235333333334,,,,,
halo_1d,1n4g,steady,oshmpi,512,8192,5.35559,5.297546666666666,5.388956666666667,5,15,5.35082,,,,,
halo_1d,1n4g,steady,sycl_mpi,512,8192,11.850533333333333,11.825999999999999,11.9129,5,15,11.8575,,,,,
halo_1d,1n4g,steady,sycl_oneccl,512,8192,12.6334,12.543766666666667,12.7825,5,15,12.637193333333332,,,,,
halo_1d,1n4g,isolated,cuda_mpi,1024,16384,12.3086,12.283366666666668,12.427733333333334,5,15,12.336113333333333,,,,,
halo_1d,1n4g,isolated,cuda_nccl,1024,16384,18.528266666666667,18.4017,18.7015,5,15,18.537766666666666,,,,,
halo_1d,1n4g,isolated,cuda_nvshmem,1024,16384,19.003233333333334,18.946733333333334,19.0598,5,15,19.006359999999997,,,,,
halo_1d,1n4g,isolated,oshmpi,1024,16384,12.232666666666667,12.1586,12.417933333333334,5,15,12.28134,,,,,
halo_1d,1n4g,isolated,sycl_mpi,1024,16384,12.606566666666666,12.579866666666666,12.818966666666666,5,15,12.656066666666668,,,,,
halo_1d,1n4g,isolated,sycl_oneccl,1024,16384,25.3696,25.022266666666667,25.488266666666664,5,15,25.2862,,,,,
halo_1d,1n4g,steady,cuda_mpi,1024,16384,11.828633333333334,11.7779,11.8521,5,15,11.822653333333333,,,,,
halo_1d,1n4g,steady,cuda_nccl,1024,16384,11.717933333333333,11.639266666666668,11.7605,5,15,11.715406666666667,,,,,
halo_1d,1n4g,steady,cuda_nvshmem,1024,16384,8.43612,8.382236666666666,8.44417,5,15,8.424079333333333,,,,,
halo_1d,1n4g,steady,oshmpi,1024,16384,5.359186666666667,5.326626666666667,5.387026666666666,5,15,5.355606,,,,,
halo_1d,1n4g,steady,sycl_mpi,1024,16384,12.0181,11.949866666666667,12.0374,5,15,11.998206666666666,,,,,
halo_1d,1n4g,steady,sycl_oneccl,1024,16384,12.730433333333334,12.568,12.799633333333333,5,15,12.698646666666667,,,,,
halo_1d,1n4g,isolated,cuda_mpi,2048,32768,12.9741,12.946066666666667,13.058833333333334,5,15,12.9884,,,,,
halo_1d,1n4g,isolated,cuda_nccl,2048,32768,19.633366666666667,19.5412,19.916966666666667,5,15,19.689466666666664,,,,,
halo_1d,1n4g,isolated,cuda_nvshmem,2048,32768,19.657533333333333,19.555766666666667,19.699066666666667,5,15,19.646720000000002,,,,,
halo_1d,1n4g,isolated,oshmpi,2048,32768,12.935233333333333,12.855533333333334,13.019366666666667,5,15,12.93042,,,,,
halo_1d,1n4g,isolated,sycl_mpi,2048,32768,13.310166666666667,13.2662,13.390633333333334,5,15,13.313933333333333,,,,,
halo_1d,1n4g,isolated,sycl_oneccl,2048,32768,26.529866666666667,25.870733333333334,26.6474,5,15,26.40386,,,,,
halo_1d,1n4g,steady,cuda_mpi,2048,32768,12.367866666666666,12.328666666666667,12.419366666666667,5,15,12.369546666666668,,,,,
halo_1d,1n4g,steady,cuda_nccl,2048,32768,12.8162,12.793166666666668,12.871866666666667,5,15,12.8262,,,,,
halo_1d,1n4g,steady,cuda_nvshmem,2048,32768,9.08461,9.051023333333333,9.102576666666666,5,15,9.08075,,,,,
halo_1d,1n4g,steady,oshmpi,2048,32768,5.326233333333334,5.2927800000000005,5.408543333333333,5,15,5.334633999999999,,,,,
halo_1d,1n4g,steady,sycl_mpi,2048,32768,12.530833333333332,12.4767,12.607433333333333,5,15,12.541266666666667,,,,,
halo_1d,1n4g,steady,sycl_oneccl,2048,32768,13.767866666666666,13.247866666666667,13.915766666666666,5,15,13.668806666666667,,,,,
halo_1d,1n4g,isolated,cuda_mpi,4096,65536,13.085166666666666,13.0643,13.146533333333334,5,15,13.09244,,,,,
halo_1d,1n4g,isolated,cuda_nccl,4096,65536,22.075633333333332,21.969666666666665,22.19353333333333,5,15,22.086779999999997,,,,,
halo_1d,1n4g,isolated,cuda_nvshmem,4096,65536,20.7342,20.716166666666666,20.8368,5,15,20.759966666666667,,,,,
halo_1d,1n4g,isolated,oshmpi,4096,65536,13.0098,12.945866666666666,13.133033333333334,5,15,13.0349,,,,,
halo_1d,1n4g,isolated,sycl_mpi,4096,65536,13.422566666666667,13.3912,13.486166666666668,5,15,13.43084,,,,,
halo_1d,1n4g,isolated,sycl_oneccl,4096,65536,26.894866666666665,26.6112,27.309366666666666,5,15,26.952206666666665,,,,,
halo_1d,1n4g,steady,cuda_mpi,4096,65536,12.517533333333333,12.425933333333333,12.529333333333334,5,15,12.50164,,,,,
halo_1d,1n4g,steady,cuda_nccl,4096,65536,15.036233333333334,14.904433333333333,15.147133333333333,5,15,15.029713333333332,,,,,
halo_1d,1n4g,steady,cuda_nvshmem,4096,65536,10.273833333333332,10.221966666666667,10.293800000000001,5,15,10.264700000000001,,,,,
halo_1d,1n4g,steady,oshmpi,4096,65536,5.334056666666667,5.318936666666667,5.376203333333333,5,15,5.340482,,,,,
halo_1d,1n4g,steady,sycl_mpi,4096,65536,12.626766666666667,12.612266666666667,12.671333333333333,5,15,12.639906666666667,,,,,
halo_1d,1n4g,steady,sycl_oneccl,4096,65536,13.856733333333333,13.692433333333334,14.009266666666667,5,15,13.855406666666665,,,,,
halo_1d,1n4g,isolated,cuda_mpi,8192,131072,13.367266666666666,13.341333333333333,13.3891,5,15,13.369166666666667,,,,,
halo_1d,1n4g,isolated,cuda_nccl,8192,131072,26.243433333333332,26.061733333333333,26.479566666666667,5,15,26.236373333333333,,,,,
halo_1d,1n4g,isolated,cuda_nvshmem,8192,131072,21.407233333333334,21.3492,21.701733333333333,5,15,21.457866666666668,,,,,
halo_1d,1n4g,isolated,oshmpi,8192,131072,13.4767,13.3899,13.491966666666666,5,15,13.457453333333335,,,,,
halo_1d,1n4g,isolated,sycl_mpi,8192,131072,13.664,13.648066666666667,13.700466666666667,5,15,13.66676,,,,,
halo_1d,1n4g,isolated,sycl_oneccl,8192,131072,27.221033333333335,26.983866666666664,27.304433333333336,5,15,27.198333333333334,,,,,
halo_1d,1n4g,steady,cuda_mpi,8192,131072,12.491466666666666,12.346,12.502566666666667,5,15,12.450766666666668,,,,,
halo_1d,1n4g,steady,cuda_nccl,8192,131072,19.114,18.94353333333333,19.537666666666667,5,15,19.139266666666668,,,,,
halo_1d,1n4g,steady,cuda_nvshmem,8192,131072,10.7751,10.670833333333333,10.842833333333333,5,15,10.773426666666667,,,,,
halo_1d,1n4g,steady,oshmpi,8192,131072,5.358986666666667,5.320603333333334,5.37745,5,15,5.355593333333333,,,,,
halo_1d,1n4g,steady,sycl_mpi,8192,131072,12.798233333333334,12.7165,12.832333333333333,5,15,12.784166666666666,,,,,
halo_1d,1n4g,steady,sycl_oneccl,8192,131072,13.9482,13.469166666666666,13.993,5,15,13.862699999999998,,,,,
halo_1d,1n4g,isolated,cuda_mpi,16384,262144,12.734266666666667,12.701233333333333,12.809933333333333,5,15,12.75262,,,,,
halo_1d,1n4g,isolated,cuda_nccl,16384,262144,28.358133333333335,27.806533333333334,28.632533333333335,5,15,28.318640000000002,,,,,
halo_1d,1n4g,isolated,cuda_nvshmem,16384,262144,21.407066666666665,21.291066666666666,21.488666666666667,5,15,21.402486666666668,,,,,
halo_1d,1n4g,isolated,oshmpi,16384,262144,14.145533333333333,14.1196,14.204466666666667,5,15,14.161966666666666,,,,,
halo_1d,1n4g,isolated,sycl_mpi,16384,262144,13.174733333333332,13.118933333333333,13.243033333333333,5,15,13.171726666666666,,,,,
halo_1d,1n4g,isolated,sycl_oneccl,16384,262144,28.64056666666667,28.1293,28.720066666666668,5,15,28.52738,,,,,
halo_1d,1n4g,steady,cuda_mpi,16384,262144,12.365833333333333,12.168433333333333,12.4215,5,15,12.331866666666667,,,,,
halo_1d,1n4g,steady,cuda_nccl,16384,262144,22.0406,20.973166666666664,22.369833333333332,5,15,21.912779999999998,,,,,
halo_1d,1n4g,steady,cuda_nvshmem,16384,262144,10.46895,10.42238,10.7113,5,15,10.52847,,,,,
halo_1d,1n4g,steady,oshmpi,16384,262144,5.34131,5.29787,5.3652766666666665,5,15,5.333874,,,,,
halo_1d,1n4g,steady,sycl_mpi,16384,262144,12.411666666666667,12.4045,12.471666666666666,5,15,12.422093333333333,,,,,
halo_1d,1n4g,steady,sycl_oneccl,16384,262144,14.057733333333333,13.8162,14.357866666666666,5,15,14.039306666666667,,,,,
halo_1d,1n4g,isolated,cuda_mpi,32768,524288,13.715,13.656566666666667,13.815766666666667,5,15,13.734653333333334,,,,,
halo_1d,1n4g,isolated,cuda_nccl,32768,524288,29.715033333333334,29.3231,29.806033333333332,5,15,29.635353333333335,,,,,
halo_1d,1n4g,isolated,cuda_nvshmem,32768,524288,22.406766666666666,22.184233333333335,22.701333333333334,5,15,22.4202,,,,,
halo_1d,1n4g,isolated,oshmpi,32768,524288,15.363866666666667,15.3254,15.493233333333334,5,15,15.400306666666667,,,,,
halo_1d,1n4g,isolated,sycl_mpi,32768,524288,14.5322,14.480966666666667,14.604166666666666,5,15,14.533493333333332,,,,,
halo_1d,1n4g,isolated,sycl_oneccl,32768,524288,34.1711,33.7871,43.36823333333333,5,15,35.90958,,,,,
halo_1d,1n4g,steady,cuda_mpi,32768,524288,13.0081,12.880133333333333,13.040633333333334,5,15,12.982859999999999,,,,,
halo_1d,1n4g,steady,cuda_nccl,32768,524288,21.602733333333333,21.525433333333332,21.777466666666665,5,15,21.637620000000002,,,,,
halo_1d,1n4g,steady,cuda_nvshmem,32768,524288,10.546133333333334,10.095233333333333,10.813066666666666,5,15,10.521466666666667,,,,,
halo_1d,1n4g,steady,oshmpi,32768,524288,5.89758,5.885766666666667,5.930716666666667,5,15,5.907714666666666,,,,,
halo_1d,1n4g,steady,sycl_mpi,32768,524288,13.1793,13.053966666666668,13.226033333333334,5,15,13.1586,,,,,
halo_1d,1n4g,steady,sycl_oneccl,32768,524288,16.238933333333332,16.193266666666666,16.609066666666667,5,15,16.355273333333333,,,,,
halo_1d,1n4g,isolated,cuda_mpi,65536,1048576,17.4333,17.351499999999998,17.878566666666668,5,15,17.537686666666666,,,,,
halo_1d,1n4g,isolated,cuda_nccl,65536,1048576,39.77353333333333,38.4073,40.01696666666667,5,15,39.36176,,,,,
halo_1d,1n4g,isolated,cuda_nvshmem,65536,1048576,29.534299999999998,28.981166666666667,30.1279,5,15,29.53373333333333,,,,,
halo_1d,1n4g,isolated,oshmpi,65536,1048576,20.251266666666666,20.048233333333336,21.066499999999998,5,15,20.50634,,,,,
halo_1d,1n4g,isolated,sycl_mpi,65536,1048576,19.017666666666667,18.687933333333334,19.422433333333334,5,15,19.01252,,,,,
halo_1d,1n4g,isolated,sycl_oneccl,65536,1048576,47.78163333333333,47.10613333333333,48.8005,5,15,47.91247333333333,,,,,
halo_1d,1n4g,steady,cuda_mpi,65536,1048576,14.549166666666666,14.511466666666667,14.5694,5,15,14.54494,,,,,
halo_1d,1n4g,steady,cuda_nccl,65536,1048576,23.787333333333333,23.560200000000002,23.814466666666668,5,15,23.714853333333334,,,,,
halo_1d,1n4g,steady,cuda_nvshmem,65536,1048576,12.587766666666667,12.566266666666667,12.702466666666666,5,15,12.60994,,,,,
halo_1d,1n4g,steady,oshmpi,65536,1048576,7.2629866666666665,6.897836666666667,7.507373333333334,5,15,7.203076,,,,,
halo_1d,1n4g,steady,sycl_mpi,65536,1048576,14.701,14.6341,14.7507,5,15,14.69566,,,,,
halo_1d,1n4g,steady,sycl_oneccl,65536,1048576,25.166566666666668,25.078733333333332,25.278100000000002,5,15,25.184540000000002,,,,,
halo_1d,1n4g,isolated,cuda_mpi,131072,2097152,25.0094,24.599133333333334,25.301033333333333,5,15,24.95452,,,,,
halo_1d,1n4g,isolated,cuda_nccl,131072,2097152,50.11943333333333,49.14836666666667,50.8636,5,15,50.11562,,,,,
halo_1d,1n4g,isolated,cuda_nvshmem,131072,2097152,41.93663333333333,41.1945,43.69146666666666,5,15,42.27878666666666,,,,,
halo_1d,1n4g,isolated,oshmpi,131072,2097152,32.02256666666667,30.299166666666665,32.53263333333334,5,15,31.536333333333335,,,,,
halo_1d,1n4g,isolated,sycl_mpi,131072,2097152,25.817066666666665,25.638166666666667,26.32796666666667,5,15,25.904186666666664,,,,,
halo_1d,1n4g,isolated,sycl_oneccl,131072,2097152,56.388666666666666,55.91773333333334,58.281866666666666,5,15,56.72572666666667,,,,,
halo_1d,1n4g,steady,cuda_mpi,131072,2097152,17.941366666666667,17.860166666666668,18.0704,5,15,17.95896,,,,,
halo_1d,1n4g,steady,cuda_nccl,131072,2097152,28.700366666666667,28.4651,28.769166666666667,5,15,28.662013333333334,,,,,
halo_1d,1n4g,steady,cuda_nvshmem,131072,2097152,18.026699999999998,18.012933333333333,18.142500000000002,5,15,18.05368,,,,,
halo_1d,1n4g,steady,oshmpi,131072,2097152,10.8669,10.808433333333333,10.8916,5,15,10.85496,,,,,
halo_1d,1n4g,steady,sycl_mpi,131072,2097152,18.241466666666668,18.210766666666668,18.444066666666668,5,15,18.28174,,,,,
halo_1d,1n4g,steady,sycl_oneccl,131072,2097152,29.982333333333333,29.8798,30.2021,5,15,30.003866666666667,,,,,
halo_1d,1n4g,isolated,cuda_mpi,262144,4194304,36.9869,35.63923333333334,37.974466666666665,5,15,36.85478666666666,,,,,
halo_1d,1n4g,isolated,cuda_nccl,262144,4194304,62.61853333333333,61.41203333333333,63.04783333333334,5,15,62.35949333333334,,,,,
halo_1d,1n4g,isolated,cuda_nvshmem,262144,4194304,58.247366666666665,57.5856,60.02173333333333,5,15,58.415033333333334,,,,,
halo_1d,1n4g,isolated,oshmpi,262144,4194304,42.9387,41.361533333333334,50.338300000000004,5,15,44.0396,,,,,
halo_1d,1n4g,isolated,sycl_mpi,262144,4194304,36.851166666666664,35.7875,38.304066666666664,5,15,36.920946666666666,,,,,
halo_1d,1n4g,isolated,sycl_oneccl,262144,4194304,70.2732,69.33733333333333,70.7795,5,15,70.14242,,,,,
halo_1d,1n4g,steady,cuda_mpi,262144,4194304,23.863533333333333,23.790533333333332,24.34913333333333,5,15,23.95274,,,,,
halo_1d,1n4g,steady,cuda_nccl,262144,4194304,38.28553333333333,37.7375,39.79606666666667,5,15,38.57526,,,,,
halo_1d,1n4g,steady,cuda_nvshmem,262144,4194304,29.120033333333332,29.0364,29.1747,5,15,29.101760000000002,,,,,
halo_1d,1n4g,steady,oshmpi,262144,4194304,17.00476666666667,16.8872,17.054466666666666,5,15,16.980053333333334,,,,,
halo_1d,1n4g,steady,sycl_mpi,262144,4194304,24.009533333333334,23.9423,24.071066666666667,5,15,24.014386666666667,,,,,
halo_1d,1n4g,steady,sycl_oneccl,262144,4194304,41.797666666666665,41.490566666666666,42.57106666666667,5,15,41.94038666666667,,,,,
halo_1d,1n4g,isolated,cuda_mpi,524288,8388608,53.92393333333333,52.3593,57.80323333333333,5,15,54.66058666666666,,,,,
halo_1d,1n4g,isolated,cuda_nccl,524288,8388608,86.2707,84.12393333333333,87.37993333333334,5,15,86.01121333333334,,,,,
halo_1d,1n4g,isolated,cuda_nvshmem,524288,8388608,89.60423333333334,88.58833333333334,92.3344,5,15,90.24412666666667,,,,,
halo_1d,1n4g,isolated,oshmpi,524288,8388608,61.739133333333335,60.7206,62.0547,5,15,61.425306666666664,,,,,
halo_1d,1n4g,isolated,sycl_mpi,524288,8388608,56.51306666666667,56.2653,58.95536666666667,5,15,57.177006666666664,,,,,
halo_1d,1n4g,isolated,sycl_oneccl,524288,8388608,93.0457,91.8514,93.55246666666666,5,15,92.77286666666667,,,,,
halo_1d,1n4g,steady,cuda_mpi,524288,8388608,35.9356,35.88386666666667,35.9428,5,15,35.91883333333333,,,,,
halo_1d,1n4g,steady,cuda_nccl,524288,8388608,60.555366666666664,59.72793333333333,61.63,5,15,60.52978666666666,,,,,
halo_1d,1n4g,steady,cuda_nvshmem,524288,8388608,53.1324,52.83003333333333,53.23383333333333,5,15,53.096019999999996,,,,,
halo_1d,1n4g,steady,oshmpi,524288,8388608,28.6043,28.559933333333333,28.712333333333333,5,15,28.615333333333336,,,,,
halo_1d,1n4g,steady,sycl_mpi,524288,8388608,36.119233333333334,36.0933,36.41416666666667,5,15,36.185579999999995,,,,,
halo_1d,1n4g,steady,sycl_oneccl,524288,8388608,65.58203333333334,64.8019,66.3206,5,15,65.66724,,,,,
halo_1d,1n4g,isolated,cuda_mpi,1048576,16777216,88.9617,86.51820000000001,92.1538,5,15,88.75215333333334,,,,,
halo_1d,1n4g,isolated,cuda_nccl,1048576,16777216,128.86966666666666,127.573,130.46866666666668,5,15,128.8512,,,,,
halo_1d,1n4g,isolated,cuda_nvshmem,1048576,16777216,141.93533333333332,138.50833333333333,148.38433333333333,5,15,142.81526666666664,,,,,
halo_1d,1n4g,isolated,oshmpi,1048576,16777216,90.04106666666667,85.6263,91.15856666666667,5,15,88.91576,,,,,
halo_1d,1n4g,isolated,sycl_mpi,1048576,16777216,91.97833333333334,91.20193333333334,95.08756666666667,5,15,92.68647333333334,,,,,
halo_1d,1n4g,isolated,sycl_oneccl,1048576,16777216,134.71166666666667,134.19533333333334,136.57366666666667,5,15,134.94913333333335,,,,,
halo_1d,1n4g,steady,cuda_mpi,1048576,16777216,59.91916666666666,59.90123333333333,59.9513,5,15,59.92428666666667,,,,,
halo_1d,1n4g,steady,cuda_nccl,1048576,16777216,108.55666666666666,107.69433333333333,109.40733333333334,5,15,108.64246666666666,,,,,
halo_1d,1n4g,steady,cuda_nvshmem,1048576,16777216,99.65576666666666,99.51803333333334,99.90106666666667,5,15,99.66462666666666,,,,,
halo_1d,1n4g,steady,oshmpi,1048576,16777216,51.59113333333333,51.4816,51.6479,5,15,51.56872666666666,,,,,
halo_1d,1n4g,steady,sycl_mpi,1048576,16777216,60.144,60.095,60.263933333333334,5,15,60.158053333333335,,,,,
halo_1d,1n4g,steady,sycl_oneccl,1048576,16777216,110.70033333333333,107.047,113.951,5,15,110.76766666666667,,,,,
halo_1d,2n1g,isolated,cuda_mpi,1,16,4.806663333333334,4.33592,5.5554033333333335,5,15,4.810322666666667,,,,,
halo_1d,2n1g,isolated,cuda_nccl,1,16,50.27943333333333,49.774433333333334,50.745666666666665,5,15,50.30838000000001,,,,,
halo_1d,2n1g,isolated,cuda_nvshmem,1,16,29.675166666666666,28.819566666666667,30.519433333333332,5,15,29.717699999999997,,,,,
halo_1d,2n1g,isolated,oshmpi,1,16,10.3223,9.393056666666666,10.6519,5,15,10.037350666666667,,,,,
halo_1d,2n1g,isolated,sycl_mpi,1,16,5.33601,4.973426666666667,5.773453333333333,5,15,5.373042666666667,,,,,
halo_1d,2n1g,isolated,sycl_oneccl,1,16,64.30193333333332,63.13196666666666,66.30783333333333,5,15,64.59691333333333,,,,,
halo_1d,2n1g,steady,cuda_mpi,1,16,4.634506666666667,4.0289866666666665,5.4010533333333335,5,15,4.597936666666667,,,,,
halo_1d,2n1g,steady,cuda_nccl,1,16,42.3503,41.953,42.718466666666664,5,15,42.326519999999995,,,,,
halo_1d,2n1g,steady,cuda_nvshmem,1,16,16.5313,15.736066666666666,17.048666666666666,5,15,16.39504,,,,,
halo_1d,2n1g,steady,oshmpi,1,16,0.4299503333333333,0.41500733333333334,0.4408086666666667,5,15,0.4285930666666667,,,,,
halo_1d,2n1g,steady,sycl_mpi,1,16,4.808513333333333,4.139513333333333,5.186973333333333,5,15,4.747364666666667,,,,,
halo_1d,2n1g,steady,sycl_oneccl,1,16,48.463033333333335,47.850833333333334,49.131766666666664,5,15,48.56450666666667,,,,,
halo_1d,2n1g,isolated,cuda_mpi,2,32,4.835626666666666,4.238943333333333,5.41676,5,15,4.736370666666667,,,,,
halo_1d,2n1g,isolated,cuda_nccl,2,32,49.91076666666667,49.4089,50.22003333333333,5,15,49.86975333333333,,,,,
halo_1d,2n1g,isolated,cuda_nvshmem,2,32,29.963333333333335,28.524566666666665,33.76343333333333,5,15,30.342306666666666,,,,,
halo_1d,2n1g,isolated,oshmpi,2,32,10.320033333333333,9.382086666666666,10.493433333333334,5,15,10.009093333333334,,,,,
halo_1d,2n1g,isolated,sycl_mpi,2,32,5.034836666666667,4.45342,5.36759,5,15,4.991408000000001,,,,,
halo_1d,2n1g,isolated,sycl_oneccl,2,32,62.3985,61.99803333333333,63.475633333333334,5,15,62.705326666666664,,,,,
halo_1d,2n1g,steady,cuda_mpi,2,32,4.777513333333333,4.045876666666667,5.544463333333334,5,15,4.669345333333334,,,,,
halo_1d,2n1g,steady,cuda_nccl,2,32,42.38613333333333,41.93593333333333,42.753933333333336,5,15,42.354659999999996,,,,,
halo_1d,2n1g,steady,cuda_nvshmem,2,32,16.497833333333332,15.726566666666667,17.054566666666666,5,15,16.38642,,,,,
halo_1d,2n1g,steady,oshmpi,2,32,0.40890566666666667,0.39984733333333333,0.41819433333333333,5,15,0.409686,,,,,
halo_1d,2n1g,steady,sycl_mpi,2,32,4.78658,4.091816666666666,5.246643333333333,5,15,4.765112,,,,,
halo_1d,2n1g,steady,sycl_oneccl,2,32,48.10913333333333,46.10333333333333,48.93246666666667,5,15,47.97156,,,,,
halo_1d,2n1g,isolated,cuda_mpi,4,64,4.745966666666667,4.354053333333333,5.650123333333333,5,15,4.816496666666667,,,,,
halo_1d,2n1g,isolated,cuda_nccl,4,64,48.74316666666667,47.4792,48.9161,5,15,48.4828,,,,,
halo_1d,2n1g,isolated,cuda_nvshmem,4,64,29.480833333333333,28.389366666666668,30.2328,5,15,29.3066,,,,,
halo_1d,2n1g,isolated,oshmpi,4,64,10.364066666666666,9.332833333333333,10.506233333333332,5,15,10.020972666666667,,,,,
halo_1d,2n1g,isolated,sycl_mpi,4,64,4.949046666666667,4.305113333333334,5.39124,5,15,4.950748666666667,,,,,
halo_1d,2n1g,isolated,sycl_oneccl,4,64,60.35666666666667,57.66356666666667,61.680233333333334,5,15,60.075979999999994,,,,,
halo_1d,2n1g,steady,cuda_mpi,4,64,4.639313333333333,4.09339,5.383623333333333,5,15,4.615444,,,,,
halo_1d,2n1g,steady,cuda_nccl,4,64,40.79503333333333,40.2283,41.3836,5,15,40.70302,,,,,
halo_1d,2n1g,steady,cuda_nvshmem,4,64,16.5154,15.693733333333332,17.062033333333332,5,15,16.37285333333333,,,,,
halo_1d,2n1g,steady,oshmpi,4,64,0.4085046666666667,0.399962,0.41720666666666667,5,15,0.4079178666666667,,,,,
halo_1d,2n1g,steady,sycl_mpi,4,64,4.78137,4.118713333333333,5.169966666666666,5,15,4.719795333333334,,,,,
halo_1d,2n1g,steady,sycl_oneccl,4,64,46.38773333333333,43.7877,46.73703333333333,5,15,45.487206666666665,,,,,
halo_1d,2n1g,isolated,cuda_mpi,8,128,4.746176666666667,4.33772,5.56924,5,15,4.8328560000000005,,,,,
halo_1d,2n1g,isolated,cuda_nccl,8,128,47.585966666666664,47.0724,48.22026666666667,5,15,47.707586666666664,,,,,
halo_1d,2n1g,isolated,cuda_nvshmem,8,128,29.579733333333333,28.478266666666666,30.3438,5,15,29.366746666666664,,,,,
halo_1d,2n1g,isolated,oshmpi,8,128,10.3936,9.335783333333334,10.544366666666667,5,15,10.036961333333332,,,,,
halo_1d,2n1g,isolated,sycl_mpi,8,128,5.055133333333333,4.44847,5.383813333333333,5,15,5.010086,,,,,
halo_1d,2n1g,isolated,sycl_oneccl,8,128,59.1663,57.5788,61.566766666666666,5,15,59.343293333333335,,,,,
halo_1d,2n1g,steady,cuda_mpi,8,128,4.763996666666666,4.021403333333334,5.472823333333333,5,15,4.644069333333333,,,,,
halo_1d,2n1g,steady,cuda_nccl,8,128,40.053466666666665,39.370533333333334,40.52033333333333,5,15,39.965133333333334,,,,,
halo_1d,2n1g,steady,cuda_nvshmem,8,128,16.5375,15.682433333333332,17.063933333333335,5,15,16.3888,,,,,
halo_1d,2n1g,steady,oshmpi,8,128,0.4085796666666667,0.3988703333333333,0.415236,5,15,0.4076138,,,,,
halo_1d,2n1g,steady,sycl_mpi,8,128,4.7909,4.1227,5.240303333333333,5,15,4.756445333333334,,,,,
halo_1d,2n1g,steady,sycl_oneccl,8,128,44.23043333333334,43.7095,45.7919,5,15,44.38073333333333,,,,,
halo_1d,2n1g,isolated,cuda_mpi,16,256,4.937566666666667,4.468956666666667,5.72272,5,15,4.940878666666666,,,,,
halo_1d,2n1g,isolated,cuda_nccl,16,256,46.653166666666664,46.531333333333336,47.2013,5,15,46.78968,,,,,
halo_1d,2n1g,isolated,cuda_nvshmem,16,256,29.233,28.378833333333333,30.483466666666665,5,15,29.299213333333334,,,,,
halo_1d,2n1g,isolated,oshmpi,16,256,10.341933333333333,9.35375,10.589766666666668,5,15,10.051101999999998,,,,,
halo_1d,2n1g,isolated,sycl_mpi,16,256,5.075406666666667,4.57244,5.548723333333333,5,15,5.114473333333334,,,,,
halo_1d,2n1g,isolated,sycl_oneccl,16,256,57.93646666666667,56.8918,59.65786666666666,5,15,58.01208666666666,,,,,
halo_1d,2n1g,steady,cuda_mpi,16,256,4.729923333333334,4.180973333333333,5.50883,5,15,4.734493333333333,,,,,
halo_1d,2n1g,steady,cuda_nccl,16,256,39.340133333333334,38.91343333333333,39.91583333333333,5,15,39.34184666666667,,,,,
halo_1d,2n1g,steady,cuda_nvshmem,16,256,16.50006666666667,15.704066666666668,17.0615,5,15,16.375093333333332,,,,,
halo_1d,2n1g,steady,oshmpi,16,256,0.40898766666666664,0.39952933333333335,0.426134,5,15,0.4112031333333333,,,,,
halo_1d,2n1g,steady,sycl_mpi,16,256,4.870833333333334,4.166353333333333,5.260393333333333,5,15,4.806520000000001,,,,,
halo_1d,2n1g,steady,sycl_oneccl,16,256,43.63803333333333,43.00796666666667,44.5158,5,15,43.77127333333333,,,,,
halo_1d,2n1g,isolated,cuda_mpi,32,512,4.879386666666666,4.505986666666667,5.67448,5,15,4.941279333333333,,,,,
halo_1d,2n1g,isolated,cuda_nccl,32,512,46.136833333333335,45.480533333333334,47.22886666666667,5,15,46.27744,,,,,
halo_1d,2n1g,isolated,cuda_nvshmem,32,512,29.306433333333334,28.406100000000002,30.3357,5,15,29.284946666666666,,,,,
halo_1d,2n1g,isolated,oshmpi,32,512,10.461966666666667,9.397933333333333,10.5813,5,15,10.097217333333333,,,,,
halo_1d,2n1g,isolated,sycl_mpi,32,512,5.18554,4.577606666666666,5.534073333333334,5,15,5.1251706666666665,,,,,
halo_1d,2n1g,isolated,sycl_oneccl,32,512,57.45446666666667,56.75886666666666,58.51756666666667,5,15,57.64958,,,,,
halo_1d,2n1g,steady,cuda_mpi,32,512,4.87429,4.2112066666666665,5.57879,5,15,4.803597333333333,,,,,
halo_1d,2n1g,steady,cuda_nccl,32,512,38.8789,38.315133333333335,39.660333333333334,5,15,38.93291333333333,,,,,
halo_1d,2n1g,steady,cuda_nvshmem,32,512,16.531933333333335,15.535433333333334,16.984299999999998,5,15,16.29929333333333,,,,,
halo_1d,2n1g,steady,oshmpi,32,512,0.4143656666666667,0.398775,0.42547,5,15,0.41179693333333334,,,,,
halo_1d,2n1g,steady,sycl_mpi,32,512,4.901896666666667,4.261493333333333,5.33621,5,15,4.8852660000000006,,,,,
halo_1d,2n1g,steady,sycl_oneccl,32,512,43.704633333333334,43.072766666666666,44.5422,5,15,43.79888666666667,,,,,
halo_1d,2n1g,isolated,cuda_mpi,64,1024,5.1938200000000005,4.487113333333333,5.860496666666666,5,15,5.071074666666666,,,,,
halo_1d,2n1g,isolated,cuda_nccl,64,1024,46.2176,45.519133333333336,46.57196666666667,5,15,46.13895333333333,,,,,
halo_1d,2n1g,isolated,cuda_nvshmem,64,1024,29.2636,28.0074,29.786966666666668,5,15,29.05145333333333,,,,,
halo_1d,2n1g,isolated,oshmpi,64,1024,10.4315,9.399276666666667,10.6159,5,15,10.075228666666668,,,,,
halo_1d,2n1g,isolated,sycl_mpi,64,1024,5.22081,4.62265,5.603443333333334,5,15,5.221412,,,,,
halo_1d,2n1g,isolated,sycl_oneccl,64,1024,58.02343333333333,57.17516666666667,58.79773333333333,5,15,57.98948666666667,,,,,
halo_1d,2n1g,steady,cuda_mpi,64,1024,4.88896,4.270386666666666,5.56049,5,15,4.818302,,,,,
halo_1d,2n1g,steady,cuda_nccl,64,1024,38.938633333333335,38.355666666666664,39.32633333333333,5,15,38.900600000000004,,,,,
halo_1d,2n1g,steady,cuda_nvshmem,64,1024,16.561,15.3334,17.307666666666666,5,15,16.333613333333332,,,,,
halo_1d,2n1g,steady,oshmpi,64,1024,0.410604,0.39774,0.430026,5,15,0.41153293333333335,,,,,
halo_1d,2n1g,steady,sycl_mpi,64,1024,4.967223333333333,4.17918,5.303543333333334,5,15,4.862700666666667,,,,,
halo_1d,2n1g,steady,sycl_oneccl,64,1024,43.8197,43.14326666666667,44.64633333333333,5,15,43.885133333333336,,,,,
halo_1d,2n1g,isolated,cuda_mpi,128,2048,5.026223333333333,4.69277,5.83566,5,15,5.081931333333333,,,,,
halo_1d,2n1g,isolated,cuda_nccl,128,2048,46.3472,45.66296666666667,47.15763333333334,5,15,46.33063333333334,,,,,
halo_1d,2n1g,isolated,cuda_nvshmem,128,2048,29.462266666666668,27.877966666666666,29.798533333333335,5,15,29.084253333333333,,,,,
halo_1d,2n1g,isolated,oshmpi,128,2048,10.4983,9.376196666666667,10.645333333333333,5,15,10.13271,,,,,
halo_1d,2n1g,isolated,sycl_mpi,128,2048,5.349216666666667,4.744883333333333,5.707293333333333,5,15,5.287014666666667,,,,,
halo_1d,2n1g,isolated,sycl_oneccl,128,2048,57.6964,56.954233333333335,59.55603333333333,5,15,58.05553333333333,,,,,
halo_1d,2n1g,steady,cuda_mpi,128,2048,4.918613333333333,4.23082,5.676856666666667,5,15,4.85396,,,,,
halo_1d,2n1g,steady,cuda_nccl,128,2048,39.03296666666667,38.5133,39.5489,5,15,39.0368,,,,,
halo_1d,2n1g,steady,cuda_nvshmem,128,2048,16.572366666666667,15.131833333333333,16.8216,5,15,16.204553333333333,,,,,
halo_1d,2n1g,steady,oshmpi,128,2048,0.410087,0.399365,0.521811,5,15,0.43042053333333335,,,,,
halo_1d,2n1g,steady,sycl_mpi,128,2048,5.12705,4.260173333333333,5.4771833333333335,5,15,4.9913153333333335,,,,,
halo_1d,2n1g,steady,sycl_oneccl,128,2048,44.003366666666665,43.19123333333334,44.8194,5,15,44.03520666666667,,,,,
halo_1d,2n1g,isolated,cuda_mpi,256,4096,8.00027,6.905823333333333,9.590353333333333,5,15,7.935062,,,,,
halo_1d,2n1g,isolated,cuda_nccl,256,4096,46.75716666666667,46.2849,47.31386666666667,5,15,46.77594666666666,,,,,
halo_1d,2n1g,isolated,cuda_nvshmem,256,4096,29.5062,27.987533333333335,29.863766666666667,5,15,29.16860666666667,,,,,
halo_1d,2n1g,isolated,oshmpi,256,4096,10.6005,9.571176666666666,10.883233333333333,5,15,10.279207333333334,,,,,
halo_1d,2n1g,isolated,sycl_mpi,256,4096,8.27628,6.95321,9.278576666666666,5,15,8.222996,,,,,
halo_1d,2n1g,isolated,sycl_oneccl,256,4096,58.137933333333336,57.20633333333333,59.3133,5,15,58.347,,,,,
halo_1d,2n1g,steady,cuda_mpi,256,4096,7.83791,6.62408,9.285056666666666,5,15,7.698748666666666,,,,,
halo_1d,2n1g,steady,cuda_nccl,256,4096,39.511066666666665,39.0055,40.040166666666664,5,15,39.51448,,,,,
halo_1d,2n1g,steady,cuda_nvshmem,256,4096,16.5996,15.195433333333334,16.835,5,15,16.203286666666667,,,,,
halo_1d,2n1g,steady,oshmpi,256,4096,0.4161323333333333,0.410899,0.5954820000000001,5,15,0.4503300666666667,,,,,
halo_1d,2n1g,steady,sycl_mpi,256,4096,8.158423333333333,6.649203333333333,8.884326666666666,5,15,7.9779453333333334,,,,,
halo_1d,2n1g,steady,sycl_oneccl,256,4096,44.34393333333333,43.490433333333335,45.2528,5,15,44.36884,,,,,
halo_1d,2n1g,isolated,cuda_mpi,512,8192,8.17858,7.14354,9.945803333333334,5,15,8.18454,,,,,
halo_1d,2n1g,isolated,cuda_nccl,512,8192,47.4033,46.75626666666667,47.9444,5,15,47.3837,,,,,
halo_1d,2n1g,isolated,cuda_nvshmem,512,8192,29.5127,27.9084,30.079633333333334,5,15,29.10506666666667,,,,,
halo_1d,2n1g,isolated,oshmpi,512,8192,10.785066666666667,9.812063333333334,11.1485,5,15,10.535852,,,,,
halo_1d,2n1g,isolated,sycl_mpi,512,8192,8.604256666666668,7.251203333333334,9.590503333333332,5,15,8.505942666666666,,,,,
halo_1d,2n1g,isolated,sycl_oneccl,512,8192,59.39403333333333,58.64286666666666,61.821866666666665,5,15,59.852373333333325,,,,,
halo_1d,2n1g,steady,cuda_mpi,512,8192,8.124423333333334,6.932113333333334,9.69949,5,15,8.024879333333335,,,,,
halo_1d,2n1g,steady,cuda_nccl,512,8192,40.1333,39.60276666666667,40.6416,5,15,40.140726666666666,,,,,
halo_1d,2n1g,steady,cuda_nvshmem,512,8192,16.607233333333333,15.264766666666667,16.856933333333334,5,15,16.22082,,,,,
halo_1d,2n1g,steady,oshmpi,512,8192,0.5376333333333333,0.497547,0.7209413333333333,5,15,0.5656622,,,,,
halo_1d,2n1g,steady,sycl_mpi,512,8192,8.414883333333334,6.9363399999999995,9.196326666666666,5,15,8.270079333333333,,,,,
halo_1d,2n1g,steady,sycl_oneccl,512,8192,44.99786666666667,44.20113333333334,45.85863333333333,5,15,45.07985333333333,,,,,
halo_1d,2n1g,isolated,cuda_mpi,1024,16384,8.889213333333334,7.714943333333333,11.208066666666667,5,15,8.929354,,,,,
halo_1d,2n1g,isolated,cuda_nccl,1024,16384,48.57306666666667,47.6098,48.9365,5,15,48.48375333333333,,,,,
halo_1d,2n1g,isolated,cuda_nvshmem,1024,16384,30.153866666666666,28.542133333333332,30.301066666666667,5,15,29.67386,,,,,
halo_1d,2n1g,isolated,oshmpi,1024,16384,11.513633333333333,10.341333333333333,12.3994,5,15,11.333913333333333,,,,,
halo_1d,2n1g,isolated,sycl_mpi,1024,16384,9.37731,7.873223333333333,10.2348,5,15,9.285519333333333,,,,,
halo_1d,2n1g,isolated,sycl_oneccl,1024,16384,60.5122,59.15266666666667,61.641466666666666,5,15,60.49688666666667,,,,,
halo_1d,2n1g,steady,cuda_mpi,1024,16384,8.866913333333333,7.589183333333334,10.740466666666666,5,15,8.807339333333335,,,,,
halo_1d,2n1g,steady,cuda_nccl,1024,16384,41.33743333333334,40.57456666666667,41.85783333333333,5,15,41.25380666666667,,,,,
halo_1d,2n1g,steady,cuda_nvshmem,1024,16384,17.3447,16.081033333333334,17.502233333333333,5,15,16.975939999999998,,,,,
halo_1d,2n1g,steady,oshmpi,1024,16384,0.846456,0.8166496666666667,1.180347,5,15,0.9250755333333333,,,,,
halo_1d,2n1g,steady,sycl_mpi,1024,16384,9.098456666666667,7.6746566666666665,9.941036666666667,5,15,9.058332,,,,,
halo_1d,2n1g,steady,sycl_oneccl,1024,16384,46.122800000000005,44.9744,47.43683333333333,5,15,46.27924666666667,,,,,
halo_1d,2n1g,isolated,cuda_mpi,2048,32768,9.843346666666667,8.84067,12.080166666666667,5,15,9.918608,,,,,
halo_1d,2n1g,isolated,cuda_nccl,2048,32768,49.50663333333333,48.52223333333333,50.12943333333333,5,15,49.46878,,,,,
halo_1d,2n1g,isolated,cuda_nvshmem,2048,32768,30.497633333333333,29.266333333333332,31.131,5,15,30.248046666666667,,,,,
halo_1d,2n1g,isolated,oshmpi,2048,32768,12.2289,11.274366666666667,14.150033333333333,5,15,12.388846666666666,,,,,
halo_1d,2n1g,isolated,sycl_mpi,2048,32768,10.037593333333334,8.78464,10.9061,5,15,10.097776,,,,,
halo_1d,2n1g,isolated,sycl_oneccl,2048,32768,63.351333333333336,61.39416666666667,64.12363333333333,5,15,62.92905333333333,,,,,
halo_1d,2n1g,steady,cuda_mpi,2048,32768,9.618773333333333,8.373416666666667,12.003633333333333,5,15,9.666019333333335,,,,,
halo_1d,2n1g,steady,cuda_nccl,2048,32768,43.25266666666666,42.4159,43.78803333333333,5,15,43.14116666666666,,,,,
halo_1d,2n1g,steady,cuda_nvshmem,2048,32768,17.607733333333332,16.403866666666666,17.766566666666666,5,15,17.17676,,,,,
halo_1d,2n1g,steady,oshmpi,2048,32768,1.6334,1.4528466666666666,2.1684466666666666,5,15,1.7093173333333334,,,,,
halo_1d,2n1g,steady,sycl_mpi,2048,32768,9.981073333333333,8.520893333333333,10.889366666666666,5,15,10.010957999999999,,,,,
halo_1d,2n1g,steady,sycl_oneccl,2048,32768,48.27786666666667,47.138666666666666,49.5124,5,15,48.42937333333334,,,,,
halo_1d,2n1g,isolated,cuda_mpi,4096,65536,11.155366666666668,10.19584,14.360666666666667,5,15,11.443981333333333,,,,,
halo_1d,2n1g,isolated,cuda_nccl,4096,65536,57.89106666666667,56.31656666666667,58.63676666666667,5,15,57.717999999999996,,,,,
halo_1d,2n1g,isolated,cuda_nvshmem,4096,65536,31.253966666666667,29.813466666666667,32.0762,5,15,31.031166666666664,,,,,
halo_1d,2n1g,isolated,oshmpi,4096,65536,13.551133333333334,12.815766666666667,17.384766666666668,5,15,14.226093333333333,,,,,
halo_1d,2n1g,isolated,sycl_mpi,4096,65536,11.2869,10.186053333333334,13.351866666666666,5,15,11.644464,,,,,
halo_1d,2n1g,isolated,sycl_oneccl,4096,65536,71.27443333333333,67.83686666666667,73.00523333333334,5,15,70.98082,,,,,
halo_1d,2n1g,steady,cuda_mpi,4096,65536,10.823266666666667,9.672360000000001,14.286633333333333,5,15,11.134566000000001,,,,,
halo_1d,2n1g,steady,cuda_nccl,4096,65536,51.06013333333333,49.50796666666667,51.75496666666667,5,15,50.829373333333336,,,,,
halo_1d,2n1g,steady,cuda_nvshmem,4096,65536,18.483033333333335,17.1993,18.737066666666667,5,15,18.11128666666667,,,,,
halo_1d,2n1g,steady,oshmpi,4096,65536,2.86368,2.795046666666667,3.9945633333333332,5,15,3.072697333333333,,,,,
halo_1d,2n1g,steady,sycl_mpi,4096,65536,11.273366666666666,9.491116666666667,13.268866666666666,5,15,11.47727,,,,,
halo_1d,2n1g,steady,sycl_oneccl,4096,65536,56.151399999999995,53.05676666666667,58.1843,5,15,56.18080666666666,,,,,
halo_1d,2n1g,isolated,cuda_mpi,8192,131072,14.145033333333334,12.341366666666666,16.505266666666667,5,15,14.0233,,,,,
halo_1d,2n1g,isolated,cuda_nccl,8192,131072,62.03946666666667,60.0245,62.37896666666666,5,15,61.44377333333333,,,,,
halo_1d,2n1g,isolated,cuda_nvshmem,8192,131072,34.9394,33.40193333333333,35.40193333333333,5,15,34.58797333333334,,,,,
halo_1d,2n1g,isolated,oshmpi,8192,131072,16.854033333333334,15.355966666666667,23.214733333333335,5,15,17.68939333333333,,,,,
halo_1d,2n1g,isolated,sycl_mpi,8192,131072,14.833933333333333,12.5234,15.524266666666668,5,15,14.376746666666666,,,,,
halo_1d,2n1g,isolated,sycl_oneccl,8192,131072,76.27566666666667,73.10896666666666,78.68686666666667,5,15,76.36807999999999,,,,,
halo_1d,2n1g,steady,cuda_mpi,8192,131072,13.161833333333334,11.417933333333334,16.3354,5,15,13.266813333333333,,,,,
halo_1d,2n1g,steady,cuda_nccl,8192,131072,53.7104,52.530433333333335,54.308233333333334,5,15,53.49899333333334,,,,,
halo_1d,2n1g,steady,cuda_nvshmem,8192,131072,21.4805,20.612366666666667,21.77156666666667,5,15,21.230573333333332,,,,,
halo_1d,2n1g,steady,oshmpi,8192,131072,5.84483,5.642526666666667,6.185406666666666,5,15,5.869628666666667,,,,,
halo_1d,2n1g,steady,sycl_mpi,8192,131072,13.898100000000001,11.334966666666666,14.981166666666667,5,15,13.565439999999999,,,,,
halo_1d,2n1g,steady,sycl_oneccl,8192,131072,60.973800000000004,58.02916666666667,63.099133333333334,5,15,61.07016,,,,,
halo_1d,2n1g,isolated,cuda_mpi,16384,262144,19.65276666666667,18.205299999999998,23.417066666666667,5,15,19.9263,,,,,
halo_1d,2n1g,isolated,cuda_nccl,16384,262144,68.6664,66.64773333333333,70.37,5,15,68.51668666666666,,,,,
halo_1d,2n1g,isolated,cuda_nvshmem,16384,262144,41.898133333333334,40.23223333333333,42.5441,5,15,41.51944666666667,,,,,
halo_1d,2n1g,isolated,oshmpi,16384,262144,22.187833333333334,21.937733333333334,22.762233333333334,5,15,22.263786666666665,,,,,
halo_1d,2n1g,isolated,sycl_mpi,16384,262144,21.157700000000002,18.386266666666668,22.867666666666665,5,15,20.68362666666667,,,,,
halo_1d,2n1g,isolated,sycl_oneccl,16384,262144,92.70936666666667,87.95146666666666,96.90123333333334,5,15,93.13038,,,,,
halo_1d,2n1g,steady,cuda_mpi,16384,262144,18.8305,16.822,23.0982,5,15,19.31398,,,,,
halo_1d,2n1g,steady,cuda_nccl,16384,262144,60.607733333333336,59.15286666666667,61.2395,5,15,60.27274666666666,,,,,
halo_1d,2n1g,steady,cuda_nvshmem,16384,262144,28.462933333333332,27.224366666666665,28.596233333333334,5,15,28.038946666666668,,,,,
halo_1d,2n1g,steady,oshmpi,16384,262144,11.426866666666667,10.824166666666667,11.7182,5,15,11.413586666666667,,,,,
halo_1d,2n1g,steady,sycl_mpi,16384,262144,19.2626,16.735733333333332,22.976666666666667,5,15,19.831566666666667,,,,,
halo_1d,2n1g,steady,sycl_oneccl,16384,262144,77.06646666666667,73.0748,80.646,5,15,77.51062,,,,,
halo_1d,2n1g,isolated,cuda_mpi,32768,524288,32.61233333333333,29.981066666666667,36.3478,5,15,32.61836,,,,,
halo_1d,2n1g,isolated,cuda_nccl,32768,524288,87.78513333333333,84.87060000000001,89.2943,5,15,87.22167333333333,,,,,
halo_1d,2n1g,isolated,cuda_nvshmem,32768,524288,55.4763,53.90873333333334,55.74693333333333,5,15,54.96653333333334,,,,,
halo_1d,2n1g,isolated,oshmpi,32768,524288,34.08206666666667,33.141799999999996,35.16836666666667,5,15,34.195146666666666,,,,,
halo_1d,2n1g,isolated,sycl_mpi,32768,524288,32.84376666666667,31.0993,36.8223,5,15,33.42196666666667,,,,,
halo_1d,2n1g,isolated,sycl_oneccl,32768,524288,112.47433333333333,107.635,116.30133333333333,5,15,112.5628,,,,,
halo_1d,2n1g,steady,cuda_mpi,32768,524288,33.1287,29.806366666666666,38.1847,5,15,32.98437333333333,,,,,
halo_1d,2n1g,steady,cuda_nccl,32768,524288,79.69023333333334,76.92113333333333,81.11566666666667,5,15,79.01375333333334,,,,,
halo_1d,2n1g,steady,cuda_nvshmem,32768,524288,41.93643333333333,40.89993333333334,42.08796666666667,5,15,41.567699999999995,,,,,
halo_1d,2n1g,steady,oshmpi,32768,524288,22.4938,22.085333333333335,23.173566666666666,5,15,22.576086666666665,,,,,
halo_1d,2n1g,steady,sycl_mpi,32768,524288,33.143566666666665,30.5279,37.836866666666666,5,15,33.68085333333333,,,,,
halo_1d,2n1g,steady,sycl_oneccl,32768,524288,96.46393333333333,92.74743333333333,100.8951,5,15,97.10207333333332,,,,,
halo_1d,2n1g,isolated,cuda_mpi,65536,1048576,58.54356666666666,55.74413333333333,62.47513333333333,5,15,58.787,,,,,
halo_1d,2n1g,isolated,cuda_nccl,65536,1048576,116.294,113.55666666666667,118.53366666666666,5,15,115.83913333333334,,,,,
halo_1d,2n1g,isolated,cuda_nvshmem,65536,1048576,77.46963333333333,75.5723,77.684,5,15,76.80692666666667,,,,,
halo_1d,2n1g,isolated,oshmpi,65536,1048576,58.0568,56.586933333333334,60.95053333333333,5,15,58.226906666666665,,,,,
halo_1d,2n1g,isolated,sycl_mpi,65536,1048576,58.0824,54.8564,61.3481,5,15,57.971160000000005,,,,,
halo_1d,2n1g,isolated,sycl_oneccl,65536,1048576,133.57333333333332,129.399,135.86666666666667,5,15,133.263,,,,,
halo_1d,2n1g,steady,cuda_mpi,65536,1048576,57.10263333333333,52.81856666666667,61.7564,5,15,56.671413333333334,,,,,
halo_1d,2n1g,steady,cuda_nccl,65536,1048576,107.33500000000001,105.84333333333333,110.59766666666667,5,15,107.4986,,,,,
halo_1d,2n1g,steady,cuda_nvshmem,65536,1048576,63.26903333333333,62.003233333333334,63.321533333333335,5,15,62.78949333333333,,,,,
halo_1d,2n1g,steady,oshmpi,65536,1048576,45.760733333333334,43.703066666666665,48.13053333333333,5,15,45.760239999999996,,,,,
halo_1d,2n1g,steady,sycl_mpi,65536,1048576,55.412933333333335,52.728233333333336,61.9413,5,15,57.126513333333335,,,,,
halo_1d,2n1g,steady,sycl_oneccl,65536,1048576,114.31333333333333,111.852,118.23766666666667,5,15,115.0124,,,,,
halo_1d,2n1g,isolated,cuda_mpi,131072,2097152,103.83966666666666,98.95806666666667,108.76633333333334,5,15,103.42426666666667,,,,,
halo_1d,2n1g,isolated,cuda_nccl,131072,2097152,171.47766666666666,167.294,173.636,5,15,170.66586666666666,,,,,
halo_1d,2n1g,isolated,cuda_nvshmem,131072,2097152,120.548,118.79466666666667,120.84666666666666,5,15,119.97273333333332,,,,,
halo_1d,2n1g,isolated,oshmpi,131072,2097152,102.97666666666666,100.68866666666666,106.38366666666667,5,15,103.00286666666668,,,,,
halo_1d,2n1g,isolated,sycl_mpi,131072,2097152,102.361,101.42573333333334,110.23966666666666,5,15,104.39634666666667,,,,,
halo_1d,2n1g,isolated,sycl_oneccl,131072,2097152,186.99933333333334,182.30133333333333,190.745,5,15,187.1110666666667,,,,,
halo_1d,2n1g,steady,cuda_mpi,131072,2097152,103.798,96.63313333333333,109.49866666666667,5,15,102.62601333333333,,,,,
halo_1d,2n1g,steady,cuda_nccl,131072,2097152,160.172,157.59733333333332,163.64066666666668,5,15,160.1628,,,,,
halo_1d,2n1g,steady,cuda_nvshmem,131072,2097152,106.03233333333333,104.70933333333333,106.10066666666667,5,15,105.5238,,,,,
halo_1d,2n1g,steady,oshmpi,131072,2097152,89.35803333333334,88.332,89.9181,5,15,89.33981333333332,,,,,
halo_1d,2n1g,steady,sycl_mpi,131072,2097152,100.792,96.40906666666666,110.21033333333334,5,15,103.26681333333333,,,,,
halo_1d,2n1g,steady,sycl_oneccl,131072,2097152,168.51033333333334,163.88966666666667,173.826,5,15,169.17813333333334,,,,,
halo_1d,2n1g,isolated,cuda_mpi,262144,4194304,199.38766666666666,191.76866666666666,200.97966666666667,5,15,197.41333333333336,,,,,
halo_1d,2n1g,isolated,cuda_nccl,262144,4194304,276.6123333333333,268.489,280.0366666666667,5,15,274.83793333333335,,,,,
halo_1d,2n1g,isolated,cuda_nvshmem,262144,4194304,206.535,204.41833333333335,207.00333333333333,5,15,205.8908,,,,,
halo_1d,2n1g,isolated,oshmpi,262144,4194304,197.17633333333333,190.22899999999998,202.983,5,15,197.36126666666667,,,,,
halo_1d,2n1g,isolated,sycl_mpi,262144,4194304,198.00300000000001,193.218,208.01866666666666,5,15,199.93466666666666,,,,,
halo_1d,2n1g,isolated,sycl_oneccl,262144,4194304,289.40933333333334,275.591,291.33866666666665,5,15,286.3074,,,,,
halo_1d,2n1g,steady,cuda_mpi,262144,4194304,197.947,183.46866666666668,201.213,5,15,194.2558666666667,,,,,
halo_1d,2n1g,steady,cuda_nccl,262144,4194304,266.711,260.01,270.45966666666664,5,15,265.16773333333333,,,,,
halo_1d,2n1g,steady,cuda_nvshmem,262144,4194304,191.52966666666669,190.14866666666666,191.61433333333332,5,15,191.00166666666667,,,,,
halo_1d,2n1g,steady,oshmpi,262144,4194304,178.29966666666667,176.476,194.70833333333334,5,15,181.07999999999998,,,,,
halo_1d,2n1g,steady,sycl_mpi,262144,4194304,194.40933333333334,183.188,210.04066666666668,5,15,196.19593333333333,,,,,
halo_1d,2n1g,steady,sycl_oneccl,262144,4194304,266.70033333333333,257.2973333333333,271.384,5,15,266.0868,,,,,
halo_1d,2n1g,isolated,cuda_mpi,524288,8388608,391.332,378.77733333333333,401.6453333333333,5,15,390.08993333333336,,,,,
halo_1d,2n1g,isolated,cuda_nccl,524288,8388608,459.735,454.72366666666665,464.37033333333335,5,15,459.6322666666667,,,,,
halo_1d,2n1g,isolated,cuda_nvshmem,524288,8388608,377.67400000000004,375.904,379.1313333333333,5,15,377.3824666666667,,,,,
halo_1d,2n1g,isolated,oshmpi,524288,8388608,385.52,370.981,398.3043333333333,5,15,385.07426666666663,,,,,
halo_1d,2n1g,isolated,sycl_mpi,524288,8388608,393.559,380.673,416.1016666666667,5,15,396.5597333333333,,,,,
halo_1d,2n1g,isolated,sycl_oneccl,524288,8388608,477.64133333333336,462.04,484.84233333333333,5,15,476.2332666666667,,,,,
halo_1d,2n1g,steady,cuda_mpi,524288,8388608,388.5373333333333,359.8953333333333,399.5423333333333,5,15,384.7566666666667,,,,,
halo_1d,2n1g,steady,cuda_nccl,524288,8388608,449.239,444.2203333333333,453.4173333333333,5,15,448.23946666666666,,,,,
halo_1d,2n1g,steady,cuda_nvshmem,524288,8388608,362.54566666666665,361.126,362.63966666666664,5,15,362.10519999999997,,,,,
halo_1d,2n1g,steady,oshmpi,524288,8388608,354.9336666666667,352.65633333333335,423.188,5,15,368.0457333333333,,,,,
halo_1d,2n1g,steady,sycl_mpi,524288,8388608,387.9533333333333,359.2083333333333,417.107,5,15,385.2986,,,,,
halo_1d,2n1g,steady,sycl_oneccl,524288,8388608,455.98633333333333,442.22833333333335,463.417,5,15,455.3500666666667,,,,,
halo_1d,2n1g,isolated,cuda_mpi,1048576,16777216,774.4883333333333,761.1643333333333,817.042,5,15,780.8675999999999,,,,,
halo_1d,2n1g,isolated,cuda_nccl,1048576,16777216,852.1163333333333,840.803,859.3973333333333,5,15,850.5965333333334,,,,,
halo_1d,2n1g,isolated,cuda_nvshmem,1048576,16777216,719.904,717.8993333333334,722.4353333333333,5,15,720.0211999999999,,,,,
halo_1d,2n1g,isolated,oshmpi,1048576,16777216,756.9143333333333,733.129,778.7139999999999,5,15,758.3473333333333,,,,,
halo_1d,2n1g,isolated,sycl_mpi,1048576,16777216,764.2146666666666,745.3506666666667,878.7126666666667,5,15,789.5388,,,,,
halo_1d,2n1g,isolated,sycl_oneccl,1048576,16777216,863.7003333333333,838.4943333333333,876.4373333333333,5,15,861.8595333333334,,,,,
halo_1d,2n1g,steady,cuda_mpi,1048576,16777216,772.108,712.1326666666666,796.889,5,15,765.2786666666667,,,,,
halo_1d,2n1g,steady,cuda_nccl,1048576,16777216,838.465,826.4223333333333,845.351,5,15,835.7986,,,,,
halo_1d,2n1g,steady,cuda_nvshmem,1048576,16777216,704.554,703.1693333333333,704.7579999999999,5,15,704.0652666666666,,,,,
halo_1d,2n1g,steady,oshmpi,1048576,16777216,707.8806666666667,705.374,787.793,5,15,723.8508,,,,,
halo_1d,2n1g,steady,sycl_mpi,1048576,16777216,775.291,711.1916666666667,833.872,5,15,764.4602666666667,,,,,
halo_1d,2n1g,steady,sycl_oneccl,1048576,16777216,840.2723333333333,813.645,854.5256666666667,5,15,839.7408666666666,,,,,
halo_1d,2n4g,isolated,cuda_mpi,1,16,6.912656666666666,6.799703333333333,7.05793,5,15,6.924175333333333,,,,,
halo_1d,2n4g,isolated,cuda_nccl,1,16,35.8983,33.9232,37.42816666666667,5,15,35.90582,,,,,
halo_1d,2n4g,isolated,cuda_nvshmem,1,16,62.618900000000004,46.5063,79.83846666666668,5,15,60.66579333333333,,,,,
halo_1d,2n4g,isolated,oshmpi,1,16,27.5363,17.4028,32.61736666666667,5,15,25.842493333333334,,,,,
halo_1d,2n4g,isolated,sycl_mpi,1,16,8.120659999999999,8.090516666666666,8.167309999999999,5,15,8.130943333333333,,,,,
halo_1d,2n4g,isolated,sycl_oneccl,1,16,48.43176666666667,45.2388,49.27,5,15,47.38059333333333,,,,,
halo_1d,2n4g,steady,cuda_mpi,1,16,4.6399,4.553073333333334,4.72289,5,15,4.625452,,,,,
halo_1d,2n4g,steady,cuda_nccl,1,16,24.60216666666667,24.519033333333333,24.703633333333332,5,15,24.615060000000003,,,,,
halo_1d,2n4g,steady,cuda_nvshmem,1,16,15.239033333333333,15.0337,16.877066666666668,5,15,15.8028,,,,,
halo_1d,2n4g,steady,oshmpi,1,16,6.53279,5.455666666666667,6.6033566666666665,5,15,6.135807333333333,,,,,
halo_1d,2n4g,steady,sycl_mpi,1,16,4.663523333333333,4.555266666666666,5.425683333333334,5,15,4.785041333333334,,,,,
halo_1d,2n4g,steady,sycl_oneccl,1,16,27.8442,27.765433333333334,28.113933333333335,5,15,27.896193333333333,,,,,
halo_1d,2n4g,isolated,cuda_mpi,2,32,4.682593333333333,4.56833,4.809606666666666,5,15,4.701524,,,,,
halo_1d,2n4g,isolated,cuda_nccl,2,32,32.9307,32.807633333333335,33.443400000000004,5,15,33.05743333333333,,,,,
halo_1d,2n4g,isolated,cuda_nvshmem,2,32,30.1101,29.726533333333332,31.7774,5,15,30.556526666666667,,,,,
halo_1d,2n4g,isolated,oshmpi,2,32,17.133933333333335,16.5275,17.762633333333333,5,15,17.06388,,,,,
halo_1d,2n4g,isolated,sycl_mpi,2,32,4.825073333333333,4.702776666666667,5.5994866666666665,5,15,4.950903333333333,,,,,
halo_1d,2n4g,isolated,sycl_oneccl,2,32,44.396433333333334,43.75013333333334,45.749833333333335,5,15,44.57725333333334,,,,,
halo_1d,2n4g,steady,cuda_mpi,2,32,4.4121,4.3266,4.456813333333334,5,15,4.405406666666666,,,,,
halo_1d,2n4g,steady,cuda_nccl,2,32,24.49876666666667,24.451966666666667,24.652233333333335,5,15,24.541393333333335,,,,,
halo_1d,2n4g,steady,cuda_nvshmem,2,32,14.938533333333332,14.828,16.623633333333334,5,15,15.476246666666666,,,,,
halo_1d,2n4g,steady,oshmpi,2,32,5.4197066666666665,5.338336666666667,5.445246666666667,5,15,5.403806,,,,,
halo_1d,2n4g,steady,sycl_mpi,2,32,4.412153333333333,4.28964,5.2492,5,15,4.546042666666667,,,,,
halo_1d,2n4g,steady,sycl_oneccl,2,32,27.8057,27.698933333333333,28.061766666666667,5,15,27.836413333333333,,,,,
halo_1d,2n4g,isolated,cuda_mpi,4,64,3.8501366666666668,3.6209733333333336,4.00475,5,15,3.8438993333333333,,,,,
halo_1d,2n4g,isolated,cuda_nccl,4,64,32.6023,32.379933333333334,32.87056666666667,5,15,32.610913333333336,,,,,
halo_1d,2n4g,isolated,cuda_nvshmem,4,64,30.504833333333334,29.746466666666667,32.41076666666667,5,15,30.6755,,,,,
halo_1d,2n4g,isolated,oshmpi,4,64,17.290033333333334,16.451833333333333,17.658533333333335,5,15,17.057959999999998,,,,,
halo_1d,2n4g,isolated,sycl_mpi,4,64,4.068456666666667,3.75049,4.851943333333333,5,15,4.113016,,,,,
halo_1d,2n4g,isolated,sycl_oneccl,4,64,43.71556666666667,42.7064,45.42156666666666,5,15,43.83842,,,,,
halo_1d,2n4g,steady,cuda_mpi,4,64,3.5431766666666666,3.2428966666666668,3.81023,5,15,3.5585933333333335,,,,,
halo_1d,2n4g,steady,cuda_nccl,4,64,24.1038,24.087666666666667,24.304366666666667,5,15,24.172193333333333,,,,,
halo_1d,2n4g,steady,cuda_nvshmem,4,64,14.924133333333334,14.810633333333334,16.637933333333333,5,15,15.444439999999998,,,,,
halo_1d,2n4g,steady,oshmpi,4,64,5.4299333333333335,5.333403333333333,5.44692,5,15,5.4060939999999995,,,,,
halo_1d,2n4g,steady,sycl_mpi,4,64,3.50649,3.22858,4.7551,5,15,3.6877413333333333,,,,,
halo_1d,2n4g,steady,sycl_oneccl,4,64,27.133033333333334,26.852533333333334,27.499133333333333,5,15,27.130760000000002,,,,,
halo_1d,2n4g,isolated,cuda_mpi,8,128,4.5973999999999995,4.513746666666667,4.653013333333333,5,15,4.591898,,,,,
halo_1d,2n4g,isolated,cuda_nccl,8,128,32.51626666666667,32.213366666666666,32.77503333333333,5,15,32.5173,,,,,
halo_1d,2n4g,isolated,cuda_nvshmem,8,128,30.125033333333334,29.6853,31.805133333333334,5,15,30.389746666666667,,,,,
halo_1d,2n4g,isolated,oshmpi,8,128,17.048,16.459133333333334,17.933966666666667,5,15,17.03417333333333,,,,,
halo_1d,2n4g,isolated,sycl_mpi,8,128,4.756126666666667,4.635326666666667,5.633693333333333,5,15,4.915940666666667,,,,,
halo_1d,2n4g,isolated,sycl_oneccl,8,128,43.86873333333333,42.40473333333333,45.20133333333333,5,15,43.80985999999999,,,,,
halo_1d,2n4g,steady,cuda_mpi,8,128,4.4123600000000005,4.280866666666666,4.4381699999999995,5,15,4.3790726666666675,,,,,
halo_1d,2n4g,steady,cuda_nccl,8,128,24.071233333333332,24.009766666666668,24.316233333333333,5,15,24.11884,,,,,
halo_1d,2n4g,steady,cuda_nvshmem,8,128,14.885133333333334,14.750133333333332,16.588933333333333,5,15,15.408213333333332,,,,,
halo_1d,2n4g,steady,oshmpi,8,128,5.42122,5.336146666666666,5.467403333333333,5,15,5.4039340000000005,,,,,
halo_1d,2n4g,steady,sycl_mpi,8,128,4.373333333333334,4.327986666666667,5.202236666666667,5,15,4.5310033333333335,,,,,
halo_1d,2n4g,steady,sycl_oneccl,8,128,26.968566666666668,26.615433333333335,27.492166666666666,5,15,26.9953,,,,,
halo_1d,2n4g,isolated,cuda_mpi,16,256,5.117436666666666,5.06171,5.181316666666667,5,15,5.1287173333333325,,,,,
halo_1d,2n4g,isolated,cuda_nccl,16,256,32.30576666666667,32.0719,32.591966666666664,5,15,32.30434666666667,,,,,
halo_1d,2n4g,isolated,cuda_nvshmem,16,256,29.9194,29.540233333333333,31.512333333333334,5,15,30.33954,,,,,
halo_1d,2n4g,isolated,oshmpi,16,256,17.103466666666666,16.353033333333332,17.9317,5,15,17.03361333333333,,,,,
halo_1d,2n4g,isolated,sycl_mpi,16,256,5.440286666666667,5.34138,6.03647,5,15,5.540471999999999,,,,,
halo_1d,2n4g,isolated,sycl_oneccl,16,256,43.254333333333335,42.408033333333336,44.86703333333333,5,15,43.309313333333336,,,,,
halo_1d,2n4g,steady,cuda_mpi,16,256,4.546153333333334,4.531336666666666,4.598636666666667,5,15,4.557137333333333,,,,,
halo_1d,2n4g,steady,cuda_nccl,16,256,24.020766666666667,23.812066666666666,24.308966666666667,5,15,24.026999999999997,,,,,
halo_1d,2n4g,steady,cuda_nvshmem,16,256,14.814166666666667,14.7638,16.532033333333334,5,15,15.379993333333335,,,,,
halo_1d,2n4g,steady,oshmpi,16,256,5.417236666666667,5.32421,5.4776766666666665,5,15,5.398673333333333,,,,,
halo_1d,2n4g,steady,sycl_mpi,16,256,4.556256666666667,4.512106666666667,5.295546666666667,5,15,4.709134666666667,,,,,
halo_1d,2n4g,steady,sycl_oneccl,16,256,26.5418,26.2425,27.201066666666666,5,15,26.652293333333333,,,,,
halo_1d,2n4g,isolated,cuda_mpi,32,512,5.1888966666666665,5.000023333333333,5.328716666666667,5,15,5.183954666666667,,,,,
halo_1d,2n4g,isolated,cuda_nccl,32,512,32.222833333333334,31.798066666666667,32.617533333333334,5,15,32.18846,,,,,
halo_1d,2n4g,isolated,cuda_nvshmem,32,512,30.20596666666667,29.600033333333332,31.386533333333333,5,15,30.36708666666667,,,,,
halo_1d,2n4g,isolated,oshmpi,32,512,17.117333333333335,16.4997,17.722066666666667,5,15,17.037873333333334,,,,,
halo_1d,2n4g,isolated,sycl_mpi,32,512,5.233553333333333,5.211303333333333,6.04367,5,15,5.4195866666666666,,,,,
halo_1d,2n4g,isolated,sycl_oneccl,32,512,42.7627,41.90346666666667,44.8015,5,15,42.917413333333336,,,,,
halo_1d,2n4g,steady,cuda_mpi,32,512,4.52,4.449373333333334,4.595383333333333,5,15,4.52574,,,,,
halo_1d,2n4g,steady,cuda_nccl,32,512,23.937866666666668,23.375166666666665,24.228733333333334,5,15,23.880786666666665,,,,,
halo_1d,2n4g,steady,cuda_nvshmem,32,512,14.8269,14.6646,16.59123333333333,5,15,15.36844,,,,,
halo_1d,2n4g,steady,oshmpi,32,512,5.415483333333333,5.335403333333334,5.498186666666667,5,15,5.4169,,,,,
halo_1d,2n4g,steady,sycl_mpi,32,512,4.631803333333333,4.554303333333333,5.292493333333334,5,15,4.7438666666666665,,,,,
halo_1d,2n4g,steady,sycl_oneccl,32,512,26.2427,25.982966666666666,27.112866666666665,5,15,26.417893333333332,,,,,
halo_1d,2n4g,isolated,cuda_mpi,64,1024,6.8958,6.853646666666666,7.08842,5,15,6.932007333333333,,,,,
halo_1d,2n4g,isolated,cuda_nccl,64,1024,31.848033333333333,31.530533333333334,32.659333333333336,5,15,32.0597,,,,,
halo_1d,2n4g,isolated,cuda_nvshmem,64,1024,29.6319,29.4936,31.425166666666666,5,15,30.281293333333334,,,,,
halo_1d,2n4g,isolated,oshmpi,64,1024,17.018833333333333,16.416999999999998,17.73026666666667,5,15,17.003213333333335,,,,,
halo_1d,2n4g,isolated,sycl_mpi,64,1024,7.04321,6.93489,7.2469600000000005,5,15,7.077057333333333,,,,,
halo_1d,2n4g,isolated,sycl_oneccl,64,1024,42.9208,41.77516666666667,44.737033333333336,5,15,42.89800666666667,,,,,
halo_1d,2n4g,steady,cuda_mpi,64,1024,5.94045,5.788113333333333,6.089833333333333,5,15,5.9520073333333325,,,,,
halo_1d,2n4g,steady,cuda_nccl,64,1024,23.471533333333333,23.220466666666667,24.006133333333334,5,15,23.592333333333332,,,,,
halo_1d,2n4g,steady,cuda_nvshmem,64,1024,14.891833333333334,14.660133333333333,16.54126666666667,5,15,15.30576,,,,,
halo_1d,2n4g,steady,oshmpi,64,1024,5.427953333333333,5.324076666666667,5.443153333333333,5,15,5.412845333333333,,,,,
halo_1d,2n4g,steady,sycl_mpi,64,1024,5.879973333333333,5.63694,6.00963,5,15,5.8476186666666665,,,,,
halo_1d,2n4g,steady,sycl_oneccl,64,1024,25.9752,25.776533333333333,26.340566666666668,5,15,26.034893333333333,,,,,
halo_1d,2n4g,isolated,cuda_mpi,128,2048,9.060496666666666,8.811336666666667,9.32667,5,15,9.023749333333335,,,,,
halo_1d,2n4g,isolated,cuda_nccl,128,2048,32.06636666666667,31.56693333333333,32.4157,5,15,32.00559333333333,,,,,
halo_1d,2n4g,isolated,cuda_nvshmem,128,2048,29.8557,29.44996666666667,31.169533333333334,5,15,30.147413333333336,,,,,
halo_1d,2n4g,isolated,oshmpi,128,2048,16.977,16.5123,17.6356,5,15,17.012620000000002,,,,,
halo_1d,2n4g,isolated,sycl_mpi,128,2048,9.141133333333334,8.88886,9.997826666666667,5,15,9.248384,,,,,
halo_1d,2n4g,isolated,sycl_oneccl,128,2048,42.491566666666664,40.867533333333334,43.9001,5,15,42.305506666666666,,,,,
halo_1d,2n4g,steady,cuda_mpi,128,2048,6.694346666666666,6.447233333333333,6.958383333333334,5,15,6.673852,,,,,
halo_1d,2n4g,steady,cuda_nccl,128,2048,23.367466666666665,23.059966666666668,23.441033333333333,5,15,23.316399999999998,,,,,
halo_1d,2n4g,steady,cuda_nvshmem,128,2048,14.9601,14.618266666666667,16.370233333333335,5,15,15.309313333333334,,,,,
halo_1d,2n4g,steady,oshmpi,128,2048,5.4136766666666665,5.356716666666666,5.428326666666667,5,15,5.401093333333334,,,,,
halo_1d,2n4g,steady,sycl_mpi,128,2048,6.83881,6.68929,6.960623333333333,5,15,6.808096000000001,,,,,
halo_1d,2n4g,steady,sycl_oneccl,128,2048,25.5317,25.36703333333333,26.0332,5,15,25.594513333333335,,,,,
halo_1d,2n4g,isolated,cuda_mpi,256,4096,12.154966666666667,12.1206,12.243733333333333,5,15,12.164993333333333,,,,,
halo_1d,2n4g,isolated,cuda_nccl,256,4096,31.435866666666666,31.1423,31.9502,5,15,31.477793333333334,,,,,
halo_1d,2n4g,isolated,cuda_nvshmem,256,4096,30.318633333333334,28.9276,30.884733333333333,5,15,30.0985,,,,,
halo_1d,2n4g,isolated,oshmpi,256,4096,17.3919,16.495866666666668,22.293366666666667,5,15,18.12460666666667,,,,,
halo_1d,2n4g,isolated,sycl_mpi,256,4096,12.5073,12.3962,12.557166666666667,5,15,12.494886666666668,,,,,
halo_1d,2n4g,isolated,sycl_oneccl,256,4096,41.837666666666664,41.000233333333334,46.457633333333334,5,15,42.59412666666667,,,,,
halo_1d,2n4g,steady,cuda_mpi,256,4096,11.584733333333334,11.5465,11.6115,5,15,11.581193333333335,,,,,
halo_1d,2n4g,steady,cuda_nccl,256,4096,22.963633333333334,22.8616,23.425733333333334,5,15,23.06788,,,,,
halo_1d,2n4g,steady,cuda_nvshmem,256,4096,14.883566666666667,14.673033333333333,16.112166666666667,5,15,15.235786666666666,,,,,
halo_1d,2n4g,steady,oshmpi,256,4096,5.432636666666666,5.357553333333334,5.441386666666666,5,15,5.414724666666667,,,,,
halo_1d,2n4g,steady,sycl_mpi,256,4096,11.694133333333333,11.640733333333333,11.7284,5,15,11.68922,,,,,
halo_1d,2n4g,steady,sycl_oneccl,256,4096,25.404333333333334,25.1803,25.6839,5,15,25.428060000000002,,,,,
halo_1d,2n4g,isolated,cuda_mpi,512,8192,12.093833333333333,12.046766666666667,12.312933333333334,5,15,12.137546666666667,,,,,
halo_1d,2n4g,isolated,cuda_nccl,512,8192,31.509066666666666,31.303266666666666,32.10143333333333,5,15,31.58232,,,,,
halo_1d,2n4g,isolated,cuda_nvshmem,512,8192,30.1818,29.546266666666668,30.695766666666668,5,15,30.1172,,,,,
halo_1d,2n4g,isolated,oshmpi,512,8192,17.186700000000002,16.523466666666668,17.865033333333333,5,15,17.17058666666667,,,,,
halo_1d,2n4g,isolated,sycl_mpi,512,8192,12.4558,12.372333333333334,12.4907,5,15,12.438086666666667,,,,,
halo_1d,2n4g,isolated,sycl_oneccl,512,8192,41.995666666666665,41.3737,46.19113333333333,5,15,42.72378666666667,,,,,
halo_1d,2n4g,steady,cuda_mpi,512,8192,11.589566666666666,11.554566666666666,11.641766666666667,5,15,11.595106666666668,,,,,
halo_1d,2n4g,steady,cuda_nccl,512,8192,23.281666666666666,23.2153,23.3111,5,15,23.271673333333336,,,,,
halo_1d,2n4g,steady,cuda_nvshmem,512,8192,15.014933333333333,14.595033333333333,16.2922,5,15,15.309853333333333,,,,,
halo_1d,2n4g,steady,oshmpi,512,8192,5.400853333333333,5.347306666666667,5.42044,5,15,5.388008,,,,,
halo_1d,2n4g,steady,sycl_mpi,512,8192,11.705033333333333,11.699866666666667,11.717333333333332,5,15,11.707673333333334,,,,,
halo_1d,2n4g,steady,sycl_oneccl,512,8192,25.716466666666665,25.651,26.097633333333334,5,15,25.796766666666667,,,,,
halo_1d,2n4g,isolated,cuda_mpi,1024,16384,12.2604,12.226566666666667,12.3767,5,15,12.27736,,,,,
halo_1d,2n4g,isolated,cuda_nccl,1024,16384,31.595166666666668,31.555833333333332,31.8567,5,15,31.647386666666666,,,,,
halo_1d,2n4g,isolated,cuda_nvshmem,1024,16384,30.251933333333334,29.1706,31.4346,5,15,30.307253333333332,,,,,
halo_1d,2n4g,isolated,oshmpi,1024,16384,17.3135,16.695166666666665,18.0353,5,15,17.283413333333332,,,,,
halo_1d,2n4g,isolated,sycl_mpi,1024,16384,12.582833333333333,12.489566666666667,12.6372,5,15,12.561679999999999,,,,,
halo_1d,2n4g,isolated,sycl_oneccl,1024,16384,41.964866666666666,41.605533333333334,42.91563333333333,5,15,42.04836,,,,,
halo_1d,2n4g,steady,cuda_mpi,1024,16384,11.712066666666667,11.692833333333333,11.7451,5,15,11.717866666666668,,,,,
halo_1d,2n4g,steady,cuda_nccl,1024,16384,23.437266666666666,23.386433333333333,23.607866666666666,5,15,23.48774,,,,,
halo_1d,2n4g,steady,cuda_nvshmem,1024,16384,14.925166666666668,14.798333333333334,17.039366666666666,5,15,15.594653333333333,,,,,
halo_1d,2n4g,steady,oshmpi,1024,16384,5.433413333333333,5.337953333333333,5.450916666666667,5,15,5.403094666666666,,,,,
halo_1d,2n4g,steady,sycl_mpi,1024,16384,11.838766666666666,11.804866666666666,11.8522,5,15,11.835826666666666,,,,,
halo_1d,2n4g,steady,sycl_oneccl,1024,16384,26.024366666666666,25.913166666666665,26.42973333333333,5,15,26.116660000000003,,,,,
halo_1d,2n4g,isolated,cuda_mpi,2048,32768,12.890533333333334,12.8248,12.995333333333333,5,15,12.894126666666667,,,,,
halo_1d,2n4g,isolated,cuda_nccl,2048,32768,32.63733333333333,32.4786,33.35366666666667,5,15,32.79584666666667,,,,,
halo_1d,2n4g,isolated,cuda_nvshmem,2048,32768,30.9919,29.147866666666665,31.811766666666667,5,15,30.639633333333336,,,,,
halo_1d,2n4g,isolated,oshmpi,2048,32768,17.893533333333334,17.2344,18.4302,5,15,17.82482666666667,,,,,
halo_1d,2n4g,isolated,sycl_mpi,2048,32768,13.2743,13.1394,13.393733333333333,5,15,13.255279999999999,,,,,
halo_1d,2n4g,isolated,sycl_oneccl,2048,32768,43.13563333333333,42.31993333333333,45.429966666666665,5,15,43.348139999999994,,,,,
halo_1d,2n4g,steady,cuda_mpi,2048,32768,12.040099999999999,11.936166666666667,12.077833333333334,5,15,12.01826,,,,,
halo_1d,2n4g,steady,cuda_nccl,2048,32768,24.491566666666667,24.404966666666667,24.573133333333335,5,15,24.481346666666663,,,,,
halo_1d,2n4g,steady,cuda_nvshmem,2048,32768,15.245433333333333,15.1175,17.576733333333333,5,15,15.962873333333333,,,,,
halo_1d,2n4g,steady,oshmpi,2048,32768,5.396493333333333,5.353736666666666,5.46949,5,15,5.41022,,,,,
halo_1d,2n4g,steady,sycl_mpi,2048,32768,12.214133333333333,12.162666666666667,12.283866666666666,5,15,12.213940000000001,,,,,
halo_1d,2n4g,steady,sycl_oneccl,2048,32768,26.920733333333335,26.6536,27.2854,5,15,27.008699999999997,,,,,
halo_1d,2n4g,isolated,cuda_mpi,4096,65536,13.083966666666667,13.065133333333334,13.140033333333333,5,15,13.096666666666668,,,,,
halo_1d,2n4g,isolated,cuda_nccl,4096,65536,35.6784,35.49766666666667,36.17836666666667,5,15,35.77056666666667,,,,,
halo_1d,2n4g,isolated,cuda_nvshmem,4096,65536,31.283733333333334,30.443733333333334,33.1555,5,15,31.462866666666667,,,,,
halo_1d,2n4g,isolated,oshmpi,4096,65536,18.018366666666665,17.4202,18.501533333333334,5,15,17.93397333333333,,,,,
halo_1d,2n4g,isolated,sycl_mpi,4096,65536,13.394833333333333,13.35,13.862133333333333,5,15,13.480113333333332,,,,,
halo_1d,2n4g,isolated,sycl_oneccl,4096,65536,46.408033333333336,45.22136666666666,48.5867,5,15,46.55482666666667,,,,,
halo_1d,2n4g,steady,cuda_mpi,4096,65536,12.180133333333334,12.1419,12.2025,5,15,12.172133333333333,,,,,
halo_1d,2n4g,steady,cuda_nccl,4096,65536,28.058433333333333,27.944533333333332,29.1452,5,15,28.26034,,,,,
halo_1d,2n4g,steady,cuda_nvshmem,4096,65536,16.443366666666666,16.2944,18.414366666666666,5,15,17.050873333333335,,,,,
halo_1d,2n4g,steady,oshmpi,4096,65536,5.38945,5.333543333333333,5.414706666666667,5,15,5.374453333333333,,,,,
halo_1d,2n4g,steady,sycl_mpi,4096,65536,12.331133333333334,12.296066666666666,12.571733333333334,5,15,12.372253333333333,,,,,
halo_1d,2n4g,steady,sycl_oneccl,4096,65536,30.072266666666668,29.800166666666666,31.180333333333333,5,15,30.198413333333335,,,,,
halo_1d,2n4g,isolated,cuda_mpi,8192,131072,15.1302,14.971966666666667,15.292133333333334,5,15,15.142846666666665,,,,,
halo_1d,2n4g,isolated,cuda_nccl,8192,131072,38.30273333333333,37.71556666666667,38.70223333333333,5,15,38.24988666666666,,,,,
halo_1d,2n4g,isolated,cuda_nvshmem,8192,131072,33.84433333333333,32.121966666666665,35.61516666666667,5,15,33.779893333333334,,,,,
halo_1d,2n4g,isolated,oshmpi,8192,131072,18.422933333333333,17.558366666666668,18.92043333333333,5,15,18.26382,,,,,
halo_1d,2n4g,isolated,sycl_mpi,8192,131072,15.343633333333333,15.245233333333333,15.736166666666666,5,15,15.40726,,,,,
halo_1d,2n4g,isolated,sycl_oneccl,8192,131072,49.793933333333335,48.906400000000005,52.3596,5,15,50.097226666666664,,,,,
halo_1d,2n4g,steady,cuda_mpi,8192,131072,13.2271,13.1987,13.349033333333333,5,15,13.262113333333334,,,,,
halo_1d,2n4g,steady,cuda_nccl,8192,131072,29.971566666666668,29.752299999999998,30.213566666666665,5,15,29.96925333333333,,,,,
halo_1d,2n4g,steady,cuda_nvshmem,8192,131072,18.167133333333332,18.044466666666665,20.17996666666667,5,15,18.815273333333334,,,,,
halo_1d,2n4g,steady,oshmpi,8192,131072,5.56798,5.49441,5.635253333333333,5,15,5.564328000000001,,,,,
halo_1d,2n4g,steady,sycl_mpi,8192,131072,13.488966666666666,13.378066666666667,13.665666666666667,5,15,13.505646666666667,,,,,
halo_1d,2n4g,steady,sycl_oneccl,8192,131072,32.5477,32.276666666666664,35.19486666666667,5,15,32.99875333333333,,,,,
halo_1d,2n4g,isolated,cuda_mpi,16384,262144,19.020933333333332,18.929833333333335,19.3585,5,15,19.10343333333333,,,,,
halo_1d,2n4g,isolated,cuda_nccl,16384,262144,42.8025,42.463,43.50086666666667,5,15,42.82302,,,,,
halo_1d,2n4g,isolated,cuda_nvshmem,16384,262144,39.56313333333333,37.68143333333333,42.5523,5,15,39.61007333333334,,,,,
halo_1d,2n4g,isolated,oshmpi,16384,262144,22.7415,21.082766666666664,23.875433333333334,5,15,22.33966,,,,,
halo_1d,2n4g,isolated,sycl_mpi,16384,262144,19.805566666666667,19.6179,20.1445,5,15,19.82796666666667,,,,,
halo_1d,2n4g,isolated,sycl_oneccl,16384,262144,57.53783333333333,56.8807,64.54759999999999,5,15,59.2577,,,,,
halo_1d,2n4g,steady,cuda_mpi,16384,262144,17.425066666666666,17.1855,17.6702,5,15,17.437073333333334,,,,,
halo_1d,2n4g,steady,cuda_nccl,16384,262144,34.292566666666666,34.10603333333333,34.60823333333334,5,15,34.360926666666664,,,,,
halo_1d,2n4g,steady,cuda_nvshmem,16384,262144,22.584966666666666,22.56116666666667,24.594733333333334,5,15,23.24502,,,,,
halo_1d,2n4g,steady,oshmpi,16384,262144,10.872933333333334,10.822566666666667,10.8965,5,15,10.870313333333334,,,,,
halo_1d,2n4g,steady,sycl_mpi,16384,262144,17.191666666666666,17.1363,17.613766666666667,5,15,17.322746666666667,,,,,
halo_1d,2n4g,steady,sycl_oneccl,16384,262144,41.007400000000004,40.76806666666666,43.99186666666667,5,15,41.95644,,,,,
halo_1d,2n4g,isolated,cuda_mpi,32768,524288,26.226666666666667,25.706233333333333,27.000466666666664,5,15,26.26488,,,,,
halo_1d,2n4g,isolated,cuda_nccl,32768,524288,51.9742,51.44916666666667,52.301966666666665,5,15,51.91358,,,,,
halo_1d,2n4g,isolated,cuda_nvshmem,32768,524288,47.5363,46.40946666666667,49.5823,5,15,47.97093333333333,,,,,
halo_1d,2n4g,isolated,oshmpi,32768,524288,33.427166666666665,31.772733333333335,34.8062,5,15,33.12354,,,,,
halo_1d,2n4g,isolated,sycl_mpi,32768,524288,27.2049,25.484033333333333,28.511033333333334,5,15,27.00864,,,,,
halo_1d,2n4g,isolated,sycl_oneccl,32768,524288,68.72556666666667,67.11796666666667,70.60073333333334,5,15,68.78452,,,,,
halo_1d,2n4g,steady,cuda_mpi,32768,524288,23.546966666666666,23.234466666666666,23.917833333333334,5,15,23.572486666666666,,,,,
halo_1d,2n4g,steady,cuda_nccl,32768,524288,42.3132,42.113366666666664,42.5502,5,15,42.29296,,,,,
halo_1d,2n4g,steady,cuda_nvshmem,32768,524288,31.6549,30.714866666666666,32.8473,5,15,31.640033333333335,,,,,
halo_1d,2n4g,steady,oshmpi,32768,524288,21.597666666666665,21.521,21.637633333333333,5,15,21.595246666666664,,,,,
halo_1d,2n4g,steady,sycl_mpi,32768,524288,23.682166666666667,23.517933333333332,25.883033333333334,5,15,24.201773333333332,,,,,
halo_1d,2n4g,steady,sycl_oneccl,32768,524288,49.644533333333335,49.4375,51.2011,5,15,49.94136,,,,,
halo_1d,2n4g,isolated,cuda_mpi,65536,1048576,42.68666666666667,41.16863333333333,43.98513333333333,5,15,42.780186666666665,,,,,
halo_1d,2n4g,isolated,cuda_nccl,65536,1048576,68.34743333333333,67.71816666666668,68.7728,5,15,68.29549333333333,,,,,
halo_1d,2n4g,isolated,cuda_nvshmem,65536,1048576,60.52896666666667,59.266133333333336,62.3812,5,15,60.59424,,,,,
halo_1d,2n4g,isolated,oshmpi,65536,1048576,55.58963333333333,53.734366666666666,56.71243333333333,5,15,55.14314,,,,,
halo_1d,2n4g,isolated,sycl_mpi,65536,1048576,43.803000000000004,43.27953333333333,46.4714,5,15,44.416039999999995,,,,,
halo_1d,2n4g,isolated,sycl_oneccl,65536,1048576,81.5726,80.37553333333334,83.8904,5,15,81.82907333333333,,,,,
halo_1d,2n4g,steady,cuda_mpi,65536,1048576,38.6592,37.9208,39.44116666666667,5,15,38.732279999999996,,,,,
halo_1d,2n4g,steady,cuda_nccl,65536,1048576,56.1567,55.95503333333333,56.7586,5,15,56.23357333333333,,,,,
halo_1d,2n4g,steady,cuda_nvshmem,65536,1048576,42.8254,42.3878,44.272133333333336,5,15,43.13196,,,,,
halo_1d,2n4g,steady,oshmpi,65536,1048576,43.02773333333333,43.00646666666667,43.07386666666667,5,15,43.03183333333333,,,,,
halo_1d,2n4g,steady,sycl_mpi,65536,1048576,39.20926666666667,38.69573333333334,41.72493333333333,5,15,39.71767333333334,,,,,
halo_1d,2n4g,steady,sycl_oneccl,65536,1048576,59.799733333333336,59.61813333333333,60.5646,5,15,59.91638,,,,,
halo_1d,2n4g,isolated,cuda_mpi,131072,2097152,75.06933333333333,73.8645,75.3612,5,15,74.86922666666666,,,,,
halo_1d,2n4g,isolated,cuda_nccl,131072,2097152,95.8725,95.6007,96.702,5,15,96.03414666666667,,,,,
halo_1d,2n4g,isolated,cuda_nvshmem,131072,2097152,87.46366666666667,86.07873333333333,90.00983333333333,5,15,88.04917999999999,,,,,
halo_1d,2n4g,isolated,oshmpi,131072,2097152,99.46446666666667,97.71003333333333,100.322,5,15,99.0642,,,,,
halo_1d,2n4g,isolated,sycl_mpi,131072,2097152,74.52686666666666,72.94156666666667,78.378,5,15,74.76329333333334,,,,,
halo_1d,2n4g,isolated,sycl_oneccl,131072,2097152,108.505,107.26633333333334,111.75833333333334,5,15,108.7764,,,,,
halo_1d,2n4g,steady,cuda_mpi,131072,2097152,72.64473333333333,71.9564,73.23963333333333,5,15,72.63555333333333,,,,,
halo_1d,2n4g,steady,cuda_nccl,131072,2097152,82.736,82.38636666666667,83.01096666666666,5,15,82.75403333333334,,,,,
halo_1d,2n4g,steady,cuda_nvshmem,131072,2097152,66.99143333333333,66.9274,68.7585,5,15,67.58610666666667,,,,,
halo_1d,2n4g,steady,oshmpi,131072,2097152,85.85846666666667,85.84140000000001,85.8959,5,15,85.86494,,,,,
halo_1d,2n4g,steady,sycl_mpi,131072,2097152,73.3937,73.2346,75.30213333333333,5,15,73.79270666666666,,,,,
halo_1d,2n4g,steady,sycl_oneccl,131072,2097152,86.07883333333334,85.86936666666666,88.86953333333334,5,15,86.62380666666667,,,,,
halo_1d,2n4g,isolated,cuda_mpi,262144,4194304,133.98866666666666,131.58833333333334,135.206,5,15,133.52253333333334,,,,,
halo_1d,2n4g,isolated,cuda_nccl,262144,4194304,150.451,149.918,151.32566666666668,5,15,150.43986666666666,,,,,
halo_1d,2n4g,isolated,cuda_nvshmem,262144,4194304,140.492,138.49366666666666,144.76733333333334,5,15,141.35013333333333,,,,,
halo_1d,2n4g,isolated,oshmpi,262144,4194304,185.39,183.66433333333333,186.94766666666666,5,15,185.11479999999997,,,,,
halo_1d,2n4g,isolated,sycl_mpi,262144,4194304,134.95333333333335,131.56133333333332,137.65866666666668,5,15,135.15906666666666,,,,,
halo_1d,2n4g,isolated,sycl_oneccl,262144,4194304,163.773,162.90466666666666,170.137,5,15,164.811,,,,,
halo_1d,2n4g,steady,cuda_mpi,262144,4194304,134.525,133.65233333333333,134.899,5,15,134.2608,,,,,
halo_1d,2n4g,steady,cuda_nccl,262144,4194304,135.268,134.79566666666665,136.031,5,15,135.3204,,,,,
halo_1d,2n4g,steady,cuda_nvshmem,262144,4194304,117.01733333333333,115.73333333333333,117.86066666666667,5,15,116.7518,,,,,
halo_1d,2n4g,steady,oshmpi,262144,4194304,171.52033333333333,171.46266666666668,171.56366666666668,5,15,171.51626666666667,,,,,
halo_1d,2n4g,steady,sycl_mpi,262144,4194304,134.836,134.22266666666667,136.506,5,15,134.94093333333333,,,,,
halo_1d,2n4g,steady,sycl_oneccl,262144,4194304,135.262,134.881,140.364,5,15,136.18453333333335,,,,,
halo_1d,2n4g,isolated,cuda_mpi,524288,8388608,254.281,249.47233333333332,256.55033333333336,5,15,253.7426,,,,,
halo_1d,2n4g,isolated,cuda_nccl,524288,8388608,250.886,248.41166666666666,251.83333333333334,5,15,250.43613333333332,,,,,
halo_1d,2n4g,isolated,cuda_nvshmem,524288,8388608,245.237,241.76,248.53866666666667,5,15,245.39033333333333,,,,,
halo_1d,2n4g,isolated,oshmpi,524288,8388608,358.79266666666666,356.55833333333334,359.98266666666666,5,15,358.2520666666667,,,,,
halo_1d,2n4g,isolated,sycl_mpi,524288,8388608,254.13666666666668,252.96766666666667,261.5493333333333,5,15,256.24313333333333,,,,,
halo_1d,2n4g,isolated,sycl_oneccl,524288,8388608,259.6176666666667,257.672,268.56766666666664,5,15,260.76120000000003,,,,,
halo_1d,2n4g,steady,cuda_mpi,524288,8388608,244.15033333333332,243.06666666666666,249.06133333333332,5,15,244.93699999999998,,,,,
halo_1d,2n4g,steady,cuda_nccl,524288,8388608,228.911,228.28933333333333,230.95166666666668,5,15,229.17946666666666,,,,,
halo_1d,2n4g,steady,cuda_nvshmem,524288,8388608,213.05733333333333,212.82433333333333,214.977,5,15,213.70146666666668,,,,,
halo_1d,2n4g,steady,oshmpi,524288,8388608,342.8426666666667,342.78833333333336,342.872,5,15,342.8387333333333,,,,,
halo_1d,2n4g,steady,sycl_mpi,524288,8388608,247.16133333333335,243.918,248.80933333333334,5,15,246.82633333333334,,,,,
halo_1d,2n4g,steady,sycl_oneccl,524288,8388608,228.88733333333334,228.531,235.9403333333333,5,15,230.2,,,,,
halo_1d,2n4g,isolated,cuda_mpi,1048576,16777216,469.0416666666667,465.965,472.1793333333333,5,15,469.54853333333335,,,,,
halo_1d,2n4g,isolated,cuda_nccl,1048576,16777216,449.72133333333335,447.75666666666666,450.83733333333333,5,15,449.4115333333333,,,,,
halo_1d,2n4g,isolated,cuda_nvshmem,1048576,16777216,443.8006666666667,442.119,447.09866666666665,5,15,444.22946666666667,,,,,
halo_1d,2n4g,isolated,oshmpi,1048576,16777216,705.2016666666667,702.0266666666666,706.992,5,15,705.0854666666667,,,,,
halo_1d,2n4g,isolated,sycl_mpi,1048576,16777216,497.77,472.6356666666667,525.115,5,15,500.5004,,,,,
halo_1d,2n4g,isolated,sycl_oneccl,1048576,16777216,450.66433333333333,448.713,466.814,5,15,453.7164666666667,,,,,
halo_1d,2n4g,steady,cuda_mpi,1048576,16777216,495.0156666666667,492.0726666666667,500.71733333333333,5,15,495.3011333333333,,,,,
halo_1d,2n4g,steady,cuda_nccl,1048576,16777216,421.23633333333333,419.79466666666667,422.13,5,15,420.9950666666667,,,,,
halo_1d,2n4g,steady,cuda_nvshmem,1048576,16777216,408.5523333333333,408.168,410.40166666666664,5,15,409.0866,,,,,
halo_1d,2n4g,steady,oshmpi,1048576,16777216,685.4466666666667,685.3026666666667,685.5416666666666,5,15,685.4412,,,,,
halo_1d,2n4g,steady,sycl_mpi,1048576,16777216,495.1513333333333,493.72999999999996,498.1646666666667,5,15,495.53813333333335,,,,,
halo_1d,2n4g,steady,sycl_oneccl,1048576,16777216,415.42,415.175,428.1256666666667,5,15,417.91446666666667,,,,,
halo_1d,4n4g,isolated,cuda_mpi,1,16,7.253756666666667,7.198543333333333,7.307113333333334,5,15,7.245072666666667,,,,,
halo_1d,4n4g,isolated,cuda_nccl,1,16,34.5809,33.914833333333334,37.69273333333334,5,15,35.15140666666667,,,,,
halo_1d,4n4g,isolated,cuda_nvshmem,1,16,61.58996666666667,54.65913333333334,69.18873333333333,5,15,61.850813333333335,,,,,
halo_1d,4n4g,isolated,oshmpi,1,16,20.085633333333334,19.706599999999998,20.278966666666665,5,15,20.037506666666665,,,,,
halo_1d,4n4g,isolated,sycl_mpi,1,16,8.451649999999999,8.443883333333334,8.475263333333334,5,15,8.456158666666667,,,,,
halo_1d,4n4g,isolated,sycl_oneccl,1,16,61.1267,53.3958,79.3648,5,15,64.63265333333332,,,,,
halo_1d,4n4g,steady,cuda_mpi,1,16,5.13434,5.095443333333334,5.426893333333333,5,15,5.230748666666667,,,,,
halo_1d,4n4g,steady,cuda_nccl,1,16,23.451999999999998,23.3026,23.675666666666665,5,15,23.47088,,,,,
halo_1d,4n4g,steady,cuda_nvshmem,1,16,16.6669,16.193066666666667,16.8533,5,15,16.634406666666667,,,,,
halo_1d,4n4g,steady,oshmpi,1,16,5.573173333333333,5.5409733333333335,5.598756666666667,5,15,5.572182,,,,,
halo_1d,4n4g,steady,sycl_mpi,1,16,5.147806666666667,5.106146666666667,5.477603333333334,5,15,5.199548666666667,,,,,
halo_1d,4n4g,steady,sycl_oneccl,1,16,28.265966666666667,28.150466666666667,28.472066666666667,5,15,28.295346666666667,,,,,
halo_1d,4n4g,isolated,cuda_mpi,2,32,5.501213333333333,5.117243333333334,5.60355,5,15,5.381286,,,,,
halo_1d,4n4g,isolated,cuda_nccl,2,32,31.776466666666668,31.7002,31.845766666666666,5,15,31.77168,,,,,
halo_1d,4n4g,isolated,cuda_nvshmem,2,32,32.60633333333333,32.3889,33.275733333333335,5,15,32.734,,,,,
halo_1d,4n4g,isolated,oshmpi,2,32,19.938633333333332,19.587633333333333,19.9797,5,15,19.816300000000002,,,,,
halo_1d,4n4g,isolated,sycl_mpi,2,32,5.31215,5.1908433333333335,5.5445166666666665,5,15,5.3583186666666665,,,,,
halo_1d,4n4g,isolated,sycl_oneccl,2,32,55.264133333333334,49.94526666666667,62.6552,5,15,55.09408,,,,,
halo_1d,4n4g,steady,cuda_mpi,2,32,4.92633,4.883243333333334,5.208786666666667,5,15,5.018729333333334,,,,,
halo_1d,4n4g,steady,cuda_nccl,2,32,23.319166666666668,23.18563333333333,23.365566666666666,5,15,23.29298,,,,,
halo_1d,4n4g,steady,cuda_nvshmem,2,32,16.677433333333333,16.023466666666668,16.7832,5,15,16.567713333333334,,,,,
halo_1d,4n4g,steady,oshmpi,2,32,5.4645133333333336,5.406253333333333,5.488263333333333,5,15,5.460489999999999,,,,,
halo_1d,4n4g,steady,sycl_mpi,2,32,4.959396666666667,4.829313333333333,5.30491,5,15,5.010731333333333,,,,,
halo_1d,4n4g,steady,sycl_oneccl,2,32,28.212833333333332,28.1885,28.400566666666666,5,15,28.26347333333333,,,,,
halo_1d,4n4g,isolated,cuda_mpi,4,64,4.592293333333333,4.57509,4.6757800000000005,5,15,4.617600666666666,,,,,
halo_1d,4n4g,isolated,cuda_nccl,4,64,31.4457,31.2296,31.6333,5,15,31.4116,,,,,
halo_1d,4n4g,isolated,cuda_nvshmem,4,64,33.3606,32.043366666666664,35.854166666666664,5,15,33.595953333333334,,,,,
halo_1d,4n4g,isolated,oshmpi,4,64,19.670866666666665,19.581466666666667,19.9035,5,15,19.723973333333333,,,,,
halo_1d,4n4g,isolated,sycl_mpi,4,64,4.6433599999999995,4.450706666666667,5.064433333333334,5,15,4.6914679999999995,,,,,
halo_1d,4n4g,isolated,sycl_oneccl,4,64,59.62896666666667,50.69753333333333,62.948166666666665,5,15,58.09543333333333,,,,,
halo_1d,4n4g,steady,cuda_mpi,4,64,4.52039,4.481963333333334,4.715133333333333,5,15,4.560731333333333,,,,,
halo_1d,4n4g,steady,cuda_nccl,4,64,22.9602,22.929566666666666,23.0264,5,15,22.975166666666667,,,,,
halo_1d,4n4g,steady,cuda_nvshmem,4,64,16.706266666666668,15.949833333333334,16.774733333333334,5,15,16.578126666666666,,,,,
halo_1d,4n4g,steady,oshmpi,4,64,5.467343333333333,5.4311300000000005,5.477180000000001,5,15,5.461742,,,,,
halo_1d,4n4g,steady,sycl_mpi,4,64,4.39484,4.16106,4.9176866666666665,5,15,4.444428,,,,,
halo_1d,4n4g,steady,sycl_oneccl,4,64,27.869733333333333,27.646766666666668,27.959033333333334,5,15,27.840326666666666,,,,,
halo_1d,4n4g,isolated,cuda_mpi,8,128,5.3121599999999995,5.04045,5.419503333333333,5,15,5.237968666666666,,,,,
halo_1d,4n4g,isolated,cuda_nccl,8,128,31.2501,31.180233333333334,31.471966666666667,5,15,31.30136666666667,,,,,
halo_1d,4n4g,isolated,cuda_nvshmem,8,128,32.3472,31.836466666666666,32.94206666666666,5,15,32.369146666666666,,,,,
halo_1d,4n4g,isolated,oshmpi,8,128,19.7725,19.4714,19.8775,5,15,19.71585333333333,,,,,
halo_1d,4n4g,isolated,sycl_mpi,8,128,5.20164,5.152973333333334,5.467013333333333,5,15,5.261546666666667,,,,,
halo_1d,4n4g,isolated,sycl_oneccl,8,128,60.5322,48.826033333333335,65.40926666666667,5,15,58.538199999999996,,,,,
halo_1d,4n4g,steady,cuda_mpi,8,128,4.9076933333333335,4.887776666666666,5.250933333333333,5,15,5.0328306666666665,,,,,
halo_1d,4n4g,steady,cuda_nccl,8,128,22.963266666666666,22.938299999999998,23.037433333333333,5,15,22.969213333333336,,,,,
halo_1d,4n4g,steady,cuda_nvshmem,8,128,16.7107,15.943233333333334,16.753933333333332,5,15,16.573153333333334,,,,,
halo_1d,4n4g,steady,oshmpi,8,128,5.465486666666667,5.42327,5.484613333333333,5,15,5.458537333333334,,,,,
halo_1d,4n4g,steady,sycl_mpi,8,128,4.9461699999999995,4.874066666666667,5.29956,5,15,4.997631999999999,,,,,
halo_1d,4n4g,steady,sycl_oneccl,8,128,27.792133333333332,27.51493333333333,27.875866666666667,5,15,27.733433333333334,,,,,
halo_1d,4n4g,isolated,cuda_mpi,16,256,5.808746666666667,5.695666666666667,5.939816666666667,5,15,5.818847333333333,,,,,
halo_1d,4n4g,isolated,cuda_nccl,16,256,31.114966666666668,30.979499999999998,31.435200000000002,5,15,31.157873333333335,,,,,
halo_1d,4n4g,isolated,cuda_nvshmem,16,256,32.511399999999995,31.988899999999997,33.018766666666664,5,15,32.50794,,,,,
halo_1d,4n4g,isolated,oshmpi,16,256,19.688266666666667,19.433,20.091333333333335,5,15,19.75226,,,,,
halo_1d,4n4g,isolated,sycl_mpi,16,256,6.12053,6.063066666666667,6.378123333333334,5,15,6.186539333333333,,,,,
halo_1d,4n4g,isolated,sycl_oneccl,16,256,56.3215,50.60516666666667,73.98886666666667,5,15,59.45172,,,,,
halo_1d,4n4g,steady,cuda_mpi,16,256,4.985523333333333,4.950373333333333,5.379613333333333,5,15,5.119789333333333,,,,,
halo_1d,4n4g,steady,cuda_nccl,16,256,22.9281,22.870266666666666,23.058666666666667,5,15,22.95324,,,,,
halo_1d,4n4g,steady,cuda_nvshmem,16,256,16.668433333333333,15.926533333333333,16.956633333333333,5,15,16.555986666666666,,,,,
halo_1d,4n4g,steady,oshmpi,16,256,5.477776666666666,5.402496666666667,5.508506666666666,5,15,5.469218,,,,,
halo_1d,4n4g,steady,sycl_mpi,16,256,5.013856666666666,4.990863333333333,5.387313333333333,5,15,5.081765333333333,,,,,
halo_1d,4n4g,steady,sycl_oneccl,16,256,27.572733333333332,27.355533333333334,27.907533333333333,5,15,27.6209,,,,,
halo_1d,4n4g,isolated,cuda_mpi,32,512,5.812563333333333,5.752563333333334,6.27667,5,15,5.919589333333334,,,,,
halo_1d,4n4g,isolated,cuda_nccl,32,512,30.974733333333333,30.885866666666665,31.451633333333334,5,15,31.051586666666665,,,,,
halo_1d,4n4g,isolated,cuda_nvshmem,32,512,32.0951,31.759333333333334,38.33903333333333,5,15,33.47796,,,,,
halo_1d,4n4g,isolated,oshmpi,32,512,19.828333333333333,19.433699999999998,19.897166666666667,5,15,19.7475,,,,,
halo_1d,4n4g,isolated,sycl_mpi,32,512,6.019523333333333,5.894803333333333,6.044113333333334,5,15,5.996280666666666,,,,,
halo_1d,4n4g,isolated,sycl_oneccl,32,512,53.34146666666667,50.08996666666667,72.63143333333333,5,15,57.12646666666667,,,,,
halo_1d,4n4g,steady,cuda_mpi,32,512,5.072346666666666,4.995306666666666,5.3673,5,15,5.164903333333333,,,,,
halo_1d,4n4g,steady,cuda_nccl,32,512,22.9037,22.733466666666665,23.0237,5,15,22.899706666666667,,,,,
halo_1d,4n4g,steady,cuda_nvshmem,32,512,16.553033333333335,15.927100000000001,17.323,5,15,16.56988,,,,,
halo_1d,4n4g,steady,oshmpi,32,512,5.487353333333333,5.4165600000000005,5.731403333333334,5,15,5.524966666666667,,,,,
halo_1d,4n4g,steady,sycl_mpi,32,512,5.0866533333333335,4.988343333333333,5.3639,5,15,5.138842666666666,,,,,
halo_1d,4n4g,steady,sycl_oneccl,32,512,27.1789,26.7525,27.750833333333333,5,15,27.18676,,,,,
halo_1d,4n4g,isolated,cuda_mpi,64,1024,7.944036666666666,7.86621,8.242573333333333,5,15,7.982246,,,,,
halo_1d,4n4g,isolated,cuda_nccl,64,1024,31.073766666666668,30.8479,31.2859,5,15,31.046519999999997,,,,,
halo_1d,4n4g,isolated,cuda_nvshmem,64,1024,32.26526666666667,31.57453333333333,33.36946666666667,5,15,32.447786666666666,,,,,
halo_1d,4n4g,isolated,oshmpi,64,1024,19.7121,19.493233333333333,19.8774,5,15,19.6986,,,,,
halo_1d,4n4g,isolated,sycl_mpi,64,1024,7.948223333333334,7.714403333333333,8.04276,5,15,7.921096,,,,,
halo_1d,4n4g,isolated,sycl_oneccl,64,1024,55.18226666666666,46.69123333333334,69.9421,5,15,55.29811333333334,,,,,
halo_1d,4n4g,steady,cuda_mpi,64,1024,6.287476666666667,6.137323333333334,6.39206,5,15,6.289069333333333,,,,,
halo_1d,4n4g,steady,cuda_nccl,64,1024,22.777033333333332,22.6341,22.804466666666666,5,15,22.735106666666663,,,,,
halo_1d,4n4g,steady,cuda_nvshmem,64,1024,16.408333333333335,15.897233333333332,16.857666666666667,5,15,16.462506666666666,,,,,
halo_1d,4n4g,steady,oshmpi,64,1024,5.481553333333333,5.441356666666667,5.51855,5,15,5.48124,,,,,
halo_1d,4n4g,steady,sycl_mpi,64,1024,6.112706666666667,6.078156666666667,6.29784,5,15,6.157912666666666,,,,,
halo_1d,4n4g,steady,sycl_oneccl,64,1024,26.3936,26.282533333333333,26.8204,5,15,26.532273333333332,,,,,
halo_1d,4n4g,isolated,cuda_mpi,128,2048,10.2359,10.209866666666667,10.306456666666667,5,15,10.254966666666666,,,,,
halo_1d,4n4g,isolated,cuda_nccl,128,2048,30.708566666666666,30.587466666666668,30.86146666666667,5,15,30.69722,,,,,
halo_1d,4n4g,isolated,cuda_nvshmem,128,2048,32.3413,31.608466666666665,32.52483333333333,5,15,32.19657333333333,,,,,
halo_1d,4n4g,isolated,oshmpi,128,2048,19.7868,19.532766666666667,20.0776,5,15,19.836833333333335,,,,,
halo_1d,4n4g,isolated,sycl_mpi,128,2048,10.5316,10.082106666666666,10.687633333333332,5,15,10.397222666666666,,,,,
halo_1d,4n4g,isolated,sycl_oneccl,128,2048,54.75986666666667,49.64216666666667,66.80916666666667,5,15,56.83608666666667,,,,,
halo_1d,4n4g,steady,cuda_mpi,128,2048,7.01692,6.979536666666666,7.19012,5,15,7.0456986666666666,,,,,
halo_1d,4n4g,steady,cuda_nccl,128,2048,22.5147,22.335466666666665,22.658066666666667,5,15,22.505346666666664,,,,,
halo_1d,4n4g,steady,cuda_nvshmem,128,2048,16.151333333333334,15.886266666666668,16.866366666666664,5,15,16.318766666666665,,,,,
halo_1d,4n4g,steady,oshmpi,128,2048,5.4708266666666665,5.44533,5.4972666666666665,5,15,5.475832666666666,,,,,
halo_1d,4n4g,steady,sycl_mpi,128,2048,6.907813333333333,6.670113333333333,7.3466466666666665,5,15,6.977561333333333,,,,,
halo_1d,4n4g,steady,sycl_oneccl,128,2048,26.021,25.819133333333333,26.064066666666665,5,15,25.987486666666666,,,,,
halo_1d,4n4g,isolated,cuda_mpi,256,4096,12.338666666666667,12.305266666666666,12.464733333333333,5,15,12.356593333333334,,,,,
halo_1d,4n4g,isolated,cuda_nccl,256,4096,30.8414,30.354366666666667,31.0541,5,15,30.718946666666668,,,,,
halo_1d,4n4g,isolated,cuda_nvshmem,256,4096,31.710666666666665,31.243966666666665,39.318266666666666,5,15,33.25259333333334,,,,,
halo_1d,4n4g,isolated,oshmpi,256,4096,19.767566666666667,19.610566666666667,19.985366666666668,5,15,19.780246666666667,,,,,
halo_1d,4n4g,isolated,sycl_mpi,256,4096,12.635966666666667,12.630933333333333,12.6728,5,15,12.645086666666666,,,,,
halo_1d,4n4g,isolated,sycl_oneccl,256,4096,53.22623333333333,47.8609,70.92406666666666,5,15,55.431486666666665,,,,,
halo_1d,4n4g,steady,cuda_mpi,256,4096,11.6264,11.580066666666667,11.6774,5,15,11.621546666666665,,,,,
halo_1d,4n4g,steady,cuda_nccl,256,4096,22.2252,21.955166666666667,22.541166666666665,5,15,22.221893333333334,,,,,
halo_1d,4n4g,steady,cuda_nvshmem,256,4096,16.072833333333335,15.7369,16.7806,5,15,16.143373333333333,,,,,
halo_1d,4n4g,steady,oshmpi,256,4096,5.444816666666667,5.392026666666666,5.4802,5,15,5.446344,,,,,
halo_1d,4n4g,steady,sycl_mpi,256,4096,11.730033333333333,11.693,11.772566666666666,5,15,11.73544,,,,,
halo_1d,4n4g,steady,sycl_oneccl,256,4096,25.871233333333333,25.789533333333335,26.1201,5,15,25.94518,,,,,
halo_1d,4n4g,isolated,cuda_mpi,512,8192,12.288966666666667,12.222933333333334,12.3047,5,15,12.26956,,,,,
halo_1d,4n4g,isolated,cuda_nccl,512,8192,30.335933333333333,30.057433333333332,30.811366666666665,5,15,30.445246666666666,,,,,
halo_1d,4n4g,isolated,cuda_nvshmem,512,8192,31.743,30.8743,34.357533333333336,5,15,32.1715,,,,,
halo_1d,4n4g,isolated,oshmpi,512,8192,19.871833333333335,19.7002,20.1557,5,15,19.927706666666666,,,,,
halo_1d,4n4g,isolated,sycl_mpi,512,8192,12.6113,12.566166666666668,12.6315,5,15,12.60728,,,,,
halo_1d,4n4g,isolated,sycl_oneccl,512,8192,55.60953333333333,45.92006666666667,78.54626666666667,5,15,58.413426666666666,,,,,
halo_1d,4n4g,steady,cuda_mpi,512,8192,11.6314,11.579866666666668,11.648900000000001,5,15,11.61978,,,,,
halo_1d,4n4g,steady,cuda_nccl,512,8192,21.882,21.7182,22.057866666666666,5,15,21.879566666666665,,,,,
halo_1d,4n4g,steady,cuda_nvshmem,512,8192,15.974933333333333,15.5392,16.226599999999998,5,15,15.952126666666667,,,,,
halo_1d,4n4g,steady,oshmpi,512,8192,5.469636666666666,5.451196666666666,5.506106666666667,5,15,5.474800666666667,,,,,
halo_1d,4n4g,steady,sycl_mpi,512,8192,11.741299999999999,11.686166666666667,11.765266666666667,5,15,11.734846666666666,,,,,
halo_1d,4n4g,steady,sycl_oneccl,512,8192,26.131133333333334,26.020033333333334,26.253766666666667,5,15,26.14304,,,,,
halo_1d,4n4g,isolated,cuda_mpi,1024,16384,12.471533333333333,12.432933333333333,12.731166666666667,5,15,12.521166666666666,,,,,
halo_1d,4n4g,isolated,cuda_nccl,1024,16384,30.4112,30.2089,30.5093,5,15,30.39126,,,,,
halo_1d,4n4g,isolated,cuda_nvshmem,1024,16384,32.102133333333335,31.1544,32.885333333333335,5,15,32.06520666666667,,,,,
halo_1d,4n4g,isolated,oshmpi,1024,16384,20.060333333333332,19.8104,20.2055,5,15,20.02612,,,,,
halo_1d,4n4g,isolated,sycl_mpi,1024,16384,12.734733333333333,12.704766666666666,12.785666666666668,5,15,12.736973333333333,,,,,
halo_1d,4n4g,isolated,sycl_oneccl,1024,16384,63.38776666666667,49.47933333333333,66.14113333333333,5,15,58.93280666666667,,,,,
halo_1d,4n4g,steady,cuda_mpi,1024,16384,11.809666666666667,11.743433333333334,12.244966666666667,5,15,11.878813333333333,,,,,
halo_1d,4n4g,steady,cuda_nccl,1024,16384,22.224733333333333,22.1637,22.381966666666667,5,15,22.243299999999998,,,,,
halo_1d,4n4g,steady,cuda_nvshmem,1024,16384,16.788433333333334,15.981233333333332,16.984766666666665,5,15,16.663433333333334,,,,,
halo_1d,4n4g,steady,oshmpi,1024,16384,5.46576,5.4176166666666665,5.49873,5,15,5.466724666666666,,,,,
halo_1d,4n4g,steady,sycl_mpi,1024,16384,11.855866666666667,11.836333333333332,11.872233333333334,5,15,11.855786666666667,,,,,
halo_1d,4n4g,steady,sycl_oneccl,1024,16384,26.7087,26.6183,26.861666666666665,5,15,26.737653333333334,,,,,
halo_1d,4n4g,isolated,cuda_mpi,2048,32768,13.0954,13.024833333333333,13.1335,5,15,13.093086666666666,,,,,
halo_1d,4n4g,isolated,cuda_nccl,2048,32768,30.788233333333334,30.74063333333333,31.2342,5,15,30.878513333333334,,,,,
halo_1d,4n4g,isolated,cuda_nvshmem,2048,32768,32.6957,31.881033333333335,33.149966666666664,5,15,32.593806666666666,,,,,
halo_1d,4n4g,isolated,oshmpi,2048,32768,20.748766666666665,20.4595,25.869600000000002,5,15,21.674273333333336,,,,,
halo_1d,4n4g,isolated,sycl_mpi,2048,32768,13.3816,13.3599,13.386666666666667,5,15,13.375333333333334,,,,,
halo_1d,4n4g,isolated,sycl_oneccl,2048,32768,53.376333333333335,46.68376666666667,73.19783333333334,5,15,57.51806,,,,,
halo_1d,4n4g,steady,cuda_mpi,2048,32768,12.086033333333333,12.032933333333334,12.169,5,15,12.089139999999999,,,,,
halo_1d,4n4g,steady,cuda_nccl,2048,32768,22.827366666666666,22.730066666666666,23.188133333333333,5,15,22.90352,,,,,
halo_1d,4n4g,steady,cuda_nvshmem,2048,32768,17.443666666666665,16.626833333333334,17.494533333333333,5,15,17.283866666666665,,,,,
halo_1d,4n4g,steady,oshmpi,2048,32768,5.44597,5.384133333333334,5.480049999999999,5,15,5.443997333333333,,,,,
halo_1d,4n4g,steady,sycl_mpi,2048,32768,12.277966666666666,12.228733333333333,12.296633333333332,5,15,12.267893333333332,,,,,
halo_1d,4n4g,steady,sycl_oneccl,2048,32768,27.691833333333335,27.486733333333333,28.28966666666667,5,15,27.7645,,,,,
halo_1d,4n4g,isolated,cuda_mpi,4096,65536,13.378366666666667,13.309333333333333,13.4785,5,15,13.382186666666666,,,,,
halo_1d,4n4g,isolated,cuda_nccl,4096,65536,34.52813333333334,34.405100000000004,38.123533333333334,5,15,35.2768,,,,,
halo_1d,4n4g,isolated,cuda_nvshmem,4096,65536,34.62243333333333,33.8853,36.016933333333334,5,15,34.64898,,,,,
halo_1d,4n4g,isolated,oshmpi,4096,65536,20.6331,20.5612,21.036966666666668,5,15,20.7396,,,,,
halo_1d,4n4g,isolated,sycl_mpi,4096,65536,13.634733333333333,13.587966666666667,13.7622,5,15,13.64836,,,,,
halo_1d,4n4g,isolated,sycl_oneccl,4096,65536,63.691633333333336,50.15806666666667,84.93533333333333,5,15,63.99756,,,,,
halo_1d,4n4g,steady,cuda_mpi,4096,65536,12.347266666666666,12.2615,12.484033333333333,5,15,12.366986666666666,,,,,
halo_1d,4n4g,steady,cuda_nccl,4096,65536,26.0948,25.94076666666667,27.875933333333332,5,15,26.495986666666667,,,,,
halo_1d,4n4g,steady,cuda_nvshmem,4096,65536,18.677666666666667,17.714533333333332,18.792933333333334,5,15,18.512573333333332,,,,,
halo_1d,4n4g,steady,oshmpi,4096,65536,5.451813333333333,5.3816033333333335,5.944236666666667,5,15,5.538712666666667,,,,,
halo_1d,4n4g,steady,sycl_mpi,4096,65536,12.492033333333334,12.450366666666667,12.6414,5,15,12.516466666666668,,,,,
halo_1d,4n4g,steady,sycl_oneccl,4096,65536,31.540733333333332,30.923266666666667,31.915533333333332,5,15,31.483286666666668,,,,,
halo_1d,4n4g,isolated,cuda_mpi,8192,131072,15.708966666666667,15.439066666666667,15.735133333333334,5,15,15.61648,,,,,
halo_1d,4n4g,isolated,cuda_nccl,8192,131072,37.5391,36.62133333333333,37.8314,5,15,37.39955333333333,,,,,
halo_1d,4n4g,isolated,cuda_nvshmem,8192,131072,37.1227,36.16426666666667,38.70803333333333,5,15,37.39980666666667,,,,,
halo_1d,4n4g,isolated,oshmpi,8192,131072,21.335866666666664,21.080966666666665,26.694766666666666,5,15,23.353113333333333,,,,,
halo_1d,4n4g,isolated,sycl_mpi,8192,131072,15.6576,15.416599999999999,16.3064,5,15,15.785346666666667,,,,,
halo_1d,4n4g,isolated,sycl_oneccl,8192,131072,60.32436666666667,53.0053,77.67573333333333,5,15,63.03333333333333,,,,,
halo_1d,4n4g,steady,cuda_mpi,8192,131072,13.716066666666666,13.6173,13.743966666666665,5,15,13.689766666666666,,,,,
halo_1d,4n4g,steady,cuda_nccl,8192,131072,27.864866666666668,27.716966666666668,28.464133333333333,5,15,27.9664,,,,,
halo_1d,4n4g,steady,cuda_nvshmem,8192,131072,20.521833333333333,19.6007,21.301299999999998,5,15,20.49025333333333,,,,,
halo_1d,4n4g,steady,oshmpi,8192,131072,5.63679,5.542133333333333,5.7245333333333335,5,15,5.64243,,,,,
halo_1d,4n4g,steady,sycl_mpi,8192,131072,13.815433333333333,13.687433333333333,13.9677,5,15,13.817013333333334,,,,,
halo_1d,4n4g,steady,sycl_oneccl,8192,131072,34.3959,33.47893333333333,34.54716666666667,5,15,34.09867333333333,,,,,
halo_1d,4n4g,isolated,cuda_mpi,16384,262144,21.197733333333332,20.770833333333332,21.7926,5,15,21.205113333333333,,,,,
halo_1d,4n4g,isolated,cuda_nccl,16384,262144,42.45693333333333,42.363,43.1885,5,15,42.58962,,,,,
halo_1d,4n4g,isolated,cuda_nvshmem,16384,262144,41.41126666666667,40.52043333333334,43.285066666666665,5,15,41.64512,,,,,
halo_1d,4n4g,isolated,oshmpi,16384,262144,24.979066666666668,24.888966666666665,25.6515,5,15,25.193986666666667,,,,,
halo_1d,4n4g,isolated,sycl_mpi,16384,262144,20.957366666666665,20.817733333333333,21.420533333333335,5,15,21.059346666666666,,,,,
halo_1d,4n4g,isolated,sycl_oneccl,16384,262144,73.5091,65.3917,82.2782,5,15,74.74515333333333,,,,,
halo_1d,4n4g,steady,cuda_mpi,16384,262144,17.9249,17.613933333333332,18.0808,5,15,17.860953333333335,,,,,
halo_1d,4n4g,steady,cuda_nccl,16384,262144,32.905699999999996,32.488533333333336,33.323033333333335,5,15,32.89758,,,,,
halo_1d,4n4g,steady,cuda_nvshmem,16384,262144,24.6089,23.7995,24.752966666666666,5,15,24.490486666666666,,,,,
halo_1d,4n4g,steady,oshmpi,16384,262144,11.022333333333334,10.985133333333334,11.0869,5,15,11.032093333333334,,,,,
halo_1d,4n4g,steady,sycl_mpi,16384,262144,17.996533333333335,17.684733333333334,18.142566666666667,5,15,17.959813333333333,,,,,
halo_1d,4n4g,steady,sycl_oneccl,16384,262144,43.32913333333333,42.11796666666667,43.757,5,15,43.11081333333333,,,,,
halo_1d,4n4g,isolated,cuda_mpi,32768,524288,32.47893333333333,32.232866666666666,33.812400000000004,5,15,32.79322,,,,,
halo_1d,4n4g,isolated,cuda_nccl,32768,524288,52.19786666666667,51.938266666666664,53.3541,5,15,52.377626666666664,,,,,
halo_1d,4n4g,isolated,cuda_nvshmem,32768,524288,50.79656666666667,50.003766666666664,51.3131,5,15,50.755273333333335,,,,,
halo_1d,4n4g,isolated,oshmpi,32768,524288,36.01326666666667,35.7678,36.538866666666664,5,15,36.10939333333333,,,,,
halo_1d,4n4g,isolated,sycl_mpi,32768,524288,32.007266666666666,30.72106666666667,33.0779,5,15,31.851393333333338,,,,,
halo_1d,4n4g,isolated,sycl_oneccl,32768,524288,77.76496666666667,70.30953333333333,92.82573333333333,5,15,79.1944,,,,,
halo_1d,4n4g,steady,cuda_mpi,32768,524288,25.796133333333334,25.732666666666667,26.6223,5,15,26.033939999999998,,,,,
halo_1d,4n4g,steady,cuda_nccl,32768,524288,41.66323333333333,41.42316666666667,43.09856666666666,5,15,41.92042,,,,,
halo_1d,4n4g,steady,cuda_nvshmem,32768,524288,32.8623,32.079633333333334,32.884566666666665,5,15,32.67058,,,,,
halo_1d,4n4g,steady,oshmpi,32768,524288,21.8383,21.806033333333332,21.925966666666667,5,15,21.862973333333333,,,,,
halo_1d,4n4g,steady,sycl_mpi,32768,524288,25.877,25.785533333333333,26.393633333333334,5,15,26.039386666666665,,,,,
halo_1d,4n4g,steady,sycl_oneccl,32768,524288,52.56106666666667,51.168733333333336,52.7988,5,15,52.10783333333333,,,,,
halo_1d,4n4g,isolated,cuda_mpi,65536,1048576,51.565466666666666,50.63656666666667,52.039,5,15,51.44565333333333,,,,,
halo_1d,4n4g,isolated,cuda_nccl,65536,1048576,70.02550000000001,69.04653333333333,70.2349,5,15,69.68169333333334,,,,,
halo_1d,4n4g,isolated,cuda_nvshmem,65536,1048576,64.9638,63.1507,66.95986666666667,5,15,64.98388666666666,,,,,
halo_1d,4n4g,isolated,oshmpi,65536,1048576,58.41316666666667,57.96553333333333,59.039633333333335,5,15,58.51996,,,,,
halo_1d,4n4g,isolated,sycl_mpi,65536,1048576,52.1005,51.4482,52.6578,5,15,52.10819333333333,,,,,
halo_1d,4n4g,isolated,sycl_oneccl,65536,1048576,89.89306666666667,86.45396666666667,102.85393333333333,5,15,91.90690666666666,,,,,
halo_1d,4n4g,steady,cuda_mpi,65536,1048576,42.1505,41.711733333333335,42.716,5,15,42.17465333333333,,,,,
halo_1d,4n4g,steady,cuda_nccl,65536,1048576,55.686233333333334,55.4212,57.2377,5,15,55.9228,,,,,
halo_1d,4n4g,steady,cuda_nvshmem,65536,1048576,44.26976666666667,43.54436666666667,44.33796666666667,5,15,44.13222666666666,,,,,
halo_1d,4n4g,steady,oshmpi,65536,1048576,43.436933333333336,43.353966666666665,43.504333333333335,5,15,43.43958666666666,,,,,
halo_1d,4n4g,steady,sycl_mpi,65536,1048576,41.95016666666667,41.316433333333336,42.213966666666664,5,15,41.77454,,,,,
halo_1d,4n4g,steady,sycl_oneccl,65536,1048576,62.68653333333334,60.92593333333333,64.58403333333334,5,15,62.72172,,,,,
halo_1d,4n4g,isolated,cuda_mpi,131072,2097152,86.97833333333334,84.83316666666667,90.04293333333334,5,15,87.07245333333334,,,,,
halo_1d,4n4g,isolated,cuda_nccl,131072,2097152,98.82256666666667,97.53143333333334,102.15156666666667,5,15,99.08556666666667,,,,,
halo_1d,4n4g,isolated,cuda_nvshmem,131072,2097152,95.22579999999999,92.07323333333333,96.05303333333333,5,15,94.76444,,,,,
halo_1d,4n4g,isolated,oshmpi,131072,2097152,103.084,102.46566666666666,103.62933333333334,5,15,103.13346666666666,,,,,
halo_1d,4n4g,isolated,sycl_mpi,131072,2097152,88.564,88.0877,89.7537,5,15,88.71324,,,,,
halo_1d,4n4g,isolated,sycl_oneccl,131072,2097152,118.31366666666666,115.90433333333333,126.43466666666667,5,15,119.90126666666667,,,,,
halo_1d,4n4g,steady,cuda_mpi,131072,2097152,71.89303333333334,71.3597,72.62796666666667,5,15,71.92425333333334,,,,,
halo_1d,4n4g,steady,cuda_nccl,131072,2097152,82.30273333333334,82.1144,83.73689999999999,5,15,82.59596666666667,,,,,
halo_1d,4n4g,steady,cuda_nvshmem,131072,2097152,68.5641,68.18666666666667,68.79766666666666,5,15,68.54733333333334,,,,,
halo_1d,4n4g,steady,oshmpi,131072,2097152,86.47243333333334,86.42123333333333,86.6501,5,15,86.50058,,,,,
halo_1d,4n4g,steady,sycl_mpi,131072,2097152,72.54136666666666,70.9545,72.7353,5,15,72.19967333333332,,,,,
halo_1d,4n4g,steady,sycl_oneccl,131072,2097152,90.72670000000001,89.8611,91.2381,5,15,90.54572,,,,,
halo_1d,4n4g,isolated,cuda_mpi,262144,4194304,149.236,147.25733333333335,150.48766666666666,5,15,149.17973333333333,,,,,
halo_1d,4n4g,isolated,cuda_nccl,262144,4194304,152.935,152.18733333333333,153.768,5,15,153.0124,,,,,
halo_1d,4n4g,isolated,cuda_nvshmem,262144,4194304,147.00066666666666,144.26466666666667,154.73433333333332,5,15,148.04833333333332,,,,,
halo_1d,4n4g,isolated,oshmpi,262144,4194304,189.63033333333334,189.55566666666667,193.38833333333332,5,15,190.43766666666667,,,,,
halo_1d,4n4g,isolated,sycl_mpi,262144,4194304,151.63333333333333,150.90566666666666,152.96333333333334,5,15,151.9378,,,,,
halo_1d,4n4g,isolated,sycl_oneccl,262144,4194304,181.422,175.842,183.99433333333334,5,15,180.712,,,,,
halo_1d,4n4g,steady,cuda_mpi,262144,4194304,130.36033333333333,129.13466666666667,131.309,5,15,130.41713333333334,,,,,
halo_1d,4n4g,steady,cuda_nccl,262144,4194304,133.385,133.11333333333334,133.967,5,15,133.44286666666667,,,,,
halo_1d,4n4g,steady,cuda_nvshmem,262144,4194304,117.387,117.22633333333333,117.44266666666667,5,15,117.36826666666666,,,,,
halo_1d,4n4g,steady,oshmpi,262144,4194304,172.20566666666667,172.11833333333334,172.28633333333335,5,15,172.20473333333334,,,,,
halo_1d,4n4g,steady,sycl_mpi,262144,4194304,129.808,127.39933333333333,131.21533333333335,5,15,129.70626666666666,,,,,
halo_1d,4n4g,steady,sycl_oneccl,262144,4194304,144.95566666666664,142.83666666666667,145.36366666666666,5,15,144.44686666666666,,,,,
halo_1d,4n4g,isolated,cuda_mpi,524288,8388608,279.182,277.21933333333334,281.7836666666667,5,15,279.3374,,,,,
halo_1d,4n4g,isolated,cuda_nccl,524288,8388608,260.16966666666667,256.76,263.11733333333336,5,15,259.9704666666667,,,,,
halo_1d,4n4g,isolated,cuda_nvshmem,524288,8388608,251.33233333333334,250.13566666666665,254.62033333333332,5,15,251.83646666666667,,,,,
halo_1d,4n4g,isolated,oshmpi,524288,8388608,365.349,364.9146666666667,366.13366666666667,5,15,365.4232666666667,,,,,
halo_1d,4n4g,isolated,sycl_mpi,524288,8388608,282.925,278.0133333333333,287.996,5,15,282.4889333333333,,,,,
halo_1d,4n4g,isolated,sycl_oneccl,524288,8388608,278.87266666666665,275.735,279.57733333333334,5,15,278.3872,,,,,
halo_1d,4n4g,steady,cuda_mpi,524288,8388608,241.22766666666666,240.082,242.35233333333332,5,15,241.26153333333332,,,,,
halo_1d,4n4g,steady,cuda_nccl,524288,8388608,235.077,234.42600000000002,238.52066666666667,5,15,235.71133333333333,,,,,
halo_1d,4n4g,steady,cuda_nvshmem,524288,8388608,214.92833333333334,214.60500000000002,215.00133333333335,5,15,214.85033333333334,,,,,
halo_1d,4n4g,steady,oshmpi,524288,8388608,343.78333333333336,343.58500000000004,343.91033333333337,5,15,343.7634,,,,,
halo_1d,4n4g,steady,sycl_mpi,524288,8388608,240.20366666666666,238.59,241.207,5,15,240.19546666666665,,,,,
halo_1d,4n4g,steady,sycl_oneccl,524288,8388608,242.70433333333332,240.52066666666667,244.87,5,15,242.6872,,,,,
halo_1d,4n4g,isolated,cuda_mpi,1048576,16777216,505.9576666666667,498.092,512.7596666666667,5,15,504.7902,,,,,
halo_1d,4n4g,isolated,cuda_nccl,1048576,16777216,467.28633333333335,464.3666666666667,472.32033333333334,5,15,467.798,,,,,
halo_1d,4n4g,isolated,cuda_nvshmem,1048576,16777216,447.15233333333333,446.08299999999997,448.97633333333334,5,15,447.4853333333333,,,,,
halo_1d,4n4g,isolated,oshmpi,1048576,16777216,716.2186666666666,715.162,720.044,5,15,716.765,,,,,
halo_1d,4n4g,isolated,sycl_mpi,1048576,16777216,540.1,510.96633333333335,540.8976666666666,5,15,531.6874,,,,,
halo_1d,4n4g,isolated,sycl_oneccl,1048576,16777216,482.6673333333333,478.045,486.09,5,15,482.0760666666667,,,,,
halo_1d,4n4g,steady,cuda_mpi,1048576,16777216,460.21666666666664,459.074,464.461,5,15,461.1102,,,,,
halo_1d,4n4g,steady,cuda_nccl,1048576,16777216,436.04766666666666,435.419,439.994,5,15,436.7386666666667,,,,,
halo_1d,4n4g,steady,cuda_nvshmem,1048576,16777216,410.55400000000003,410.216,411.575,5,15,410.66479999999996,,,,,
halo_1d,4n4g,steady,oshmpi,1048576,16777216,686.4346666666667,686.2626666666666,686.641,5,15,686.4276000000001,,,,,
halo_1d,4n4g,steady,sycl_mpi,1048576,16777216,460.5106666666667,459.599,461.606,5,15,460.67786666666666,,,,,
halo_1d,4n4g,steady,sycl_oneccl,1048576,16777216,445.678,442.70866666666666,449.0043333333333,5,15,445.58273333333335,,,,,
halo_1d,8n4g,isolated,cuda_mpi,1,16,7.6857500000000005,7.54964,7.729973333333334,5,15,7.667238666666666,,,,,
halo_1d,8n4g,isolated,cuda_nccl,1,16,39.13373333333333,36.99263333333334,41.3457,5,15,39.107960000000006,,,,,
halo_1d,8n4g,isolated,cuda_nvshmem,1,16,64.39189999999999,49.024566666666665,97.46933333333334,5,15,68.90636666666666,,,,,
halo_1d,8n4g,isolated,oshmpi,1,16,25.3834,25.22083333333333,25.915866666666666,5,15,25.45838666666667,,,,,
halo_1d,8n4g,isolated,sycl_mpi,1,16,9.124526666666666,8.906943333333333,9.339293333333334,5,15,9.122608000000001,,,,,
halo_1d,8n4g,isolated,sycl_oneccl,1,16,79.58343333333333,67.9794,99.1307,5,15,83.64212,,,,,
halo_1d,8n4g,steady,cuda_mpi,1,16,5.4080466666666664,5.23995,5.561876666666667,5,15,5.399491333333333,,,,,
halo_1d,8n4g,steady,cuda_nccl,1,16,23.7798,23.55023333333333,24.072566666666667,5,15,23.796493333333334,,,,,
halo_1d,8n4g,steady,cuda_nvshmem,1,16,16.950599999999998,16.478766666666665,17.147566666666666,5,15,16.84172,,,,,
halo_1d,8n4g,steady,oshmpi,1,16,5.648263333333333,5.625423333333333,5.707966666666667,5,15,5.659124,,,,,
halo_1d,8n4g,steady,sycl_mpi,1,16,5.40696,5.14382,5.509506666666667,5,15,5.340309333333334,,,,,
halo_1d,8n4g,steady,sycl_oneccl,1,16,28.479333333333333,28.407766666666667,28.892633333333333,5,15,28.555346666666665,,,,,
halo_1d,8n4g,isolated,cuda_mpi,2,32,5.51697,5.371606666666667,5.7083699999999995,5,15,5.54465,,,,,
halo_1d,8n4g,isolated,cuda_nccl,2,32,32.690933333333334,32.103899999999996,33.1319,5,15,32.580346666666664,,,,,
halo_1d,8n4g,isolated,cuda_nvshmem,2,32,34.60776666666667,34.418166666666664,34.87253333333334,5,15,34.62209333333333,,,,,
halo_1d,8n4g,isolated,oshmpi,2,32,24.94226666666667,24.867766666666665,25.013766666666665,5,15,24.936353333333333,,,,,
halo_1d,8n4g,isolated,sycl_mpi,2,32,5.75591,5.456146666666667,5.881256666666666,5,15,5.687421333333333,,,,,
halo_1d,8n4g,isolated,sycl_oneccl,2,32,70.89353333333334,60.118833333333335,74.5837,5,15,68.80798666666666,,,,,
halo_1d,8n4g,steady,cuda_mpi,2,32,5.281793333333333,4.962913333333333,5.356253333333333,5,15,5.193371333333333,,,,,
halo_1d,8n4g,steady,cuda_nccl,2,32,23.509466666666665,23.422900000000002,23.612166666666667,5,15,23.51744,,,,,
halo_1d,8n4g,steady,cuda_nvshmem,2,32,16.920566666666666,16.327033333333333,17.088466666666665,5,15,16.74806,,,,,
halo_1d,8n4g,steady,oshmpi,2,32,5.551026666666667,5.530363333333333,5.602796666666666,5,15,5.556058666666667,,,,,
halo_1d,8n4g,steady,sycl_mpi,2,32,5.22513,4.858053333333333,5.35989,5,15,5.134922666666667,,,,,
halo_1d,8n4g,steady,sycl_oneccl,2,32,28.373766666666665,28.293566666666667,28.552466666666668,5,15,28.398880000000002,,,,,
halo_1d,8n4g,isolated,cuda_mpi,4,64,4.8302266666666664,4.7644,5.186153333333333,5,15,4.908302,,,,,
halo_1d,8n4g,isolated,cuda_nccl,4,64,31.952733333333335,31.8109,32.664300000000004,5,15,32.059580000000004,,,,,
halo_1d,8n4g,isolated,cuda_nvshmem,4,64,34.28776666666667,33.730666666666664,39.01586666666667,5,15,35.80718666666667,,,,,
halo_1d,8n4g,isolated,oshmpi,4,64,24.825466666666667,24.615566666666666,25.33213333333333,5,15,24.877773333333334,,,,,
halo_1d,8n4g,isolated,sycl_mpi,4,64,5.103646666666667,4.8438,5.21449,5,15,5.049610666666666,,,,,
halo_1d,8n4g,isolated,sycl_oneccl,4,64,69.19200000000001,54.17916666666667,85.15346666666667,5,15,70.65169999999999,,,,,
halo_1d,8n4g,steady,cuda_mpi,4,64,4.75342,4.58101,5.1164266666666665,5,15,4.799802666666666,,,,,
halo_1d,8n4g,steady,cuda_nccl,4,64,23.1918,23.0329,23.302733333333332,5,15,23.16778,,,,,
halo_1d,8n4g,steady,cuda_nvshmem,4,64,16.8856,16.244566666666667,17.103199999999998,5,15,16.702426666666664,,,,,
halo_1d,8n4g,steady,oshmpi,4,64,5.54112,5.5177233333333335,5.571723333333333,5,15,5.544638,,,,,
halo_1d,8n4g,steady,sycl_mpi,4,64,4.817586666666667,4.284583333333333,4.954976666666667,5,15,4.73538,,,,,
halo_1d,8n4g,steady,sycl_oneccl,4,64,27.9107,27.809033333333332,27.997700000000002,5,15,27.916626666666666,,,,,
halo_1d,8n4g,isolated,cuda_mpi,8,128,5.6104666666666665,5.3686766666666665,5.646926666666666,5,15,5.560878,,,,,
halo_1d,8n4g,isolated,cuda_nccl,8,128,32.10046666666667,31.8081,32.2554,5,15,32.04410666666667,,,,,
halo_1d,8n4g,isolated,cuda_nvshmem,8,128,34.52276666666667,33.58396666666666,34.942766666666664,5,15,34.28502,,,,,
halo_1d,8n4g,isolated,oshmpi,8,128,24.675866666666664,24.505,24.84476666666667,5,15,24.666406666666667,,,,,
halo_1d,8n4g,isolated,sycl_mpi,8,128,5.62573,5.34282,5.690823333333333,5,15,5.530564666666667,,,,,
halo_1d,8n4g,isolated,sycl_oneccl,8,128,75.3882,53.9844,82.84440000000001,5,15,68.75741333333333,,,,,
halo_1d,8n4g,steady,cuda_mpi,8,128,5.236846666666667,4.91282,5.31174,5,15,5.137724666666667,,,,,
halo_1d,8n4g,steady,cuda_nccl,8,128,23.1049,23.06383333333333,23.266766666666665,5,15,23.133353333333332,,,,,
halo_1d,8n4g,steady,cuda_nvshmem,8,128,16.587366666666668,16.276433333333333,17.5204,5,15,16.74307333333333,,,,,
halo_1d,8n4g,steady,oshmpi,8,128,5.548996666666667,5.515576666666667,5.581606666666667,5,15,5.554124666666667,,,,,
halo_1d,8n4g,steady,sycl_mpi,8,128,5.249023333333334,4.830253333333333,5.357226666666667,5,15,5.135244,,,,,
halo_1d,8n4g,steady,sycl_oneccl,8,128,27.807133333333333,27.659066666666668,27.9871,5,15,27.832106666666668,,,,,
halo_1d,8n4g,isolated,cuda_mpi,16,256,6.130203333333333,6.028223333333333,6.26671,5,15,6.133504666666667,,,,,
halo_1d,8n4g,isolated,cuda_nccl,16,256,31.7459,31.3972,32.61143333333333,5,15,31.898186666666668,,,,,
halo_1d,8n4g,isolated,cuda_nvshmem,16,256,34.324133333333336,33.01436666666667,36.37043333333333,5,15,34.516513333333336,,,,,
halo_1d,8n4g,isolated,oshmpi,16,256,24.7329,24.623433333333335,24.818233333333335,5,15,24.717413333333333,,,,,
halo_1d,8n4g,isolated,sycl_mpi,16,256,6.559686666666667,6.471266666666667,6.598206666666667,5,15,6.54204,,,,,
halo_1d,8n4g,isolated,sycl_oneccl,16,256,69.40076666666667,53.3142,84.42133333333334,5,15,67.43809333333334,,,,,
halo_1d,8n4g,steady,cuda_mpi,16,256,5.3746833333333335,5.05249,5.48396,5,15,5.281230666666667,,,,,
halo_1d,8n4g,steady,cuda_nccl,16,256,23.0848,23.039533333333335,23.1224,5,15,23.084960000000002,,,,,
halo_1d,8n4g,steady,cuda_nvshmem,16,256,16.469066666666667,16.147100000000002,16.98473333333333,5,15,16.558946666666667,,,,,
halo_1d,8n4g,steady,oshmpi,16,256,5.57046,5.519176666666667,5.598513333333333,5,15,5.567178,,,,,
halo_1d,8n4g,steady,sycl_mpi,16,256,5.274413333333333,4.957703333333333,5.43396,5,15,5.206335999999999,,,,,
halo_1d,8n4g,steady,sycl_oneccl,16,256,27.4841,27.449633333333335,27.7869,5,15,27.55204666666667,,,,,
halo_1d,8n4g,isolated,cuda_mpi,32,512,6.5006466666666665,6.459223333333333,6.960613333333333,5,15,6.607181333333333,,,,,
halo_1d,8n4g,isolated,cuda_nccl,32,512,31.909333333333333,31.395333333333333,32.2962,5,15,31.852539999999998,,,,,
halo_1d,8n4g,isolated,cuda_nvshmem,32,512,35.471666666666664,33.16833333333334,36.980133333333335,5,15,35.24652666666667,,,,,
halo_1d,8n4g,isolated,oshmpi,32,512,24.772833333333335,24.675133333333335,24.8859,5,15,24.788506666666667,,,,,
halo_1d,8n4g,isolated,sycl_mpi,32,512,6.664706666666667,6.5660099999999995,6.748546666666667,5,15,6.663779333333333,,,,,
halo_1d,8n4g,isolated,sycl_oneccl,32,512,70.33563333333333,51.21373333333333,82.65236666666667,5,15,66.44789999999999,,,,,
halo_1d,8n4g,steady,cuda_mpi,32,512,5.389633333333333,5.120733333333333,5.624436666666667,5,15,5.376492,,,,,
halo_1d,8n4g,steady,cuda_nccl,32,512,23.000933333333332,22.940266666666666,23.065,5,15,23.0,,,,,
halo_1d,8n4g,steady,cuda_nvshmem,32,512,16.282566666666668,16.11606666666667,17.0102,5,15,16.51222,,,,,
halo_1d,8n4g,steady,oshmpi,32,512,5.566093333333334,5.544883333333334,5.574243333333333,5,15,5.5643460000000005,,,,,
halo_1d,8n4g,steady,sycl_mpi,32,512,5.363943333333333,5.0043033333333335,5.482666666666667,5,15,5.282695333333334,,,,,
halo_1d,8n4g,steady,sycl_oneccl,32,512,27.051433333333332,27.02296666666667,27.373933333333333,5,15,27.13347333333333,,,,,
halo_1d,8n4g,isolated,cuda_mpi,64,1024,8.327643333333333,8.321393333333333,8.595256666666666,5,15,8.417746,,,,,
halo_1d,8n4g,isolated,cuda_nccl,64,1024,31.866633333333336,31.0493,32.583,5,15,31.851333333333333,,,,,
halo_1d,8n4g,isolated,cuda_nvshmem,64,1024,35.29736666666667,34.2527,36.107866666666666,5,15,35.07183333333333,,,,,
halo_1d,8n4g,isolated,oshmpi,64,1024,24.816266666666667,24.48656666666667,24.881433333333334,5,15,24.761233333333333,,,,,
halo_1d,8n4g,isolated,sycl_mpi,64,1024,8.499163333333334,8.35262,8.69404,5,15,8.500606666666666,,,,,
halo_1d,8n4g,isolated,sycl_oneccl,64,1024,63.8809,47.386466666666664,68.2112,5,15,59.96071333333334,,,,,
halo_1d,8n4g,steady,cuda_mpi,64,1024,6.387776666666666,6.2826233333333334,6.96613,5,15,6.472513333333334,,,,,
halo_1d,8n4g,steady,cuda_nccl,64,1024,22.887433333333334,22.754633333333334,23.115333333333336,5,15,22.88708666666667,,,,,
halo_1d,8n4g,steady,cuda_nvshmem,64,1024,16.3114,16.073366666666665,16.9915,5,15,16.506106666666668,,,,,
halo_1d,8n4g,steady,oshmpi,64,1024,5.572303333333333,5.5395199999999996,5.633633333333333,5,15,5.583931333333334,,,,,
halo_1d,8n4g,steady,sycl_mpi,64,1024,6.301936666666666,6.142063333333333,6.418323333333333,5,15,6.287248666666667,,,,,
halo_1d,8n4g,steady,sycl_oneccl,64,1024,26.50743333333333,26.149166666666666,26.581033333333334,5,15,26.445746666666665,,,,,
halo_1d,8n4g,isolated,cuda_mpi,128,2048,11.604099999999999,11.271166666666668,11.721466666666666,5,15,11.539286666666667,,,,,
halo_1d,8n4g,isolated,cuda_nccl,128,2048,30.9065,30.6549,31.4561,5,15,31.049913333333333,,,,,
halo_1d,8n4g,isolated,cuda_nvshmem,128,2048,35.015566666666665,33.302033333333334,36.1931,5,15,34.96244,,,,,
halo_1d,8n4g,isolated,oshmpi,128,2048,24.7706,24.645266666666668,24.897066666666667,5,15,24.768993333333334,,,,,
halo_1d,8n4g,isolated,sycl_mpi,128,2048,11.410666666666668,11.320433333333334,11.769166666666667,5,15,11.522606666666666,,,,,
halo_1d,8n4g,isolated,sycl_oneccl,128,2048,59.461533333333335,46.869733333333336,63.34756666666667,5,15,57.76678666666667,,,,,
halo_1d,8n4g,steady,cuda_mpi,128,2048,7.234763333333333,7.052476666666666,8.207663333333333,5,15,7.396407333333333,,,,,
halo_1d,8n4g,steady,cuda_nccl,128,2048,22.586333333333332,22.3624,22.8864,5,15,22.565293333333333,,,,,
halo_1d,8n4g,steady,cuda_nvshmem,128,2048,16.423266666666667,15.977233333333333,16.970433333333332,5,15,16.445339999999998,,,,,
halo_1d,8n4g,steady,oshmpi,128,2048,5.5609633333333335,5.533973333333334,5.582346666666667,5,15,5.558982666666666,,,,,
halo_1d,8n4g,steady,sycl_mpi,128,2048,7.321963333333334,7.14276,7.957766666666667,5,15,7.406690666666666,,,,,
halo_1d,8n4g,steady,sycl_oneccl,128,2048,25.985799999999998,25.7844,26.396666666666665,5,15,26.02488,,,,,
halo_1d,8n4g,isolated,cuda_mpi,256,4096,12.614666666666666,12.573166666666667,12.665466666666667,5,15,12.615440000000001,,,,,
halo_1d,8n4g,isolated,cuda_nccl,256,4096,30.893666666666668,30.5809,31.2014,5,15,30.851446666666668,,,,,
halo_1d,8n4g,isolated,cuda_nvshmem,256,4096,34.89836666666667,33.8831,39.724833333333336,5,15,35.63569333333333,,,,,
halo_1d,8n4g,isolated,oshmpi,256,4096,24.8635,24.619733333333333,25.036166666666666,5,15,24.829313333333335,,,,,
halo_1d,8n4g,isolated,sycl_mpi,256,4096,12.914933333333334,12.8241,13.0651,5,15,12.913853333333332,,,,,
halo_1d,8n4g,isolated,sycl_oneccl,256,4096,56.297866666666664,47.237766666666666,62.878166666666665,5,15,55.01983333333333,,,,,
halo_1d,8n4g,steady,cuda_mpi,256,4096,11.6835,11.660133333333333,12.012500000000001,5,15,11.748373333333335,,,,,
halo_1d,8n4g,steady,cuda_nccl,256,4096,22.830566666666666,22.3706,23.524233333333335,5,15,22.940086666666666,,,,,
halo_1d,8n4g,steady,cuda_nvshmem,256,4096,16.332466666666665,16.094466666666666,16.885466666666666,5,15,16.41406,,,,,
halo_1d,8n4g,steady,oshmpi,256,4096,5.571166666666667,5.518093333333333,5.5882233333333335,5,15,5.563745999999999,,,,,
halo_1d,8n4g,steady,sycl_mpi,256,4096,11.745866666666666,11.7429,11.847433333333333,5,15,11.774373333333333,,,,,
halo_1d,8n4g,steady,sycl_oneccl,256,4096,25.951933333333333,25.861133333333335,26.108166666666666,5,15,25.956346666666665,,,,,
halo_1d,8n4g,isolated,cuda_mpi,512,8192,12.510166666666667,12.455766666666667,12.5276,5,15,12.499246666666666,,,,,
halo_1d,8n4g,isolated,cuda_nccl,512,8192,30.7954,30.542866666666665,31.027033333333332,5,15,30.816126666666666,,,,,
halo_1d,8n4g,isolated,cuda_nvshmem,512,8192,34.91996666666667,32.96823333333334,37.12123333333333,5,15,34.89330666666667,,,,,
halo_1d,8n4g,isolated,oshmpi,512,8192,24.8896,24.702033333333333,24.94783333333333,5,15,24.87378,,,,,
halo_1d,8n4g,isolated,sycl_mpi,512,8192,12.8522,12.754999999999999,12.8802,5,15,12.832593333333334,,,,,
halo_1d,8n4g,isolated,sycl_oneccl,512,8192,56.424,49.2669,64.62403333333333,5,15,56.549126666666666,,,,,
halo_1d,8n4g,steady,cuda_mpi,512,8192,11.689966666666667,11.6664,11.729066666666666,5,15,11.69674,,,,,
halo_1d,8n4g,steady,cuda_nccl,512,8192,22.070033333333335,21.882133333333332,22.128233333333334,5,15,22.033193333333333,,,,,
halo_1d,8n4g,steady,cuda_nvshmem,512,8192,16.284633333333336,15.906533333333334,16.613300000000002,5,15,16.305846666666667,,,,,
halo_1d,8n4g,steady,oshmpi,512,8192,5.551593333333333,5.515033333333333,5.56511,5,15,5.540597333333333,,,,,
halo_1d,8n4g,steady,sycl_mpi,512,8192,11.803433333333333,11.7526,11.841733333333334,5,15,11.797273333333333,,,,,
halo_1d,8n4g,steady,sycl_oneccl,512,8192,26.230733333333333,26.061,26.634233333333334,5,15,26.255526666666665,,,,,
halo_1d,8n4g,isolated,cuda_mpi,1024,16384,12.686,12.627333333333333,12.7456,5,15,12.688559999999999,,,,,
halo_1d,8n4g,isolated,cuda_nccl,1024,16384,30.8202,30.506666666666668,31.4141,5,15,30.926326666666668,,,,,
halo_1d,8n4g,isolated,cuda_nvshmem,1024,16384,33.802366666666664,33.368,34.0674,5,15,33.75688666666667,,,,,
halo_1d,8n4g,isolated,oshmpi,1024,16384,25.1333,24.830233333333332,25.214933333333335,5,15,25.034393333333334,,,,,
halo_1d,8n4g,isolated,sycl_mpi,1024,16384,13.0036,12.9852,13.054933333333333,5,15,13.018986666666667,,,,,
halo_1d,8n4g,isolated,sycl_oneccl,1024,16384,60.516733333333335,48.0357,71.4437,5,15,60.84876,,,,,
halo_1d,8n4g,steady,cuda_mpi,1024,16384,11.825733333333334,11.8024,11.849633333333333,5,15,11.824586666666667,,,,,
halo_1d,8n4g,steady,cuda_nccl,1024,16384,22.5195,22.239900000000002,22.6087,5,15,22.48486666666667,,,,,
halo_1d,8n4g,steady,cuda_nvshmem,1024,16384,16.951133333333335,16.2781,17.168566666666667,5,15,16.759953333333332,,,,,
halo_1d,8n4g,steady,oshmpi,1024,16384,5.525716666666667,5.5180066666666665,5.55792,5,15,5.534036666666666,,,,,
halo_1d,8n4g,steady,sycl_mpi,1024,16384,11.9117,11.859333333333334,11.945466666666666,5,15,11.90834,,,,,
halo_1d,8n4g,steady,sycl_oneccl,1024,16384,26.759066666666666,26.583266666666667,26.939066666666665,5,15,26.769706666666664,,,,,
halo_1d,8n4g,isolated,cuda_mpi,2048,32768,13.2621,13.231166666666667,13.2826,5,15,13.259446666666665,,,,,
halo_1d,8n4g,isolated,cuda_nccl,2048,32768,31.556533333333334,31.372666666666667,32.1511,5,15,31.694366666666667,,,,,
halo_1d,8n4g,isolated,cuda_nvshmem,2048,32768,35.05806666666667,34.16696666666667,38.39176666666667,5,15,35.68177333333333,,,,,
halo_1d,8n4g,isolated,oshmpi,2048,32768,25.584333333333333,25.449433333333335,25.686933333333332,5,15,25.56309333333333,,,,,
halo_1d,8n4g,isolated,sycl_mpi,2048,32768,13.619466666666666,13.5985,13.707533333333334,5,15,13.642259999999998,,,,,
halo_1d,8n4g,isolated,sycl_oneccl,2048,32768,66.91723333333333,53.60646666666666,73.43136666666666,5,15,66.02183333333333,,,,,
halo_1d,8n4g,steady,cuda_mpi,2048,32768,12.1872,12.1719,12.223533333333334,5,15,12.195846666666666,,,,,
halo_1d,8n4g,steady,cuda_nccl,2048,32768,23.197333333333333,22.949,25.176333333333332,5,15,23.60139333333333,,,,,
halo_1d,8n4g,steady,cuda_nvshmem,2048,32768,17.6876,16.941933333333335,17.80013333333333,5,15,17.43158,,,,,
halo_1d,8n4g,steady,oshmpi,2048,32768,5.520673333333334,5.514433333333334,5.563606666666667,5,15,5.534342,,,,,
halo_1d,8n4g,steady,sycl_mpi,2048,32768,12.291066666666666,12.2873,12.3638,5,15,12.31846,,,,,
halo_1d,8n4g,steady,sycl_oneccl,2048,32768,27.6327,27.5561,30.17053333333333,5,15,28.155106666666665,,,,,
halo_1d,8n4g,isolated,cuda_mpi,4096,65536,13.647466666666666,13.5419,13.6531,5,15,13.610253333333333,,,,,
halo_1d,8n4g,isolated,cuda_nccl,4096,65536,35.423066666666664,34.96393333333333,40.1096,5,15,36.26802,,,,,
halo_1d,8n4g,isolated,cuda_nvshmem,4096,65536,36.03126666666667,35.02243333333333,36.5642,5,15,35.787886666666665,,,,,
halo_1d,8n4g,isolated,oshmpi,4096,65536,25.773466666666668,25.514266666666668,26.05793333333333,5,15,25.78836,,,,,
halo_1d,8n4g,isolated,sycl_mpi,4096,65536,13.948333333333334,13.821299999999999,14.104933333333333,5,15,13.94262,,,,,
halo_1d,8n4g,isolated,sycl_oneccl,4096,65536,59.542399999999994,57.58723333333333,88.9091,5,15,66.25673333333333,,,,,
halo_1d,8n4g,steady,cuda_mpi,4096,65536,12.476333333333333,12.383133333333333,12.6232,5,15,12.488606666666668,,,,,
halo_1d,8n4g,steady,cuda_nccl,4096,65536,26.845966666666666,26.2504,26.872866666666667,5,15,26.725346666666667,,,,,
halo_1d,8n4g,steady,cuda_nvshmem,4096,65536,18.871033333333333,18.05946666666667,19.037033333333333,5,15,18.600953333333333,,,,,
halo_1d,8n4g,steady,oshmpi,4096,65536,5.54527,5.517573333333333,5.54903,5,15,5.53843,,,,,
halo_1d,8n4g,steady,sycl_mpi,4096,65536,12.616999999999999,12.470333333333333,12.646866666666668,5,15,12.574819999999999,,,,,
halo_1d,8n4g,steady,sycl_oneccl,4096,65536,31.821,31.221966666666667,32.43293333333333,5,15,31.816893333333333,,,,,
halo_1d,8n4g,isolated,cuda_mpi,8192,131072,16.0738,15.858066666666668,16.223066666666668,5,15,16.068546666666666,,,,,
halo_1d,8n4g,isolated,cuda_nccl,8192,131072,38.0988,37.666333333333334,38.161033333333336,5,15,37.94128666666666,,,,,
halo_1d,8n4g,isolated,cuda_nvshmem,8192,131072,40.04183333333334,38.443266666666666,41.09823333333333,5,15,39.96888,,,,,
halo_1d,8n4g,isolated,oshmpi,8192,131072,31.491733333333332,26.0742,32.194966666666666,5,15,29.61756666666667,,,,,
halo_1d,8n4g,isolated,sycl_mpi,8192,131072,16.488866666666667,16.18,16.914566666666666,5,15,16.505553333333335,,,,,
halo_1d,8n4g,isolated,sycl_oneccl,8192,131072,62.47586666666666,55.5407,97.06426666666667,5,15,71.71808666666666,,,,,
halo_1d,8n4g,steady,cuda_mpi,8192,131072,14.137233333333333,13.8839,14.3168,5,15,14.121793333333333,,,,,
halo_1d,8n4g,steady,cuda_nccl,8192,131072,30.273466666666668,28.3563,32.8529,5,15,30.160059999999998,,,,,
halo_1d,8n4g,steady,cuda_nvshmem,8192,131072,20.674233333333333,19.9053,20.848166666666668,5,15,20.42194,,,,,
halo_1d,8n4g,steady,oshmpi,8192,131072,5.851543333333334,5.783386666666667,6.510296666666667,5,15,5.973778666666666,,,,,
halo_1d,8n4g,steady,sycl_mpi,8192,131072,14.169633333333334,14.0418,14.306066666666666,5,15,14.177413333333334,,,,,
halo_1d,8n4g,steady,sycl_oneccl,8192,131072,34.6137,34.199666666666666,36.439766666666664,5,15,34.84921333333333,,,,,
halo_1d,8n4g,isolated,cuda_mpi,16384,262144,22.175833333333333,21.765233333333335,22.601633333333332,5,15,22.16448666666667,,,,,
halo_1d,8n4g,isolated,cuda_nccl,16384,262144,42.97403333333333,42.92066666666667,61.032833333333336,5,15,46.77486666666667,,,,,
halo_1d,8n4g,isolated,cuda_nvshmem,16384,262144,45.3546,43.654266666666665,50.8685,5,15,46.13612666666667,,,,,
halo_1d,8n4g,isolated,oshmpi,16384,262144,30.136733333333332,29.488966666666666,34.77316666666667,5,15,30.94266,,,,,
halo_1d,8n4g,isolated,sycl_mpi,16384,262144,22.324833333333334,22.159666666666666,22.720933333333335,5,15,22.382153333333335,,,,,
halo_1d,8n4g,isolated,sycl_oneccl,16384,262144,71.22433333333333,67.62343333333332,116.25026666666668,5,15,81.48352666666666,,,,,
halo_1d,8n4g,steady,cuda_mpi,16384,262144,18.834,18.569533333333332,19.607633333333332,5,15,18.917193333333334,,,,,
halo_1d,8n4g,steady,cuda_nccl,16384,262144,34.136066666666665,33.655366666666666,36.05363333333333,5,15,34.37739333333333,,,,,
halo_1d,8n4g,steady,cuda_nvshmem,16384,262144,25.025,24.2352,25.591633333333334,5,15,25.009059999999998,,,,,
halo_1d,8n4g,steady,oshmpi,16384,262144,11.1724,11.117700000000001,11.363133333333334,5,15,11.193033333333334,,,,,
halo_1d,8n4g,steady,sycl_mpi,16384,262144,18.823166666666665,18.567866666666667,19.304000000000002,5,15,18.857546666666668,,,,,
halo_1d,8n4g,steady,sycl_oneccl,16384,262144,43.5352,42.8477,44.244166666666665,5,15,43.575853333333335,,,,,
halo_1d,8n4g,isolated,cuda_mpi,32768,524288,36.17463333333333,35.648066666666665,38.2494,5,15,36.64482666666667,,,,,
halo_1d,8n4g,isolated,cuda_nccl,32768,524288,55.128033333333335,54.65476666666667,55.474000000000004,5,15,55.075426666666665,,,,,
halo_1d,8n4g,isolated,cuda_nvshmem,32768,524288,52.88256666666666,51.2239,53.1501,5,15,52.547826666666666,,,,,
halo_1d,8n4g,isolated,oshmpi,32768,524288,40.8548,40.457566666666665,41.19006666666667,5,15,40.862586666666665,,,,,
halo_1d,8n4g,isolated,sycl_mpi,32768,524288,35.91733333333333,35.1578,38.83403333333333,5,15,36.584086666666664,,,,,
halo_1d,8n4g,isolated,sycl_oneccl,32768,524288,90.0762,81.00363333333334,102.1262,5,15,90.01739333333333,,,,,
halo_1d,8n4g,steady,cuda_mpi,32768,524288,27.3599,26.958466666666666,27.550666666666668,5,15,27.26948666666667,,,,,
halo_1d,8n4g,steady,cuda_nccl,32768,524288,44.436366666666665,44.34923333333333,49.46406666666667,5,15,46.26171333333333,,,,,
halo_1d,8n4g,steady,cuda_nvshmem,32768,524288,33.16466666666667,32.498533333333334,33.34393333333333,5,15,32.97895333333334,,,,,
halo_1d,8n4g,steady,oshmpi,32768,524288,22.140366666666665,22.040466666666667,22.188266666666667,5,15,22.114953333333336,,,,,
halo_1d,8n4g,steady,sycl_mpi,32768,524288,27.068833333333334,26.757933333333334,27.4194,5,15,27.07706,,,,,
halo_1d,8n4g,steady,sycl_oneccl,32768,524288,52.765033333333335,51.7876,53.457,5,15,52.66012666666666,,,,,
halo_1d,8n4g,isolated,cuda_mpi,65536,1048576,60.4559,58.32386666666667,65.21696666666666,5,15,60.98088666666667,,,,,
halo_1d,8n4g,isolated,cuda_nccl,65536,1048576,72.43373333333334,71.42603333333334,74.34486666666666,5,15,72.61074,,,,,
halo_1d,8n4g,isolated,cuda_nvshmem,65536,1048576,66.16513333333333,65.83706666666667,67.6,5,15,66.35022,,,,,
halo_1d,8n4g,isolated,oshmpi,65536,1048576,64.29226666666666,63.8686,64.66796666666666,5,15,64.21829333333334,,,,,
halo_1d,8n4g,isolated,sycl_mpi,65536,1048576,60.66596666666667,59.95256666666667,62.042766666666665,5,15,60.86822666666667,,,,,
halo_1d,8n4g,isolated,sycl_oneccl,65536,1048576,106.807,104.274,121.18366666666667,5,15,110.64746666666666,,,,,
halo_1d,8n4g,steady,cuda_mpi,65536,1048576,43.9391,43.3919,44.3969,5,15,43.97914,,,,,
halo_1d,8n4g,steady,cuda_nccl,65536,1048576,58.964,58.16676666666667,60.8262,5,15,59.227759999999996,,,,,
halo_1d,8n4g,steady,cuda_nvshmem,65536,1048576,44.57313333333333,43.99883333333333,44.742866666666664,5,15,44.4062,,,,,
halo_1d,8n4g,steady,oshmpi,65536,1048576,43.70726666666666,43.66053333333333,43.76606666666667,5,15,43.71652666666667,,,,,
halo_1d,8n4g,steady,sycl_mpi,65536,1048576,43.528666666666666,42.871433333333336,43.7999,5,15,43.39834666666666,,,,,
halo_1d,8n4g,steady,sycl_oneccl,65536,1048576,74.02213333333333,73.0954,74.10716666666667,5,15,73.76403333333333,,,,,
halo_1d,8n4g,isolated,cuda_mpi,131072,2097152,99.5184,97.8887,101.58763333333333,5,15,99.6776,,,,,
halo_1d,8n4g,isolated,cuda_nccl,131072,2097152,102.57866666666666,101.05033333333333,108.81133333333334,5,15,103.30946666666667,,,,,
halo_1d,8n4g,isolated,cuda_nvshmem,131072,2097152,99.688,96.67923333333333,103.6668,5,15,99.68777333333334,,,,,
halo_1d,8n4g,isolated,oshmpi,131072,2097152,109.75333333333333,109.20466666666667,110.132,5,15,109.74393333333335,,,,,
halo_1d,8n4g,isolated,sycl_mpi,131072,2097152,102.839,101.89406666666667,104.13866666666667,5,15,103.05418666666667,,,,,
halo_1d,8n4g,isolated,sycl_oneccl,131072,2097152,147.01866666666666,144.36466666666666,147.604,5,15,146.22993333333335,,,,,
halo_1d,8n4g,steady,cuda_mpi,131072,2097152,74.26396666666666,73.76033333333334,75.3557,5,15,74.47552666666667,,,,,
halo_1d,8n4g,steady,cuda_nccl,131072,2097152,85.8276,85.09446666666666,87.50529999999999,5,15,86.10278666666666,,,,,
halo_1d,8n4g,steady,cuda_nvshmem,131072,2097152,68.84473333333334,68.5606,69.6684,5,15,68.94467333333334,,,,,
halo_1d,8n4g,steady,oshmpi,131072,2097152,86.73053333333334,86.63813333333333,86.861,5,15,86.75174,,,,,
halo_1d,8n4g,steady,sycl_mpi,131072,2097152,74.0133,73.5345,74.21119999999999,5,15,73.89003333333334,,,,,
halo_1d,8n4g,steady,sycl_oneccl,131072,2097152,114.48433333333334,110.708,116.14666666666666,5,15,114.06233333333333,,,,,
halo_1d,8n4g,isolated,cuda_mpi,262144,4194304,166.56533333333334,164.132,169.00066666666666,5,15,166.48819999999998,,,,,
halo_1d,8n4g,isolated,cuda_nccl,262144,4194304,156.64266666666668,155.72033333333334,163.079,5,15,157.84720000000002,,,,,
halo_1d,8n4g,isolated,cuda_nvshmem,262144,4194304,155.091,152.84733333333332,160.16733333333335,5,15,155.86046666666667,,,,,
halo_1d,8n4g,isolated,oshmpi,262144,4194304,197.45033333333333,197.22866666666667,200.30566666666667,5,15,198.0028,,,,,
halo_1d,8n4g,isolated,sycl_mpi,262144,4194304,170.034,167.40833333333333,173.214,5,15,170.2488666666667,,,,,
halo_1d,8n4g,isolated,sycl_oneccl,262144,4194304,205.63966666666667,203.693,216.297,5,15,207.6456,,,,,
halo_1d,8n4g,steady,cuda_mpi,262144,4194304,133.02733333333333,132.73733333333334,134.352,5,15,133.39866666666666,,,,,
halo_1d,8n4g,steady,cuda_nccl,262144,4194304,135.853,135.32,136.27333333333334,5,15,135.81113333333332,,,,,
halo_1d,8n4g,steady,cuda_nvshmem,262144,4194304,117.648,117.31666666666668,117.836,5,15,117.6022,,,,,
halo_1d,8n4g,steady,oshmpi,262144,4194304,172.58033333333333,172.49133333333333,172.685,5,15,172.57986666666665,,,,,
halo_1d,8n4g,steady,sycl_mpi,262144,4194304,132.58466666666666,132.21,133.87,5,15,133.00006666666667,,,,,
halo_1d,8n4g,steady,sycl_oneccl,262144,4194304,172.36633333333333,168.95833333333334,172.61933333333332,5,15,171.28066666666666,,,,,
halo_1d,8n4g,isolated,cuda_mpi,524288,8388608,304.48766666666666,300.85066666666665,307.01533333333333,5,15,303.80126666666666,,,,,
halo_1d,8n4g,isolated,cuda_nccl,524288,8388608,263.45033333333333,262.7416666666667,264.62333333333333,5,15,263.5534,,,,,
halo_1d,8n4g,isolated,cuda_nvshmem,524288,8388608,255.23666666666668,252.32833333333335,257.59233333333333,5,15,254.812,,,,,
halo_1d,8n4g,isolated,oshmpi,524288,8388608,376.05833333333334,374.681,376.5553333333333,5,15,375.8236666666666,,,,,
halo_1d,8n4g,isolated,sycl_mpi,524288,8388608,308.83166666666665,306.44100000000003,311.71933333333334,5,15,308.72333333333336,,,,,
halo_1d,8n4g,isolated,sycl_oneccl,524288,8388608,347.535,345.83866666666665,349.31166666666667,5,15,347.5250666666667,,,,,
halo_1d,8n4g,steady,cuda_mpi,524288,8388608,246.04566666666668,245.34133333333332,247.31033333333332,5,15,246.05146666666667,,,,,
halo_1d,8n4g,steady,cuda_nccl,524288,8388608,237.23999999999998,236.521,238.523,5,15,237.37273333333331,,,,,
halo_1d,8n4g,steady,cuda_nvshmem,524288,8388608,215.414,215.09366666666665,216.041,5,15,215.4534,,,,,
halo_1d,8n4g,steady,oshmpi,524288,8388608,344.00933333333336,343.953,344.078,5,15,344.0199333333333,,,,,
halo_1d,8n4g,steady,sycl_mpi,524288,8388608,246.644,244.59066666666666,247.032,5,15,245.95893333333333,,,,,
halo_1d,8n4g,steady,sycl_oneccl,524288,8388608,313.867,313.57133333333337,313.94166666666666,5,15,313.78773333333334,,,,,
halo_1d,8n4g,isolated,cuda_mpi,1048576,16777216,554.9686666666666,554.1560000000001,563.9003333333334,5,15,556.7463333333333,,,,,
halo_1d,8n4g,isolated,cuda_nccl,1048576,16777216,475.4746666666667,474.653,483.13433333333336,5,15,476.7696666666667,,,,,
halo_1d,8n4g,isolated,cuda_nvshmem,1048576,16777216,452.193,450.3976666666667,453.24766666666665,5,15,451.9826,,,,,
halo_1d,8n4g,isolated,oshmpi,1048576,16777216,729.8576666666667,729.09,733.9443333333334,5,15,730.4976,,,,,
halo_1d,8n4g,isolated,sycl_mpi,1048576,16777216,567.322,561.5226666666667,569.3706666666667,5,15,566.1202,,,,,
halo_1d,8n4g,isolated,sycl_oneccl,1048576,16777216,649.7423333333334,646.193,652.0863333333333,5,15,649.3013333333333,,,,,
halo_1d,8n4g,steady,cuda_mpi,1048576,16777216,470.563,468.592,471.97133333333335,5,15,470.40633333333335,,,,,
halo_1d,8n4g,steady,cuda_nccl,1048576,16777216,437.092,436.2523333333333,439.592,5,15,437.6614666666666,,,,,
halo_1d,8n4g,steady,cuda_nvshmem,1048576,16777216,413.04466666666667,410.60266666666666,415.83,5,15,413.202,,,,,
halo_1d,8n4g,steady,oshmpi,1048576,16777216,686.8,686.6686666666666,686.8933333333333,5,15,686.7926,,,,,
halo_1d,8n4g,steady,sycl_mpi,1048576,16777216,471.28499999999997,469.1,472.3566666666666,5,15,471.0047333333333,,,,,
halo_1d,8n4g,steady,sycl_oneccl,1048576,16777216,606.8573333333334,606.28,607.715,5,15,606.8655333333334,,,,,
allreduce,1n1g,,cuda_mpi,1,4,19.919466666666665,19.685333333333332,19.971733333333333,5,15,19.885026666666665,,,,,
allreduce,1n1g,,cuda_nccl,1,4,8.061176666666666,7.869563333333333,8.11448,5,15,8.008473333333333,,,,,
allreduce,1n1g,,cuda_nvshmem,1,4,8.24991,8.093250000000001,8.33231,5,15,8.212274,,,,,
allreduce,1n1g,,oshmpi,1,4,8.197046666666667,8.101223333333333,8.24191,5,15,8.192866,,,,,
allreduce,1n1g,,sycl_mpi,1,4,20.0431,19.919,20.247933333333332,5,15,20.056046666666667,,,,,
allreduce,1n1g,,sycl_oneccl,1,4,9.24145,9.218916666666667,9.39025,5,15,9.274973333333332,,,,,
allreduce,1n1g,,sycl_oneccl_oshmpi,1,4,16.312633333333334,16.1384,16.3742,5,15,16.28953333333333,,,,,
allreduce,1n1g,,cuda_mpi,2,8,20.031133333333333,19.822433333333333,20.0854,5,15,20.002026666666666,,,,,
allreduce,1n1g,,cuda_nccl,2,8,8.109446666666667,7.918136666666666,8.208196666666666,5,15,8.059324666666667,,,,,
allreduce,1n1g,,cuda_nvshmem,2,8,8.217706666666666,8.12276,8.340036666666666,5,15,8.205439333333334,,,,,
allreduce,1n1g,,oshmpi,2,8,8.201683333333333,8.140513333333333,8.219466666666667,5,15,8.188778000000001,,,,,
allreduce,1n1g,,sycl_mpi,2,8,20.1469,19.962333333333333,20.2102,5,15,20.09860666666667,,,,,
allreduce,1n1g,,sycl_oneccl,2,8,9.271476666666667,9.233476666666666,9.30357,5,15,9.267346,,,,,
allreduce,1n1g,,sycl_oneccl_oshmpi,2,8,16.174599999999998,16.149366666666666,16.210633333333334,5,15,16.176146666666668,,,,,
allreduce,1n1g,,cuda_mpi,4,16,20.42513333333333,20.2156,20.5761,5,15,20.43100666666667,,,,,
allreduce,1n1g,,cuda_nccl,4,16,8.133066666666666,7.8615433333333335,8.149943333333333,5,15,8.049075333333333,,,,,
allreduce,1n1g,,cuda_nvshmem,4,16,8.20389,8.030113333333333,8.312306666666666,5,15,8.172284,,,,,
allreduce,1n1g,,oshmpi,4,16,8.20707,8.147796666666666,8.224716666666668,5,15,8.195079999999999,,,,,
allreduce,1n1g,,sycl_mpi,4,16,20.599933333333333,20.539633333333335,20.679833333333335,5,15,20.599746666666665,,,,,
allreduce,1n1g,,sycl_oneccl,4,16,9.262786666666667,9.233740000000001,9.271593333333334,5,15,9.257704,,,,,
allreduce,1n1g,,sycl_oneccl_oshmpi,4,16,16.2057,16.130166666666668,16.255300000000002,5,15,16.194186666666667,,,,,
allreduce,1n1g,,cuda_mpi,8,32,20.546633333333332,20.186700000000002,20.648699999999998,5,15,20.500193333333335,,,,,
allreduce,1n1g,,cuda_nccl,8,32,8.159643333333333,7.82654,8.208703333333334,5,15,8.065758666666666,,,,,
allreduce,1n1g,,cuda_nvshmem,8,32,8.176536666666667,8.064373333333334,8.316183333333333,5,15,8.184228,,,,,
allreduce,1n1g,,oshmpi,8,32,8.219996666666667,8.137003333333332,8.260686666666667,5,15,8.210892,,,,,
allreduce,1n1g,,sycl_mpi,8,32,20.535166666666665,20.514733333333332,20.710533333333334,5,15,20.594713333333335,,,,,
allreduce,1n1g,,sycl_oneccl,8,32,9.30014,9.24104,9.318096666666667,5,15,9.293572000000001,,,,,
allreduce,1n1g,,sycl_oneccl_oshmpi,8,32,16.2132,16.163633333333333,16.312533333333334,5,15,16.227753333333332,,,,,
allreduce,1n1g,,cuda_mpi,16,64,20.506633333333333,20.307866666666666,20.665266666666668,5,15,20.49668,,,,,
allreduce,1n1g,,cuda_nccl,16,64,8.129293333333333,7.844646666666667,8.196126666666666,5,15,8.061962,,,,,
allreduce,1n1g,,cuda_nvshmem,16,64,8.213420000000001,8.070693333333333,8.329413333333333,5,15,8.196443333333333,,,,,
allreduce,1n1g,,oshmpi,16,64,8.216946666666667,8.13906,8.281096666666667,5,15,8.218912,,,,,
allreduce,1n1g,,sycl_mpi,16,64,20.4533,20.317833333333333,20.558066666666665,5,15,20.44617333333333,,,,,
allreduce,1n1g,,sycl_oneccl,16,64,9.247086666666668,9.181806666666667,9.26977,5,15,9.240596666666667,,,,,
allreduce,1n1g,,sycl_oneccl_oshmpi,16,64,16.2658,16.167333333333332,16.456,5,15,16.274906666666666,,,,,
allreduce,1n1g,,cuda_mpi,32,128,20.62203333333333,20.2634,20.753133333333334,5,15,20.53144,,,,,
allreduce,1n1g,,cuda_nccl,32,128,8.117446666666666,7.8028933333333335,8.173343333333333,5,15,8.037122666666667,,,,,
allreduce,1n1g,,cuda_nvshmem,32,128,8.221316666666667,8.095683333333334,8.361333333333333,5,15,8.211876666666667,,,,,
allreduce,1n1g,,oshmpi,32,128,8.225966666666666,8.178796666666667,8.281666666666666,5,15,8.229024,,,,,
allreduce,1n1g,,sycl_mpi,32,128,20.381666666666668,20.32616666666667,20.5485,5,15,20.412366666666667,,,,,
allreduce,1n1g,,sycl_oneccl,32,128,9.239883333333333,9.172096666666667,9.353613333333334,5,15,9.249151333333334,,,,,
allreduce,1n1g,,sycl_oneccl_oshmpi,32,128,16.24566666666667,16.186433333333333,16.4069,5,15,16.27742,,,,,
allreduce,1n1g,,cuda_mpi,64,256,20.555966666666666,20.2305,20.694066666666668,5,15,20.52526,,,,,
allreduce,1n1g,,cuda_nccl,64,256,8.044146666666666,7.77717,8.106346666666667,5,15,7.974812666666667,,,,,
allreduce,1n1g,,cuda_nvshmem,64,256,8.215343333333333,8.079956666666666,8.361966666666667,5,15,8.208176,,,,,
allreduce,1n1g,,oshmpi,64,256,8.21569,8.162673333333334,8.26918,5,15,8.216050000000001,,,,,
allreduce,1n1g,,sycl_mpi,64,256,20.540966666666666,20.4205,20.639233333333333,5,15,20.54172,,,,,
allreduce,1n1g,,sycl_oneccl,64,256,9.253266666666667,9.19328,9.42736,5,15,9.274984666666667,,,,,
allreduce,1n1g,,sycl_oneccl_oshmpi,64,256,16.3492,16.264866666666666,16.579466666666665,5,15,16.383693333333333,,,,,
allreduce,1n1g,,cuda_mpi,128,512,20.764033333333334,20.420766666666665,20.81716666666667,5,15,20.697106666666667,,,,,
allreduce,1n1g,,cuda_nccl,128,512,8.068256666666667,7.813393333333333,8.133743333333333,5,15,8.008782666666667,,,,,
allreduce,1n1g,,cuda_nvshmem,128,512,8.2214,8.080903333333334,8.374493333333334,5,15,8.223607333333334,,,,,
allreduce,1n1g,,oshmpi,128,512,8.218573333333334,8.182450000000001,8.269506666666667,5,15,8.222723333333333,,,,,
allreduce,1n1g,,sycl_mpi,128,512,20.7884,20.692033333333335,20.995933333333333,5,15,20.810940000000002,,,,,
allreduce,1n1g,,sycl_oneccl,128,512,9.208923333333333,9.143583333333334,9.284323333333333,5,15,9.214205333333332,,,,,
allreduce,1n1g,,sycl_oneccl_oshmpi,128,512,16.369966666666667,16.358266666666665,16.474533333333333,5,15,16.395626666666665,,,,,
allreduce,1n1g,,cuda_mpi,256,1024,21.3277,21.321633333333335,21.462699999999998,5,15,21.37295333333333,,,,,
allreduce,1n1g,,cuda_nccl,256,1024,8.086943333333334,7.743473333333333,8.117483333333332,5,15,7.989232666666666,,,,,
allreduce,1n1g,,cuda_nvshmem,256,1024,8.14041,8.013856666666667,8.28487,5,15,8.138004,,,,,
allreduce,1n1g,,oshmpi,256,1024,8.160126666666667,8.101786666666667,8.191396666666666,5,15,8.151826666666667,,,,,
allreduce,1n1g,,sycl_mpi,256,1024,21.401866666666667,21.2388,21.551133333333333,5,15,21.391833333333334,,,,,
allreduce,1n1g,,sycl_oneccl,256,1024,9.147966666666667,9.12672,9.217516666666667,5,15,9.161233333333334,,,,,
allreduce,1n1g,,sycl_oneccl_oshmpi,256,1024,16.423866666666665,16.309466666666665,16.537166666666668,5,15,16.42146,,,,,
allreduce,1n1g,,cuda_mpi,512,2048,22.265333333333334,22.011733333333332,22.496266666666667,5,15,22.24452,,,,,
allreduce,1n1g,,cuda_nccl,512,2048,8.307766666666668,7.9767166666666665,8.388896666666668,5,15,8.226275333333334,,,,,
allreduce,1n1g,,cuda_nvshmem,512,2048,8.12236,7.976396666666667,8.271516666666667,5,15,8.127748,,,,,
allreduce,1n1g,,oshmpi,512,2048,8.388136666666666,8.068196666666667,8.43702,5,15,8.334536666666667,,,,,
allreduce,1n1g,,sycl_mpi,512,2048,22.244733333333333,21.93123333333333,22.44043333333333,5,15,22.207266666666666,,,,,
allreduce,1n1g,,sycl_oneccl,512,2048,9.405163333333334,9.05431,9.491033333333334,5,15,9.354655333333334,,,,,
allreduce,1n1g,,sycl_oneccl_oshmpi,512,2048,16.4879,16.421366666666668,16.62356666666667,5,15,16.50416,,,,,
allreduce,1n1g,,cuda_mpi,1024,4096,23.610666666666667,23.408533333333335,23.677466666666668,5,15,23.555613333333334,,,,,
allreduce,1n1g,,cuda_nccl,1024,4096,8.373893333333333,8.073393333333334,8.4676,5,15,8.31762,,,,,
allreduce,1n1g,,cuda_nvshmem,1024,4096,8.104736666666666,7.995466666666667,8.25325,5,15,8.114734,,,,,
allreduce,1n1g,,oshmpi,1024,4096,8.41568,8.382403333333334,8.443863333333333,5,15,8.418094,,,,,
allreduce,1n1g,,sycl_mpi,1024,4096,23.5576,23.471933333333332,23.693733333333334,5,15,23.56926,,,,,
allreduce,1n1g,,sycl_oneccl,1024,4096,9.42757,9.408529999999999,9.503366666666667,5,15,9.447552,,,,,
allreduce,1n1g,,sycl_oneccl_oshmpi,1024,4096,17.097966666666668,17.0566,17.146833333333333,5,15,17.098940000000002,,,,,
allreduce,1n1g,,cuda_mpi,2048,8192,26.6306,26.22843333333333,26.898466666666668,5,15,26.583906666666667,,,,,
allreduce,1n1g,,cuda_nccl,2048,8192,8.423869999999999,8.163446666666667,8.538176666666667,5,15,8.406098,,,,,
allreduce,1n1g,,cuda_nvshmem,2048,8192,8.208576666666666,8.049876666666666,8.355203333333334,5,15,8.207087333333332,,,,,
allreduce,1n1g,,oshmpi,2048,8192,8.515933333333333,8.462456666666666,8.559736666666666,5,15,8.519593333333335,,,,,
allreduce,1n1g,,sycl_mpi,2048,8192,27.560433333333332,27.3934,27.875433333333334,5,15,27.63210666666667,,,,,
allreduce,1n1g,,sycl_oneccl,2048,8192,9.543363333333334,9.475923333333332,9.63151,5,15,9.550975333333334,,,,,
allreduce,1n1g,,sycl_oneccl_oshmpi,2048,8192,18.0552,17.9913,18.077366666666666,5,15,18.038,,,,,
allreduce,1n1g,,cuda_mpi,4096,16384,31.789633333333335,31.633966666666666,32.300266666666666,5,15,31.858866666666664,,,,,
allreduce,1n1g,,cuda_nccl,4096,16384,8.427363333333334,8.24968,8.55831,5,15,8.422955333333332,,,,,
allreduce,1n1g,,cuda_nvshmem,4096,16384,8.246343333333334,8.089573333333334,8.39766,5,15,8.235120666666667,,,,,
allreduce,1n1g,,oshmpi,4096,16384,8.549973333333334,8.508646666666667,8.614316666666667,5,15,8.557762,,,,,
allreduce,1n1g,,sycl_mpi,4096,16384,33.56316666666667,33.055233333333334,33.74613333333333,5,15,33.421326666666666,,,,,
allreduce,1n1g,,sycl_oneccl,4096,16384,9.561566666666666,9.522780000000001,9.665939999999999,5,15,9.580041333333332,,,,,
allreduce,1n1g,,sycl_oneccl_oshmpi,4096,16384,20.064833333333333,19.966099999999997,20.233766666666664,5,15,20.083953333333334,,,,,
allreduce,1n1g,,cuda_mpi,8192,32768,40.13263333333333,39.48133333333333,42.036366666666666,5,15,40.51358666666667,,,,,
allreduce,1n1g,,cuda_nccl,8192,32768,8.48919,8.295513333333334,8.585913333333334,5,15,8.458002666666667,,,,,
allreduce,1n1g,,cuda_nvshmem,8192,32768,8.302529999999999,8.09219,8.46724,5,15,8.295170666666667,,,,,
allreduce,1n1g,,oshmpi,8192,32768,8.642046666666667,8.623386666666667,8.671526666666667,5,15,8.649158,,,,,
allreduce,1n1g,,sycl_mpi,8192,32768,42.39966666666667,41.273066666666665,46.64723333333333,5,15,43.08909333333334,,,,,
allreduce,1n1g,,sycl_oneccl,8192,32768,9.565886666666666,9.499319999999999,9.683376666666666,5,15,9.573689333333334,,,,,
allreduce,1n1g,,sycl_oneccl_oshmpi,8192,32768,21.384366666666665,21.2428,22.186700000000002,5,15,21.655473333333337,,,,,
allreduce,1n1g,,cuda_mpi,16384,65536,60.726533333333336,59.489399999999996,61.867733333333334,5,15,60.861313333333335,,,,,
allreduce,1n1g,,cuda_nccl,16384,65536,8.554336666666666,8.32894,8.603743333333334,5,15,8.519868,,,,,
allreduce,1n1g,,cuda_nvshmem,16384,65536,8.296763333333333,8.162826666666666,8.478556666666666,5,15,8.307576000000001,,,,,
allreduce,1n1g,,oshmpi,16384,65536,8.68934,8.662493333333334,8.69619,5,15,8.680762,,,,,
allreduce,1n1g,,sycl_mpi,16384,65536,62.1128,61.21746666666667,64.29093333333333,5,15,62.46662666666667,,,,,
allreduce,1n1g,,sycl_oneccl,16384,65536,9.58281,9.547089999999999,9.646053333333334,5,15,9.596071333333333,,,,,
allreduce,1n1g,,sycl_oneccl_oshmpi,16384,65536,25.137533333333334,24.950766666666667,26.5506,5,15,25.628006666666668,,,,,
allreduce,1n1g,,cuda_mpi,32768,131072,95.8971,90.53303333333334,100.4215,5,15,95.43424666666667,,,,,
allreduce,1n1g,,cuda_nccl,32768,131072,8.647793333333333,8.48717,8.717823333333333,5,15,8.635222666666666,,,,,
allreduce,1n1g,,cuda_nvshmem,32768,131072,8.44411,8.24234,8.577476666666668,5,15,8.418552666666667,,,,,
allreduce,1n1g,,oshmpi,32768,131072,8.815226666666666,8.775833333333333,8.84346,5,15,8.811932,,,,,
allreduce,1n1g,,sycl_mpi,32768,131072,97.72776666666667,93.80073333333334,101.5847,5,15,97.97970666666667,,,,,
allreduce,1n1g,,sycl_oneccl,32768,131072,9.692666666666666,9.612906666666666,9.83783,5,15,9.712449333333332,,,,,
allreduce,1n1g,,sycl_oneccl_oshmpi,32768,131072,32.796933333333335,32.5314,35.7422,5,15,33.86013333333333,,,,,
allreduce,1n1g,,cuda_mpi,65536,262144,168.08666666666667,163.72566666666668,175.615,5,15,169.5146,,,,,
allreduce,1n1g,,cuda_nccl,65536,262144,8.777343333333333,8.636523333333333,8.865266666666667,5,15,8.762798,,,,,
allreduce,1n1g,,cuda_nvshmem,65536,262144,8.48437,8.387963333333333,8.682083333333333,5,15,8.508108,,,,,
allreduce,1n1g,,oshmpi,65536,262144,8.88165,8.831903333333333,8.932446666666667,5,15,8.886349333333333,,,,,
allreduce,1n1g,,sycl_mpi,65536,262144,170.44866666666667,167.19233333333332,174.569,5,15,170.41086666666666,,,,,
allreduce,1n1g,,sycl_oneccl,65536,262144,9.801866666666667,9.739226666666667,9.926093333333332,5,15,9.816816666666666,,,,,
allreduce,1n1g,,sycl_oneccl_oshmpi,65536,262144,48.358133333333335,47.975,54.1085,5,15,50.502966666666666,,,,,
allreduce,1n1g,,cuda_mpi,131072,524288,317.266,299.327,328.4836666666667,5,15,313.76213333333334,,,,,
allreduce,1n1g,,cuda_nccl,131072,524288,8.989226666666667,8.7118,9.010073333333333,5,15,8.932815333333334,,,,,
allreduce,1n1g,,cuda_nvshmem,131072,524288,8.76919,8.620523333333333,8.912460000000001,5,15,8.776889333333335,,,,,
allreduce,1n1g,,oshmpi,131072,524288,9.095066666666666,9.043793333333333,9.123496666666666,5,15,9.091966000000001,,,,,
allreduce,1n1g,,sycl_mpi,131072,524288,308.18966666666665,302.29066666666665,325.43666666666667,5,15,312.57933333333335,,,,,
allreduce,1n1g,,sycl_oneccl,131072,524288,10.064316666666667,10.0173,10.1538,5,15,10.081112,,,,,
allreduce,1n1g,,sycl_oneccl_oshmpi,131072,524288,80.42353333333334,79.85613333333333,91.4324,5,15,84.60347333333333,,,,,
allreduce,1n1g,,cuda_mpi,262144,1048576,540.967,526.794,575.9359999999999,5,15,547.1563333333332,,,,,
allreduce,1n1g,,cuda_nccl,262144,1048576,9.885886666666666,9.748633333333334,9.947306666666666,5,15,9.878286666666666,,,,,
allreduce,1n1g,,cuda_nvshmem,262144,1048576,9.395096666666667,9.266960000000001,9.655626666666667,5,15,9.424768,,,,,
allreduce,1n1g,,oshmpi,262144,1048576,9.95138,9.935503333333333,9.978769999999999,5,15,9.956472666666667,,,,,
allreduce,1n1g,,sycl_mpi,262144,1048576,547.55,528.2579999999999,571.63,5,15,548.8184666666667,,,,,
allreduce,1n1g,,sycl_oneccl,262144,1048576,10.966833333333334,10.921033333333334,11.061366666666666,5,15,10.984606666666668,,,,,
allreduce,1n1g,,sycl_oneccl_oshmpi,262144,1048576,152.21233333333333,150.928,169.74,5,15,158.42673333333332,,,,,
allreduce,1n1g,,cuda_mpi,524288,2097152,2411.08,2372.9866666666667,2705.08,5,15,2471.0840000000003,,,,,
allreduce,1n1g,,cuda_nccl,524288,2097152,10.716966666666666,10.453466666666667,10.8189,5,15,10.690133333333334,,,,,
allreduce,1n1g,,cuda_nvshmem,524288,2097152,10.161833333333334,9.97889,10.351433333333334,5,15,10.160311333333334,,,,,
allreduce,1n1g,,oshmpi,524288,2097152,10.698966666666667,10.656133333333333,10.780733333333334,5,15,10.708906666666667,,,,,
allreduce,1n1g,,sycl_mpi,524288,2097152,2405.4533333333334,2310.4366666666665,2639.86,5,15,2424.730666666667,,,,,
allreduce,1n1g,,sycl_oneccl,524288,2097152,11.758466666666667,11.666833333333333,11.8414,5,15,11.758826666666666,,,,,
allreduce,1n1g,,sycl_oneccl_oshmpi,524288,2097152,294.85066666666665,290.5096666666667,324.5316666666667,5,15,303.8086,,,,,
allreduce,1n1g,,cuda_mpi,1048576,4194304,4866.373333333333,4653.69,5537.006666666666,5,15,4947.081999999999,,,,,
allreduce,1n1g,,cuda_nccl,1048576,4194304,12.786200000000001,12.627833333333333,12.811666666666667,5,15,12.749066666666666,,,,,
allreduce,1n1g,,cuda_nvshmem,1048576,4194304,12.093066666666667,11.9653,12.419266666666667,5,15,12.144540000000001,,,,,
allreduce,1n1g,,oshmpi,1048576,4194304,12.796166666666666,12.742366666666667,12.878933333333334,5,15,12.799466666666666,,,,,
allreduce,1n1g,,sycl_mpi,1048576,4194304,4849.863333333334,4685.41,5111.1866666666665,5,15,4883.005999999999,,,,,
allreduce,1n1g,,sycl_oneccl,1048576,4194304,13.866633333333333,13.8164,13.9248,5,15,13.865806666666666,,,,,
allreduce,1n1g,,sycl_oneccl_oshmpi,1048576,4194304,582.3776666666666,572.8846666666667,636.5163333333334,5,15,597.6828,,,,,
allreduce,1n1g,,cuda_mpi,2097152,8388608,9769.543333333333,9441.19,11390.9,5,15,10138.135333333334,,,,,
allreduce,1n1g,,cuda_nccl,2097152,8388608,16.392033333333334,16.201366666666665,16.482066666666665,5,15,16.367526666666667,,,,,
allreduce,1n1g,,cuda_nvshmem,2097152,8388608,15.3009,15.244966666666667,15.7732,5,15,15.405773333333334,,,,,
allreduce,1n1g,,oshmpi,2097152,8388608,16.4672,16.462566666666667,16.55033333333333,5,15,16.485580000000002,,,,,
allreduce,1n1g,,sycl_mpi,2097152,8388608,9894.956666666667,9312.556666666667,10077.666666666666,5,15,9813.934666666668,,,,,
allreduce,1n1g,,sycl_oneccl,2097152,8388608,17.506666666666668,17.3961,17.5701,5,15,17.488273333333332,,,,,
allreduce,1n1g,,sycl_oneccl_oshmpi,2097152,8388608,1230.8799999999999,1167.8533333333332,1269.7066666666667,5,15,1226.1093333333333,,,,,
allreduce,1n1g,,cuda_mpi,4194304,16777216,20443.466666666667,20154.833333333336,22304.566666666666,5,15,20968.14,,,,,
allreduce,1n1g,,cuda_nccl,4194304,16777216,34.765033333333335,34.680233333333334,34.83503333333333,5,15,34.760106666666665,,,,,
allreduce,1n1g,,cuda_nvshmem,4194304,16777216,33.9964,33.8573,34.2002,5,15,34.02116,,,,,
allreduce,1n1g,,oshmpi,4194304,16777216,34.7935,34.666133333333335,34.813633333333335,5,15,34.773226666666666,,,,,
allreduce,1n1g,,sycl_mpi,4194304,16777216,20897.833333333332,19959.766666666666,21190.133333333335,5,15,20710.766666666666,,,,,
allreduce,1n1g,,sycl_oneccl,4194304,16777216,35.88406666666667,35.80526666666667,35.972166666666666,5,15,35.88220666666667,,,,,
allreduce,1n1g,,sycl_oneccl_oshmpi,4194304,16777216,3016.94,2841.15,3353.9133333333334,5,15,3042.774,,,,,
allreduce,1n2g,,cuda_mpi,1,4,13.1168,13.0,13.241333333333333,5,15,13.12134,,,,,
allreduce,1n2g,,cuda_nccl,1,4,15.601066666666666,15.392533333333333,15.702666666666667,5,15,15.580446666666667,,,,,
allreduce,1n2g,,cuda_nvshmem,1,4,15.611,15.2951,15.715133333333332,5,15,15.536493333333334,,,,,
allreduce,1n2g,,oshmpi,1,4,13.578933333333334,13.3323,14.3748,5,15,13.672500000000001,,,,,
allreduce,1n2g,,sycl_mpi,1,4,13.374,13.0185,13.459633333333333,5,15,13.298226666666666,,,,,
allreduce,1n2g,,sycl_oneccl,1,4,16.128733333333333,15.910633333333333,16.193666666666665,5,15,16.097293333333333,,,,,
allreduce,1n2g,,sycl_oneccl_oshmpi,1,4,18.3561,18.2755,18.4299,5,15,18.36568,,,,,
allreduce,1n2g,,cuda_mpi,2,8,13.0058,12.8711,13.1997,5,15,13.023946666666665,,,,,
allreduce,1n2g,,cuda_nccl,2,8,15.659933333333333,15.391733333333333,16.005966666666666,5,15,15.683493333333333,,,,,
allreduce,1n2g,,cuda_nvshmem,2,8,15.602766666666668,15.382533333333333,15.676733333333335,5,15,15.562313333333332,,,,,
allreduce,1n2g,,oshmpi,2,8,13.5101,13.2754,13.633033333333334,5,15,13.471353333333333,,,,,
allreduce,1n2g,,sycl_mpi,2,8,12.958433333333334,12.684066666666666,13.047633333333334,5,15,12.88788,,,,,
allreduce,1n2g,,sycl_oneccl,2,8,16.083233333333332,16.025366666666667,16.139533333333333,5,15,16.086306666666665,,,,,
allreduce,1n2g,,sycl_oneccl_oshmpi,2,8,18.140666666666664,18.056366666666666,18.358733333333333,5,15,18.173679999999997,,,,,
allreduce,1n2g,,cuda_mpi,4,16,11.177866666666667,11.094966666666666,11.2105,5,15,11.163493333333333,,,,,
allreduce,1n2g,,cuda_nccl,4,16,15.603666666666667,15.372166666666667,15.8136,5,15,15.57686,,,,,
allreduce,1n2g,,cuda_nvshmem,4,16,15.461933333333333,15.257233333333334,15.5678,5,15,15.436559999999998,,,,,
allreduce,1n2g,,oshmpi,4,16,11.6845,11.521133333333333,11.840766666666667,5,15,11.676893333333334,,,,,
allreduce,1n2g,,sycl_mpi,4,16,11.167433333333333,11.045066666666667,11.412866666666666,5,15,11.199286666666668,,,,,
allreduce,1n2g,,sycl_oneccl,4,16,16.062833333333334,15.959233333333334,16.323566666666668,5,15,16.090053333333334,,,,,
allreduce,1n2g,,sycl_oneccl_oshmpi,4,16,18.2689,18.072733333333336,18.332066666666666,5,15,18.218140000000002,,,,,
allreduce,1n2g,,cuda_mpi,8,32,11.857066666666666,11.760299999999999,12.005566666666667,5,15,11.890006666666666,,,,,
allreduce,1n2g,,cuda_nccl,8,32,15.6099,15.482666666666667,16.078400000000002,5,15,15.68452,,,,,
allreduce,1n2g,,cuda_nvshmem,8,32,15.4212,15.393733333333333,15.952566666666666,5,15,15.530759999999999,,,,,
allreduce,1n2g,,oshmpi,8,32,12.2981,12.054833333333333,12.394033333333333,5,15,12.259046666666668,,,,,
allreduce,1n2g,,sycl_mpi,8,32,11.847800000000001,11.674733333333334,11.924733333333334,5,15,11.82112,,,,,
allreduce,1n2g,,sycl_oneccl,8,32,16.46163333333333,16.291566666666668,16.588166666666666,5,15,16.433913333333333,,,,,
allreduce,1n2g,,sycl_oneccl_oshmpi,8,32,18.240733333333335,18.10066666666667,18.367766666666665,5,15,18.229573333333335,,,,,
allreduce,1n2g,,cuda_mpi,16,64,12.031666666666666,11.947366666666667,12.120466666666667,5,15,12.02518,,,,,
allreduce,1n2g,,cuda_nccl,16,64,15.531733333333333,15.434966666666666,15.760066666666667,5,15,15.574633333333335,,,,,
allreduce,1n2g,,cuda_nvshmem,16,64,15.5521,15.4211,15.670666666666666,5,15,15.5617,,,,,
allreduce,1n2g,,oshmpi,16,64,12.338466666666667,12.3103,12.669866666666666,5,15,12.41198,,,,,
allreduce,1n2g,,sycl_mpi,16,64,11.9405,11.867433333333333,12.055233333333334,5,15,11.953666666666667,,,,,
allreduce,1n2g,,sycl_oneccl,16,64,16.518,16.336266666666667,16.657966666666667,5,15,16.509953333333335,,,,,
allreduce,1n2g,,sycl_oneccl_oshmpi,16,64,18.2012,18.164333333333335,18.432366666666667,5,15,18.285266666666665,,,,,
allreduce,1n2g,,cuda_mpi,32,128,11.9124,11.812833333333334,12.063666666666666,5,15,11.927106666666667,,,,,
allreduce,1n2g,,cuda_nccl,32,128,15.602466666666666,15.480966666666667,15.750666666666666,5,15,15.601533333333332,,,,,
allreduce,1n2g,,cuda_nvshmem,32,128,15.529833333333332,15.4808,15.8437,5,15,15.611153333333334,,,,,
allreduce,1n2g,,oshmpi,32,128,12.263033333333333,12.2051,12.551333333333334,5,15,12.320926666666667,,,,,
allreduce,1n2g,,sycl_mpi,32,128,12.0638,11.6936,12.098166666666668,5,15,11.972573333333333,,,,,
allreduce,1n2g,,sycl_oneccl,32,128,16.3793,16.275533333333335,16.441399999999998,5,15,16.372246666666666,,,,,
allreduce,1n2g,,sycl_oneccl_oshmpi,32,128,18.477533333333334,18.235033333333334,18.839133333333333,5,15,18.543006666666667,,,,,
allreduce,1n2g,,cuda_mpi,64,256,12.2803,12.137933333333333,12.305866666666667,5,15,12.255533333333334,,,,,
allreduce,1n2g,,cuda_nccl,64,256,15.4663,15.301166666666667,15.5563,5,15,15.436853333333334,,,,,
allreduce,1n2g,,cuda_nvshmem,64,256,15.533766666666667,15.503133333333334,15.812633333333332,5,15,15.620133333333333,,,,,
allreduce,1n2g,,oshmpi,64,256,12.6449,12.494033333333332,13.1441,5,15,12.694613333333333,,,,,
allreduce,1n2g,,sycl_mpi,64,256,12.1922,12.035066666666667,12.415333333333333,5,15,12.220486666666666,,,,,
allreduce,1n2g,,sycl_oneccl,64,256,16.3312,16.233866666666668,16.416433333333334,5,15,16.322213333333334,,,,,
allreduce,1n2g,,sycl_oneccl_oshmpi,64,256,18.489133333333335,18.3916,18.8478,5,15,18.555453333333332,,,,,
allreduce,1n2g,,cuda_mpi,128,512,13.503533333333333,13.349566666666666,13.6597,5,15,13.512893333333333,,,,,
allreduce,1n2g,,cuda_nccl,128,512,15.416033333333333,15.291233333333334,15.601633333333332,5,15,15.432906666666666,,,,,
allreduce,1n2g,,cuda_nvshmem,128,512,15.3886,15.2539,15.5501,5,15,15.374773333333334,,,,,
allreduce,1n2g,,oshmpi,128,512,13.844933333333334,13.794233333333333,14.770733333333332,5,15,14.044453333333333,,,,,
allreduce,1n2g,,sycl_mpi,128,512,13.460033333333334,13.251,13.588566666666667,5,15,13.429586666666667,,,,,
allreduce,1n2g,,sycl_oneccl,128,512,16.292366666666666,16.216266666666666,16.396333333333335,5,15,16.30277333333333,,,,,
allreduce,1n2g,,sycl_oneccl_oshmpi,128,512,18.597266666666666,18.3525,18.6815,5,15,18.549686666666666,,,,,
allreduce,1n2g,,cuda_mpi,256,1024,19.220033333333333,19.1066,19.5262,5,15,19.25074,,,,,
allreduce,1n2g,,cuda_nccl,256,1024,15.668866666666666,15.616666666666667,15.8369,5,15,15.705433333333334,,,,,
allreduce,1n2g,,cuda_nvshmem,256,1024,15.671866666666666,15.5289,15.8004,5,15,15.678106666666666,,,,,
allreduce,1n2g,,oshmpi,256,1024,19.423166666666667,19.3919,19.608333333333334,5,15,19.4719,,,,,
allreduce,1n2g,,sycl_mpi,256,1024,19.157066666666665,18.8546,19.309633333333334,5,15,19.127959999999998,,,,,
allreduce,1n2g,,sycl_oneccl,256,1024,16.2856,16.134133333333335,16.385133333333332,5,15,16.28084666666667,,,,,
allreduce,1n2g,,sycl_oneccl_oshmpi,256,1024,18.813433333333332,18.662233333333333,19.104866666666666,5,15,18.858606666666667,,,,,
allreduce,1n2g,,cuda_mpi,512,2048,19.139266666666668,19.063533333333332,19.342133333333333,5,15,19.177513333333334,,,,,
allreduce,1n2g,,cuda_nccl,512,2048,15.695266666666667,15.640233333333333,15.805366666666666,5,15,15.713426666666667,,,,,
allreduce,1n2g,,cuda_nvshmem,512,2048,15.753166666666667,15.577733333333333,15.850733333333334,5,15,15.721513333333332,,,,,
allreduce,1n2g,,oshmpi,512,2048,19.518866666666668,19.435533333333332,19.7834,5,15,19.573,,,,,
allreduce,1n2g,,sycl_mpi,512,2048,19.147166666666667,18.867766666666668,19.28953333333333,5,15,19.11816,,,,,
allreduce,1n2g,,sycl_oneccl,512,2048,16.384433333333334,16.201533333333334,16.407533333333333,5,15,16.345926666666667,,,,,
allreduce,1n2g,,sycl_oneccl_oshmpi,512,2048,19.326066666666666,19.151333333333334,19.433466666666668,5,15,19.279886666666666,,,,,
allreduce,1n2g,,cuda_mpi,1024,4096,28.922833333333333,28.832666666666668,28.999366666666667,5,15,28.911373333333334,,,,,
allreduce,1n2g,,cuda_nccl,1024,4096,15.894066666666667,15.844100000000001,16.166566666666668,5,15,15.9561,,,,,
allreduce,1n2g,,cuda_nvshmem,1024,4096,15.881333333333334,15.809333333333333,16.0913,5,15,15.944893333333333,,,,,
allreduce,1n2g,,oshmpi,1024,4096,28.988400000000002,28.9159,29.2285,5,15,29.036153333333335,,,,,
allreduce,1n2g,,sycl_mpi,1024,4096,28.7123,28.449866666666665,28.85053333333333,5,15,28.69322,,,,,
allreduce,1n2g,,sycl_oneccl,1024,4096,16.644933333333334,16.508033333333334,16.859166666666667,5,15,16.666986666666666,,,,,
allreduce,1n2g,,sycl_oneccl_oshmpi,1024,4096,20.443066666666667,20.2396,20.850866666666665,5,15,20.53693333333333,,,,,
allreduce,1n2g,,cuda_mpi,2048,8192,29.158566666666665,29.102533333333334,29.275233333333333,5,15,29.189140000000002,,,,,
allreduce,1n2g,,cuda_nccl,2048,8192,16.918566666666667,16.836233333333332,17.12826666666667,5,15,16.961859999999998,,,,,
allreduce,1n2g,,cuda_nvshmem,2048,8192,16.665366666666667,16.422233333333335,16.7815,5,15,16.635806666666667,,,,,
allreduce,1n2g,,oshmpi,2048,8192,29.306366666666666,29.188833333333335,29.557366666666667,5,15,29.349933333333336,,,,,
allreduce,1n2g,,sycl_mpi,2048,8192,28.993166666666667,28.7702,29.0622,5,15,28.958573333333334,,,,,
allreduce,1n2g,,sycl_oneccl,2048,8192,17.513566666666666,17.4147,17.5915,5,15,17.515333333333334,,,,,
allreduce,1n2g,,sycl_oneccl_oshmpi,2048,8192,22.677533333333333,22.359833333333334,23.080633333333335,5,15,22.66956,,,,,
allreduce,1n2g,,cuda_mpi,4096,16384,29.720966666666666,29.558466666666668,29.798,5,15,29.67662,,,,,
allreduce,1n2g,,cuda_nccl,4096,16384,31.384166666666665,31.203833333333332,31.481666666666666,5,15,31.35589333333333,,,,,
allreduce,1n2g,,cuda_nvshmem,4096,16384,29.613833333333336,29.514333333333333,30.123066666666666,5,15,29.693646666666666,,,,,
allreduce,1n2g,,oshmpi,4096,16384,29.802466666666668,29.729733333333332,30.017966666666666,5,15,29.83,,,,,
allreduce,1n2g,,sycl_mpi,4096,16384,29.53043333333333,29.2657,29.71526666666667,5,15,29.54772,,,,,
allreduce,1n2g,,sycl_oneccl,4096,16384,18.816933333333335,18.7322,18.955833333333334,5,15,18.838639999999998,,,,,
allreduce,1n2g,,sycl_oneccl_oshmpi,4096,16384,28.555533333333333,28.465833333333332,28.966266666666666,5,15,28.67269333333333,,,,,
allreduce,1n2g,,cuda_mpi,8192,32768,29.794833333333333,29.69943333333333,29.810533333333332,5,15,29.776040000000002,,,,,
allreduce,1n2g,,cuda_nccl,8192,32768,37.4506,37.26786666666666,37.9689,5,15,37.57237333333333,,,,,
allreduce,1n2g,,cuda_nvshmem,8192,32768,34.88653333333333,34.878899999999994,35.64573333333333,5,15,35.04366666666667,,,,,
allreduce,1n2g,,oshmpi,8192,32768,30.011066666666668,29.712433333333333,30.032066666666665,5,15,29.942933333333333,,,,,
allreduce,1n2g,,sycl_mpi,8192,32768,29.656566666666667,29.416999999999998,30.219,5,15,29.728573333333333,,,,,
allreduce,1n2g,,sycl_oneccl,8192,32768,19.090799999999998,18.966866666666665,19.1702,5,15,19.094260000000002,,,,,
allreduce,1n2g,,sycl_oneccl_oshmpi,8192,32768,29.540866666666666,29.236,29.6619,5,15,29.49967333333333,,,,,
allreduce,1n2g,,cuda_mpi,16384,65536,30.3751,30.187833333333334,30.571766666666665,5,15,30.382226666666668,,,,,
allreduce,1n2g,,cuda_nccl,16384,65536,39.2888,39.22233333333333,39.588566666666665,5,15,39.35618,,,,,
allreduce,1n2g,,cuda_nvshmem,16384,65536,36.722966666666665,36.615899999999996,37.7015,5,15,37.01360666666667,,,,,
allreduce,1n2g,,oshmpi,16384,65536,30.630666666666666,30.601433333333333,30.750033333333334,5,15,30.65008,,,,,
allreduce,1n2g,,sycl_mpi,16384,65536,30.3471,29.9287,30.56126666666667,5,15,30.29596666666667,,,,,
allreduce,1n2g,,sycl_oneccl,16384,65536,19.618,19.493333333333332,19.711833333333335,5,15,19.624366666666667,,,,,
allreduce,1n2g,,sycl_oneccl_oshmpi,16384,65536,37.823499999999996,37.4285,38.03523333333334,5,15,37.746946666666666,,,,,
allreduce,1n2g,,cuda_mpi,32768,131072,30.9967,30.97683333333333,31.144266666666667,5,15,31.030160000000002,,,,,
allreduce,1n2g,,cuda_nccl,32768,131072,38.844433333333335,38.7379,39.5581,5,15,39.04038,,,,,
allreduce,1n2g,,cuda_nvshmem,32768,131072,36.52016666666667,36.24413333333334,37.32476666666667,5,15,36.72634,,,,,
allreduce,1n2g,,oshmpi,32768,131072,31.156833333333335,31.1234,31.549033333333334,5,15,31.235613333333333,,,,,
allreduce,1n2g,,sycl_mpi,32768,131072,30.854,30.701533333333334,30.9983,5,15,30.854566666666663,,,,,
allreduce,1n2g,,sycl_oneccl,32768,131072,21.639766666666667,21.352899999999998,21.875433333333334,5,15,21.66244,,,,,
allreduce,1n2g,,sycl_oneccl_oshmpi,32768,131072,53.2319,53.0546,53.854933333333335,5,15,53.308906666666665,,,,,
allreduce,1n2g,,cuda_mpi,65536,262144,32.58553333333333,32.53333333333333,32.79666666666667,5,15,32.62184,,,,,
allreduce,1n2g,,cuda_nccl,65536,262144,43.455200000000005,43.20943333333333,44.37433333333333,5,15,43.662940000000006,,,,,
allreduce,1n2g,,cuda_nvshmem,65536,262144,41.64366666666667,41.36663333333333,42.768,5,15,41.97435333333333,,,,,
allreduce,1n2g,,oshmpi,65536,262144,32.834666666666664,32.64183333333333,32.946333333333335,5,15,32.789093333333334,,,,,
allreduce,1n2g,,sycl_mpi,65536,262144,32.48663333333333,32.2545,32.612766666666666,5,15,32.45227333333333,,,,,
allreduce,1n2g,,sycl_oneccl,65536,262144,25.414933333333334,25.153399999999998,25.4504,5,15,25.369406666666666,,,,,
allreduce,1n2g,,sycl_oneccl_oshmpi,65536,262144,85.14346666666667,84.41376666666666,85.70986666666667,5,15,85.13528666666666,,,,,
allreduce,1n2g,,cuda_mpi,131072,524288,36.388533333333335,36.26846666666666,36.50256666666667,5,15,36.38562666666667,,,,,
allreduce,1n2g,,cuda_nccl,131072,524288,46.446733333333334,46.292899999999996,46.7876,5,15,46.54216666666666,,,,,
allreduce,1n2g,,cuda_nvshmem,131072,524288,44.89946666666667,44.370266666666666,45.53496666666666,5,15,44.880086666666664,,,,,
allreduce,1n2g,,oshmpi,131072,524288,36.5801,36.10203333333333,36.68333333333333,5,15,36.46243333333334,,,,,
allreduce,1n2g,,sycl_mpi,131072,524288,36.281866666666666,36.0531,36.53586666666667,5,15,36.271253333333334,,,,,
allreduce,1n2g,,sycl_oneccl,131072,524288,33.0874,32.911566666666666,33.38093333333333,5,15,33.09282666666667,,,,,
allreduce,1n2g,,sycl_oneccl_oshmpi,131072,524288,150.04833333333332,147.752,150.50833333333335,5,15,149.50446666666667,,,,,
allreduce,1n2g,,cuda_mpi,262144,1048576,42.4444,42.26423333333333,42.86193333333333,5,15,42.482573333333335,,,,,
allreduce,1n2g,,cuda_nccl,262144,1048576,53.993833333333335,53.701933333333336,54.579166666666666,5,15,54.040679999999995,,,,,
allreduce,1n2g,,cuda_nvshmem,262144,1048576,51.50053333333334,51.2179,52.50066666666667,5,15,51.740033333333336,,,,,
allreduce,1n2g,,oshmpi,262144,1048576,42.704433333333334,42.042100000000005,42.81706666666667,5,15,42.59644,,,,,
allreduce,1n2g,,sycl_mpi,262144,1048576,42.340066666666665,42.160066666666665,42.47946666666667,5,15,42.305913333333336,,,,,
allreduce,1n2g,,sycl_oneccl,262144,1048576,57.057,56.735866666666666,57.22663333333333,5,15,56.996986666666665,,,,,
allreduce,1n2g,,sycl_oneccl_oshmpi,262144,1048576,271.21666666666664,268.85566666666665,271.58233333333334,5,15,270.5455333333333,,,,,
allreduce,1n2g,,cuda_mpi,524288,2097152,54.80746666666667,54.626933333333334,55.085033333333335,5,15,54.844026666666664,,,,,
allreduce,1n2g,,cuda_nccl,524288,2097152,68.9887,67.73866666666666,69.14256666666667,5,15,68.75939333333334,,,,,
allreduce,1n2g,,cuda_nvshmem,524288,2097152,65.3669,64.9316,66.56193333333334,5,15,65.65630666666667,,,,,
allreduce,1n2g,,oshmpi,524288,2097152,54.95656666666667,54.51943333333333,55.284166666666664,5,15,54.95249333333334,,,,,
allreduce,1n2g,,sycl_mpi,524288,2097152,54.69343333333333,54.42633333333333,54.923966666666665,5,15,54.65536,,,,,
allreduce,1n2g,,sycl_oneccl,524288,2097152,72.60326666666667,71.89813333333333,73.40163333333334,5,15,72.62739333333334,,,,,
allreduce,1n2g,,sycl_oneccl_oshmpi,524288,2097152,485.86833333333334,482.39233333333334,489.293,5,15,485.9062666666667,,,,,
allreduce,1n2g,,cuda_mpi,1048576,4194304,80.0179,79.76756666666667,80.47016666666667,5,15,80.07404,,,,,
allreduce,1n2g,,cuda_nccl,1048576,4194304,98.37556666666667,97.8395,98.81766666666667,5,15,98.40429999999999,,,,,
allreduce,1n2g,,cuda_nvshmem,1048576,4194304,94.9115,94.46896666666667,96.2676,5,15,95.19239333333333,,,,,
allreduce,1n2g,,oshmpi,1048576,4194304,80.31276666666668,79.74613333333333,80.49056666666667,5,15,80.22234666666667,,,,,
allreduce,1n2g,,sycl_mpi,1048576,4194304,79.79899999999999,79.5714,80.05183333333333,5,15,79.80988,,,,,
allreduce,1n2g,,sycl_oneccl,1048576,4194304,102.31766666666667,101.855,102.75233333333334,5,15,102.26526666666668,,,,,
allreduce,1n2g,,sycl_oneccl_oshmpi,1048576,4194304,957.599,914.5183333333333,978.2546666666666,5,15,948.3937999999999,,,,,
allreduce,1n2g,,cuda_mpi,2097152,8388608,130.26266666666666,129.962,131.59033333333335,5,15,130.48073333333335,,,,,
allreduce,1n2g,,cuda_nccl,2097152,8388608,165.29366666666667,165.10366666666667,165.63566666666665,5,15,165.33053333333334,,,,,
allreduce,1n2g,,cuda_nvshmem,2097152,8388608,161.60366666666667,161.186,163.536,5,15,161.9958,,,,,
allreduce,1n2g,,oshmpi,2097152,8388608,130.44666666666666,129.98633333333333,130.58233333333334,5,15,130.35786666666667,,,,,
allreduce,1n2g,,sycl_mpi,2097152,8388608,129.99066666666667,129.72966666666667,130.06466666666668,5,15,129.91,,,,,
allreduce,1n2g,,sycl_oneccl,2097152,8388608,171.963,171.48533333333333,173.14766666666668,5,15,172.14339999999999,,,,,
allreduce,1n2g,,sycl_oneccl_oshmpi,2097152,8388608,2293.33,2077.0,2306.4300000000003,5,15,2217.6833333333334,,,,,
allreduce,1n2g,,cuda_mpi,4194304,16777216,232.85666666666668,232.754,243.81799999999998,5,15,235.42313333333334,,,,,
allreduce,1n2g,,cuda_nccl,4194304,16777216,292.773,292.311,293.418,5,15,292.8222666666667,,,,,
allreduce,1n2g,,cuda_nvshmem,4194304,16777216,288.08033333333333,287.6463333333333,289.61033333333336,5,15,288.34680000000003,,,,,
allreduce,1n2g,,oshmpi,4194304,16777216,233.31733333333332,233.171,233.664,5,15,233.35433333333333,,,,,
allreduce,1n2g,,sycl_mpi,4194304,16777216,232.57133333333334,232.27166666666668,232.88233333333332,5,15,232.6048,,,,,
allreduce,1n2g,,sycl_oneccl,4194304,16777216,299.281,298.341,302.48966666666666,5,15,300.02833333333336,,,,,
allreduce,1n2g,,sycl_oneccl_oshmpi,4194304,16777216,5161.096666666666,4798.303333333333,5221.086666666667,5,15,5042.734666666667,,,,,
allreduce,1n4g,,cuda_mpi,1,4,19.659299999999998,19.621466666666667,20.049266666666668,5,15,19.73481333333333,,,,,
allreduce,1n4g,,cuda_nccl,1,4,18.134266666666665,18.0472,22.549566666666667,5,15,19.511173333333332,,,,,
allreduce,1n4g,,cuda_nvshmem,1,4,18.8126,18.224,27.216966666666668,5,15,21.758073333333336,,,,,
allreduce,1n4g,,oshmpi,1,4,20.259,19.867800000000003,20.395333333333333,5,15,20.158720000000002,,,,,
allreduce,1n4g,,sycl_mpi,1,4,20.1272,20.024566666666665,20.204666666666665,5,15,20.106460000000002,,,,,
allreduce,1n4g,,sycl_oneccl,1,4,18.6983,18.6255,18.826633333333334,5,15,18.71154,,,,,
allreduce,1n4g,,sycl_oneccl_oshmpi,1,4,18.7079,18.682133333333333,18.714333333333332,5,15,18.702293333333333,,,,,
allreduce,1n4g,,cuda_mpi,2,8,19.054933333333334,18.577533333333335,19.247766666666667,5,15,19.001906666666667,,,,,
allreduce,1n4g,,cuda_nccl,2,8,19.401833333333332,18.1774,20.1774,5,15,19.09094,,,,,
allreduce,1n4g,,cuda_nvshmem,2,8,19.281866666666666,18.470533333333336,24.081300000000002,5,15,20.13230666666667,,,,,
allreduce,1n4g,,oshmpi,2,8,19.224433333333334,19.0925,19.364466666666665,5,15,19.225653333333334,,,,,
allreduce,1n4g,,sycl_mpi,2,8,18.871866666666666,18.8059,19.2616,5,15,18.966713333333335,,,,,
allreduce,1n4g,,sycl_oneccl,2,8,18.693233333333332,18.635099999999998,18.7165,5,15,18.68428,,,,,
allreduce,1n4g,,sycl_oneccl_oshmpi,2,8,18.548666666666666,18.481433333333335,18.592666666666666,5,15,18.54188,,,,,
allreduce,1n4g,,cuda_mpi,4,16,15.522266666666667,14.572366666666666,16.172333333333334,5,15,15.384780000000001,,,,,
allreduce,1n4g,,cuda_nccl,4,16,19.396766666666668,18.185766666666666,23.190466666666666,5,15,19.96101333333333,,,,,
allreduce,1n4g,,cuda_nvshmem,4,16,19.043266666666668,18.2493,26.142500000000002,5,15,21.170506666666665,,,,,
allreduce,1n4g,,oshmpi,4,16,14.909466666666667,14.7655,16.033233333333335,5,15,15.118913333333333,,,,,
allreduce,1n4g,,sycl_mpi,4,16,15.042833333333332,14.394233333333334,15.5718,5,15,14.995473333333333,,,,,
allreduce,1n4g,,sycl_oneccl,4,16,18.735833333333332,18.661833333333334,18.760933333333334,5,15,18.719293333333333,,,,,
allreduce,1n4g,,sycl_oneccl_oshmpi,4,16,18.525966666666665,18.4176,18.7182,5,15,18.556933333333333,,,,,
allreduce,1n4g,,cuda_mpi,8,32,16.866566666666667,16.6625,16.998166666666666,5,15,16.863686666666666,,,,,
allreduce,1n4g,,cuda_nccl,8,32,18.10033333333333,18.004833333333334,20.316433333333332,5,15,18.69682,,,,,
allreduce,1n4g,,cuda_nvshmem,8,32,18.513133333333332,18.387900000000002,18.911933333333334,5,15,18.578986666666665,,,,,
allreduce,1n4g,,oshmpi,8,32,17.308,16.82786666666667,17.4422,5,15,17.188733333333335,,,,,
allreduce,1n4g,,sycl_mpi,8,32,17.0319,16.634866666666667,17.2365,5,15,16.93836,,,,,
allreduce,1n4g,,sycl_oneccl,8,32,19.376466666666666,19.34573333333333,19.396933333333333,5,15,19.374246666666668,,,,,
allreduce,1n4g,,sycl_oneccl_oshmpi,8,32,18.4909,18.410800000000002,18.577166666666667,5,15,18.49464,,,,,
allreduce,1n4g,,cuda_mpi,16,64,17.406533333333336,17.3523,18.1509,5,15,17.56685333333333,,,,,
allreduce,1n4g,,cuda_nccl,16,64,18.097433333333335,18.032066666666665,18.809366666666666,5,15,18.22594666666667,,,,,
allreduce,1n4g,,cuda_nvshmem,16,64,18.628333333333334,18.523933333333336,19.51493333333333,5,15,18.792826666666667,,,,,
allreduce,1n4g,,oshmpi,16,64,18.03996666666667,17.642666666666667,18.1696,5,15,17.92872,,,,,
allreduce,1n4g,,sycl_mpi,16,64,17.288866666666667,17.009933333333333,17.674933333333332,5,15,17.33243333333333,,,,,
allreduce,1n4g,,sycl_oneccl,16,64,20.7437,20.660866666666667,20.851633333333332,5,15,20.748013333333333,,,,,
allreduce,1n4g,,sycl_oneccl_oshmpi,16,64,18.534566666666667,18.403266666666667,18.5627,5,15,18.514059999999997,,,,,
allreduce,1n4g,,cuda_mpi,32,128,17.185133333333333,16.9378,17.450133333333333,5,15,17.163346666666666,,,,,
allreduce,1n4g,,cuda_nccl,32,128,18.009866666666667,17.9059,20.546966666666666,5,15,18.68075333333333,,,,,
allreduce,1n4g,,cuda_nvshmem,32,128,18.630266666666667,18.205733333333335,19.098733333333335,5,15,18.654053333333334,,,,,
allreduce,1n4g,,oshmpi,32,128,17.558433333333333,17.5478,17.744433333333333,5,15,17.612306666666665,,,,,
allreduce,1n4g,,sycl_mpi,32,128,17.1952,17.003666666666664,17.834866666666667,5,15,17.355306666666664,,,,,
allreduce,1n4g,,sycl_oneccl,32,128,20.655433333333335,20.5964,20.7388,5,15,20.660413333333334,,,,,
allreduce,1n4g,,sycl_oneccl_oshmpi,32,128,18.658,18.5409,19.154266666666665,5,15,18.725579999999997,,,,,
allreduce,1n4g,,cuda_mpi,64,256,17.7299,17.2927,18.498866666666668,5,15,17.81581333333333,,,,,
allreduce,1n4g,,cuda_nccl,64,256,18.059066666666666,17.911066666666667,19.425,5,15,18.35305333333333,,,,,
allreduce,1n4g,,cuda_nvshmem,64,256,18.845333333333333,18.1724,20.0638,5,15,19.148986666666666,,,,,
allreduce,1n4g,,oshmpi,64,256,18.095633333333332,17.7932,18.4568,5,15,18.09812,,,,,
allreduce,1n4g,,sycl_mpi,64,256,17.851133333333333,17.5983,18.212466666666668,5,15,17.863406666666666,,,,,
allreduce,1n4g,,sycl_oneccl,64,256,20.679966666666665,20.651733333333333,20.8033,5,15,20.698393333333335,,,,,
allreduce,1n4g,,sycl_oneccl_oshmpi,64,256,18.767,18.657466666666668,18.819333333333333,5,15,18.757740000000002,,,,,
allreduce,1n4g,,cuda_mpi,128,512,21.181066666666666,20.6049,21.9345,5,15,21.243333333333332,,,,,
allreduce,1n4g,,cuda_nccl,128,512,18.4912,17.9805,19.4871,5,15,18.5823,,,,,
allreduce,1n4g,,cuda_nvshmem,128,512,18.898699999999998,18.321233333333332,21.598466666666667,5,15,19.33894666666667,,,,,
allreduce,1n4g,,oshmpi,128,512,21.5119,21.26096666666667,22.768833333333333,5,15,21.68856,,,,,
allreduce,1n4g,,sycl_mpi,128,512,21.25326666666667,20.756800000000002,21.590700000000002,5,15,21.222593333333336,,,,,
allreduce,1n4g,,sycl_oneccl,128,512,20.697066666666668,20.691666666666666,20.732566666666667,5,15,20.705379999999998,,,,,
allreduce,1n4g,,sycl_oneccl_oshmpi,128,512,19.018,18.9252,19.156266666666667,5,15,19.01184,,,,,
allreduce,1n4g,,cuda_mpi,256,1024,25.531566666666667,25.494466666666668,25.9928,5,15,25.627886666666665,,,,,
allreduce,1n4g,,cuda_nccl,256,1024,18.671966666666666,18.6445,19.600266666666666,5,15,18.90029333333333,,,,,
allreduce,1n4g,,cuda_nvshmem,256,1024,19.123033333333336,18.858766666666668,20.255533333333332,5,15,19.297226666666667,,,,,
allreduce,1n4g,,oshmpi,256,1024,26.222166666666666,26.128966666666667,26.410999999999998,5,15,26.26296,,,,,
allreduce,1n4g,,sycl_mpi,256,1024,25.527966666666668,25.3664,25.741966666666666,5,15,25.56214,,,,,
allreduce,1n4g,,sycl_oneccl,256,1024,20.3881,20.327933333333334,20.438466666666667,5,15,20.37814,,,,,
allreduce,1n4g,,sycl_oneccl_oshmpi,256,1024,19.331866666666667,19.198566666666665,19.486633333333334,5,15,19.363726666666665,,,,,
allreduce,1n4g,,cuda_mpi,512,2048,25.599133333333334,25.501233333333335,26.0172,5,15,25.661620000000003,,,,,
allreduce,1n4g,,cuda_nccl,512,2048,19.078133333333334,19.005333333333333,19.975666666666665,5,15,19.243286666666666,,,,,
allreduce,1n4g,,cuda_nvshmem,512,2048,19.502366666666667,19.473666666666666,19.598,5,15,19.522513333333332,,,,,
allreduce,1n4g,,oshmpi,512,2048,25.975933333333334,25.9217,26.1361,5,15,26.00808,,,,,
allreduce,1n4g,,sycl_mpi,512,2048,25.73143333333333,25.4979,25.8081,5,15,25.683226666666666,,,,,
allreduce,1n4g,,sycl_oneccl,512,2048,20.389333333333333,20.2808,20.407066666666665,5,15,20.359846666666666,,,,,
allreduce,1n4g,,sycl_oneccl_oshmpi,512,2048,19.701166666666666,19.6527,19.74106666666667,5,15,19.699166666666667,,,,,
allreduce,1n4g,,cuda_mpi,1024,4096,56.4903,56.35653333333333,56.634933333333336,5,15,56.48099333333333,,,,,
allreduce,1n4g,,cuda_nccl,1024,4096,19.756333333333334,19.585766666666668,19.97423333333333,5,15,19.762453333333333,,,,,
allreduce,1n4g,,cuda_nvshmem,1024,4096,20.316033333333333,20.114766666666668,20.3398,5,15,20.27446666666667,,,,,
allreduce,1n4g,,oshmpi,1024,4096,57.081833333333336,56.9607,57.310700000000004,5,15,57.108266666666665,,,,,
allreduce,1n4g,,sycl_mpi,1024,4096,56.560066666666664,56.396433333333334,56.70803333333333,5,15,56.5484,,,,,
allreduce,1n4g,,sycl_oneccl,1024,4096,20.570166666666665,20.484866666666665,20.596866666666667,5,15,20.556966666666664,,,,,
allreduce,1n4g,,sycl_oneccl_oshmpi,1024,4096,21.013,20.906766666666666,21.0673,5,15,21.006473333333336,,,,,
allreduce,1n4g,,cuda_mpi,2048,8192,56.74993333333333,56.63576666666667,57.3913,5,15,56.84052,,,,,
allreduce,1n4g,,cuda_nccl,2048,8192,20.4248,20.3817,21.100133333333332,5,15,20.5498,,,,,
allreduce,1n4g,,cuda_nvshmem,2048,8192,20.9553,20.827,20.981033333333333,5,15,20.92894666666667,,,,,
allreduce,1n4g,,oshmpi,2048,8192,57.54226666666667,57.43183333333333,58.0763,5,15,57.64353333333334,,,,,
allreduce,1n4g,,sycl_mpi,2048,8192,56.72503333333333,56.63333333333333,57.64553333333333,5,15,56.96595333333333,,,,,
allreduce,1n4g,,sycl_oneccl,2048,8192,20.906066666666668,20.851766666666666,20.992766666666668,5,15,20.908873333333336,,,,,
allreduce,1n4g,,sycl_oneccl_oshmpi,2048,8192,23.431833333333334,23.3132,23.539066666666667,5,15,23.42444,,,,,
allreduce,1n4g,,cuda_mpi,4096,16384,57.474133333333334,57.35483333333333,57.841766666666665,5,15,57.551159999999996,,,,,
allreduce,1n4g,,cuda_nccl,4096,16384,22.142500000000002,22.11766666666667,22.227800000000002,5,15,22.15942666666667,,,,,
allreduce,1n4g,,cuda_nvshmem,4096,16384,22.594633333333334,22.586666666666666,22.998933333333333,5,15,22.69724,,,,,
allreduce,1n4g,,oshmpi,4096,16384,58.38216666666667,57.997233333333334,58.415733333333336,5,15,58.289253333333335,,,,,
allreduce,1n4g,,sycl_mpi,4096,16384,57.685566666666666,57.44603333333333,57.791133333333335,5,15,57.63523333333333,,,,,
allreduce,1n4g,,sycl_oneccl,4096,16384,22.682666666666666,22.6194,22.793966666666666,5,15,22.693493333333333,,,,,
allreduce,1n4g,,sycl_oneccl_oshmpi,4096,16384,31.0509,30.892733333333332,31.3501,5,15,31.060093333333334,,,,,
allreduce,1n4g,,cuda_mpi,8192,32768,58.20656666666667,58.0414,58.416533333333334,5,15,58.2109,,,,,
allreduce,1n4g,,cuda_nccl,8192,32768,23.236766666666668,23.1402,23.276966666666667,5,15,23.230386666666668,,,,,
allreduce,1n4g,,cuda_nvshmem,8192,32768,23.527933333333333,23.450333333333333,23.6774,5,15,23.54896666666667,,,,,
allreduce,1n4g,,oshmpi,8192,32768,58.988933333333335,58.94506666666667,59.187266666666666,5,15,59.01645333333333,,,,,
allreduce,1n4g,,sycl_mpi,8192,32768,58.3685,58.23896666666666,58.42476666666666,5,15,58.35581333333333,,,,,
allreduce,1n4g,,sycl_oneccl,8192,32768,24.0015,23.844566666666665,24.009833333333333,5,15,23.943646666666666,,,,,
allreduce,1n4g,,sycl_oneccl_oshmpi,8192,32768,34.87096666666667,34.695366666666665,35.1058,5,15,34.87247333333333,,,,,
allreduce,1n4g,,cuda_mpi,16384,65536,58.8446,58.7614,58.9385,5,15,58.84408666666666,,,,,
allreduce,1n4g,,cuda_nccl,16384,65536,23.734133333333332,23.7181,23.84776666666667,5,15,23.753013333333335,,,,,
allreduce,1n4g,,cuda_nvshmem,16384,65536,23.8342,23.738966666666666,24.6323,5,15,23.980106666666664,,,,,
allreduce,1n4g,,oshmpi,16384,65536,59.66693333333333,59.483333333333334,59.74563333333333,5,15,59.651500000000006,,,,,
allreduce,1n4g,,sycl_mpi,16384,65536,58.94806666666666,58.81186666666667,59.33593333333334,5,15,58.98126,,,,,
allreduce,1n4g,,sycl_oneccl,16384,65536,24.197833333333335,24.119266666666665,24.248033333333336,5,15,24.199846666666666,,,,,
allreduce,1n4g,,sycl_oneccl_oshmpi,16384,65536,44.709833333333336,44.57346666666667,45.06,5,15,44.765813333333334,,,,,
allreduce,1n4g,,cuda_mpi,32768,131072,59.696933333333334,59.42693333333333,59.86236666666667,5,15,59.685759999999995,,,,,
allreduce,1n4g,,cuda_nccl,32768,131072,24.357166666666668,24.3182,24.994533333333333,5,15,24.480900000000002,,,,,
allreduce,1n4g,,cuda_nvshmem,32768,131072,24.552599999999998,24.322333333333333,24.598933333333335,5,15,24.49988,,,,,
allreduce,1n4g,,oshmpi,32768,131072,60.60576666666667,60.309866666666665,60.838766666666665,5,15,60.60463333333333,,,,,
allreduce,1n4g,,sycl_mpi,32768,131072,59.76753333333333,59.6877,59.99936666666667,5,15,59.81184666666666,,,,,
allreduce,1n4g,,sycl_oneccl,32768,131072,24.7339,24.592133333333333,24.745233333333335,5,15,24.70274,,,,,
allreduce,1n4g,,sycl_oneccl_oshmpi,32768,131072,64.68983333333333,64.65543333333333,65.0316,5,15,64.8062,,,,,
allreduce,1n4g,,cuda_mpi,65536,262144,62.9616,62.87003333333333,63.18513333333333,5,15,62.99333333333333,,,,,
allreduce,1n4g,,cuda_nccl,65536,262144,26.027033333333332,25.850733333333334,26.0683,5,15,25.970206666666666,,,,,
allreduce,1n4g,,cuda_nvshmem,65536,262144,26.404733333333333,26.0081,27.040399999999998,5,15,26.45408666666667,,,,,
allreduce,1n4g,,oshmpi,65536,262144,63.78703333333333,63.523399999999995,63.92333333333333,5,15,63.76366666666666,,,,,
allreduce,1n4g,,sycl_mpi,65536,262144,63.07246666666667,62.878233333333334,63.448366666666665,5,15,63.12059333333333,,,,,
allreduce,1n4g,,sycl_oneccl,65536,262144,26.513433333333335,26.293733333333332,26.8815,5,15,26.572433333333333,,,,,
allreduce,1n4g,,sycl_oneccl_oshmpi,65536,262144,105.81266666666666,105.542,106.332,5,15,105.91499999999999,,,,,
allreduce,1n4g,,cuda_mpi,131072,524288,68.08773333333333,67.97733333333333,68.4238,5,15,68.14656,,,,,
allreduce,1n4g,,cuda_nccl,131072,524288,32.353966666666665,32.12383333333334,32.7529,5,15,32.394906666666664,,,,,
allreduce,1n4g,,cuda_nvshmem,131072,524288,32.35016666666667,31.6645,32.785666666666664,5,15,32.24899333333333,,,,,
allreduce,1n4g,,oshmpi,131072,524288,68.65,68.29610000000001,69.0934,5,15,68.65684666666667,,,,,
allreduce,1n4g,,sycl_mpi,131072,524288,68.4685,68.16539999999999,69.10293333333333,5,15,68.54456666666667,,,,,
allreduce,1n4g,,sycl_oneccl,131072,524288,31.5776,31.185766666666666,31.9055,5,15,31.537966666666666,,,,,
allreduce,1n4g,,sycl_oneccl_oshmpi,131072,524288,183.629,181.578,185.33766666666668,5,15,183.4906,,,,,
allreduce,1n4g,,cuda_mpi,262144,1048576,77.58283333333334,76.9504,77.84273333333334,5,15,77.4088,,,,,
allreduce,1n4g,,cuda_nccl,262144,1048576,53.030633333333334,52.7541,53.8603,5,15,53.156299999999995,,,,,
allreduce,1n4g,,cuda_nvshmem,262144,1048576,52.9005,52.368066666666664,53.3395,5,15,52.873106666666665,,,,,
allreduce,1n4g,,oshmpi,262144,1048576,78.1317,77.86563333333334,78.53096666666667,5,15,78.11008666666666,,,,,
allreduce,1n4g,,sycl_mpi,262144,1048576,77.1559,76.9147,77.63096666666667,5,15,77.2554,,,,,
allreduce,1n4g,,sycl_oneccl,262144,1048576,40.40363333333333,40.32033333333333,40.83273333333333,5,15,40.504106666666665,,,,,
allreduce,1n4g,,sycl_oneccl_oshmpi,262144,1048576,334.478,333.95933333333335,337.803,5,15,335.24859999999995,,,,,
allreduce,1n4g,,cuda_mpi,524288,2097152,97.9323,97.55796666666667,97.99583333333334,5,15,97.81963999999999,,,,,
allreduce,1n4g,,cuda_nccl,524288,2097152,64.76073333333333,64.15196666666667,64.94743333333334,5,15,64.67174,,,,,
allreduce,1n4g,,cuda_nvshmem,524288,2097152,65.46766666666667,64.86449999999999,65.8459,5,15,65.47922,,,,,
allreduce,1n4g,,oshmpi,524288,2097152,98.8202,98.6013,99.6762,5,15,98.98906000000001,,,,,
allreduce,1n4g,,sycl_mpi,524288,2097152,97.953,97.78133333333334,98.31530000000001,5,15,97.98836,,,,,
allreduce,1n4g,,sycl_oneccl,524288,2097152,62.2086,61.67273333333333,62.376133333333335,5,15,62.101326666666665,,,,,
allreduce,1n4g,,sycl_oneccl_oshmpi,524288,2097152,651.2803333333334,647.2576666666666,658.65,5,15,652.0186,,,,,
allreduce,1n4g,,cuda_mpi,1048576,4194304,135.69733333333332,134.72966666666667,136.15233333333333,5,15,135.51346666666666,,,,,
allreduce,1n4g,,cuda_nccl,1048576,4194304,91.2061,91.00696666666667,91.72916666666667,5,15,91.34648666666666,,,,,
allreduce,1n4g,,cuda_nvshmem,1048576,4194304,91.24256666666666,90.89023333333334,91.6609,5,15,91.30750666666667,,,,,
allreduce,1n4g,,oshmpi,1048576,4194304,135.96166666666667,135.404,136.05166666666668,5,15,135.78153333333333,,,,,
allreduce,1n4g,,sycl_mpi,1048576,4194304,135.71866666666668,135.32733333333334,136.349,5,15,135.82006666666666,,,,,
allreduce,1n4g,,sycl_oneccl,1048576,4194304,91.9694,91.65883333333333,92.09096666666666,5,15,91.91163333333334,,,,,
allreduce,1n4g,,sycl_oneccl_oshmpi,1048576,4194304,1216.5866666666666,1210.8400000000001,1244.2533333333333,5,15,1221.3246666666666,,,,,
allreduce,1n4g,,cuda_mpi,2097152,8388608,210.17533333333333,209.112,210.25933333333333,5,15,209.832,,,,,
allreduce,1n4g,,cuda_nccl,2097152,8388608,123.279,123.03033333333333,123.43566666666666,5,15,123.27693333333333,,,,,
allreduce,1n4g,,cuda_nvshmem,2097152,8388608,123.29299999999999,121.979,124.23333333333333,5,15,123.15306666666667,,,,,
allreduce,1n4g,,oshmpi,2097152,8388608,210.48833333333334,210.44666666666666,210.95933333333335,5,15,210.59973333333335,,,,,
allreduce,1n4g,,sycl_mpi,2097152,8388608,209.42433333333332,209.284,210.85233333333335,5,15,209.80313333333334,,,,,
allreduce,1n4g,,sycl_oneccl,2097152,8388608,132.22,131.99266666666668,132.43433333333334,5,15,132.1992,,,,,
allreduce,1n4g,,sycl_oneccl_oshmpi,2097152,8388608,2720.6633333333334,2708.96,2760.55,5,15,2725.6766666666667,,,,,
allreduce,1n4g,,cuda_mpi,4194304,16777216,361.12166666666667,361.0076666666667,366.896,5,15,362.3538,,,,,
allreduce,1n4g,,cuda_nccl,4194304,16777216,197.13366666666667,196.27533333333332,197.64000000000001,5,15,197.01313333333334,,,,,
allreduce,1n4g,,cuda_nvshmem,4194304,16777216,196.18766666666667,195.54033333333334,197.69066666666666,5,15,196.4324,,,,,
allreduce,1n4g,,oshmpi,4194304,16777216,364.343,364.11066666666665,364.643,5,15,364.3409333333333,,,,,
allreduce,1n4g,,sycl_mpi,4194304,16777216,361.174,361.126,361.762,5,15,361.33259999999996,,,,,
allreduce,1n4g,,sycl_oneccl,4194304,16777216,213.107,212.476,213.30866666666668,5,15,213.0218,,,,,
allreduce,1n4g,,sycl_oneccl_oshmpi,4194304,16777216,6508.6866666666665,6485.166666666667,6543.64,5,15,6510.008666666667,,,,,
allreduce,2n1g,,cuda_mpi,1,4,13.751433333333333,13.51,17.3773,5,15,14.4308,,,,,
allreduce,2n1g,,cuda_nccl,1,4,21.379866666666665,20.189666666666668,21.490366666666667,5,15,21.143726666666666,,,,,
allreduce,2n1g,,cuda_nvshmem,1,4,21.461033333333333,19.623233333333335,24.284599999999998,5,15,21.695213333333335,,,,,
allreduce,2n1g,,oshmpi,1,4,13.781866666666668,13.394499999999999,25.848833333333335,5,15,16.12198,,,,,
allreduce,2n1g,,sycl_mpi,1,4,13.368933333333333,12.991133333333334,24.4201,5,15,15.514520000000001,,,,,
allreduce,2n1g,,sycl_oneccl,1,4,21.731333333333335,21.412666666666667,21.9024,5,15,21.68332666666667,,,,,
allreduce,2n1g,,sycl_oneccl_oshmpi,1,4,19.8723,18.698666666666668,21.23626666666667,5,15,19.82280666666667,,,,,
allreduce,2n1g,,cuda_mpi,2,8,13.656633333333334,13.395333333333333,16.9893,5,15,14.269986666666666,,,,,
allreduce,2n1g,,cuda_nccl,2,8,21.283033333333332,20.223866666666666,21.436366666666668,5,15,21.098473333333335,,,,,
allreduce,2n1g,,cuda_nvshmem,2,8,22.283666666666665,19.9909,29.897566666666666,5,15,23.447033333333334,,,,,
allreduce,2n1g,,oshmpi,2,8,13.6328,13.3955,13.984399999999999,5,15,13.643646666666665,,,,,
allreduce,2n1g,,sycl_mpi,2,8,13.363866666666667,12.9428,27.589199999999998,5,15,16.10391333333333,,,,,
allreduce,2n1g,,sycl_oneccl,2,8,21.863466666666667,21.435666666666666,34.60823333333333,5,15,24.298526666666664,,,,,
allreduce,2n1g,,sycl_oneccl_oshmpi,2,8,19.686733333333333,18.56886666666667,21.0427,5,15,19.694833333333335,,,,,
allreduce,2n1g,,cuda_mpi,4,16,13.618166666666667,13.331433333333333,18.933466666666668,5,15,14.6141,,,,,
allreduce,2n1g,,cuda_nccl,4,16,21.1749,20.0023,21.387999999999998,5,15,21.007113333333333,,,,,
allreduce,2n1g,,cuda_nvshmem,4,16,21.038,19.8436,25.08256666666667,5,15,21.671266666666668,,,,,
allreduce,2n1g,,oshmpi,4,16,13.8181,13.261733333333334,13.907033333333333,5,15,13.671166666666666,,,,,
allreduce,2n1g,,sycl_mpi,4,16,13.268133333333333,12.883966666666666,23.983766666666668,5,15,15.338646666666667,,,,,
allreduce,2n1g,,sycl_oneccl,4,16,21.83663333333333,21.314933333333332,22.157466666666668,5,15,21.728060000000003,,,,,
allreduce,2n1g,,sycl_oneccl_oshmpi,4,16,19.702466666666666,18.72853333333333,20.8555,5,15,19.653419999999997,,,,,
allreduce,2n1g,,cuda_mpi,8,32,13.711366666666667,13.417666666666667,17.410600000000002,5,15,14.3679,,,,,
allreduce,2n1g,,cuda_nccl,8,32,21.12646666666667,20.026466666666668,21.2676,5,15,20.92716,,,,,
allreduce,2n1g,,cuda_nvshmem,8,32,21.302766666666667,19.569200000000002,22.791866666666667,5,15,21.391093333333334,,,,,
allreduce,2n1g,,oshmpi,8,32,13.658733333333334,13.388033333333333,13.874066666666666,5,15,13.636786666666668,,,,,
allreduce,2n1g,,sycl_mpi,8,32,13.3758,12.832833333333333,32.289,5,15,17.022746666666666,,,,,
allreduce,2n1g,,sycl_oneccl,8,32,21.862466666666666,21.460900000000002,21.9129,5,15,21.72546,,,,,
allreduce,2n1g,,sycl_oneccl_oshmpi,8,32,19.784533333333332,18.634966666666667,21.149466666666665,5,15,19.721346666666665,,,,,
allreduce,2n1g,,cuda_mpi,16,64,13.861833333333333,13.579633333333334,17.632933333333334,5,15,14.541640000000001,,,,,
allreduce,2n1g,,cuda_nccl,16,64,21.233966666666667,20.110566666666667,21.417533333333335,5,15,21.050166666666666,,,,,
allreduce,2n1g,,cuda_nvshmem,16,64,21.375466666666668,19.695933333333333,25.144833333333334,5,15,21.813186666666663,,,,,
allreduce,2n1g,,oshmpi,16,64,13.748166666666666,13.425866666666666,14.118966666666667,5,15,13.761193333333333,,,,,
allreduce,2n1g,,sycl_mpi,16,64,13.4403,12.962566666666666,32.8028,5,15,17.196813333333335,,,,,
allreduce,2n1g,,sycl_oneccl,16,64,21.790866666666666,21.3035,21.9446,5,15,21.676906666666664,,,,,
allreduce,2n1g,,sycl_oneccl_oshmpi,16,64,20.159766666666666,18.948433333333334,21.467666666666666,5,15,20.113933333333332,,,,,
allreduce,2n1g,,cuda_mpi,32,128,13.717633333333334,13.415266666666666,17.458099999999998,5,15,14.4023,,,,,
allreduce,2n1g,,cuda_nccl,32,128,21.320733333333333,20.23966666666667,21.488533333333333,5,15,21.13592,,,,,
allreduce,2n1g,,cuda_nvshmem,32,128,21.3238,20.0955,56.94616666666667,5,15,28.143173333333333,,,,,
allreduce,2n1g,,oshmpi,32,128,13.7157,13.5091,13.987966666666667,5,15,13.741853333333333,,,,,
allreduce,2n1g,,sycl_mpi,32,128,13.357999999999999,13.036933333333334,32.944266666666664,5,15,17.23004,,,,,
allreduce,2n1g,,sycl_oneccl,32,128,21.892300000000002,21.486633333333334,22.060466666666667,5,15,21.795746666666666,,,,,
allreduce,2n1g,,sycl_oneccl_oshmpi,32,128,20.298966666666665,19.223866666666666,21.6935,5,15,20.32088666666667,,,,,
allreduce,2n1g,,cuda_mpi,64,256,13.868633333333333,13.469666666666667,18.8882,5,15,15.619206666666665,,,,,
allreduce,2n1g,,cuda_nccl,64,256,21.3948,20.302833333333332,21.6563,5,15,21.265646666666665,,,,,
allreduce,2n1g,,cuda_nvshmem,64,256,21.337133333333334,19.899866666666664,28.373033333333332,5,15,22.85589333333333,,,,,
allreduce,2n1g,,oshmpi,64,256,13.8181,13.3946,13.971,5,15,13.71936,,,,,
allreduce,2n1g,,sycl_mpi,64,256,13.3866,13.026066666666667,34.6292,5,15,17.551746666666666,,,,,
allreduce,2n1g,,sycl_oneccl,64,256,22.085733333333334,21.477266666666665,22.15543333333333,5,15,21.900313333333333,,,,,
allreduce,2n1g,,sycl_oneccl_oshmpi,64,256,20.568166666666666,19.417833333333334,21.865166666666667,5,15,20.585933333333333,,,,,
allreduce,2n1g,,cuda_mpi,128,512,13.817366666666667,13.4687,18.7332,5,15,14.735386666666667,,,,,
allreduce,2n1g,,cuda_nccl,128,512,21.705433333333332,20.560466666666667,21.836000000000002,5,15,21.50408666666667,,,,,
allreduce,2n1g,,cuda_nvshmem,128,512,22.69783333333333,20.094133333333332,125.63196666666667,5,15,43.0769,,,,,
allreduce,2n1g,,oshmpi,128,512,13.811933333333334,13.505866666666666,14.018833333333333,5,15,13.785293333333334,,,,,
allreduce,2n1g,,sycl_mpi,128,512,13.451633333333334,12.9987,23.19043333333333,5,15,15.29808,,,,,
allreduce,2n1g,,sycl_oneccl,128,512,22.101,21.575266666666668,22.198233333333334,5,15,21.974013333333335,,,,,
allreduce,2n1g,,sycl_oneccl_oshmpi,128,512,20.473766666666666,19.612233333333332,22.0758,5,15,20.6719,,,,,
allreduce,2n1g,,cuda_mpi,256,1024,17.748066666666666,17.517633333333333,21.756966666666667,5,15,18.54582,,,,,
allreduce,2n1g,,cuda_nccl,256,1024,22.085966666666668,20.92226666666667,22.2052,5,15,21.841073333333334,,,,,
allreduce,2n1g,,cuda_nvshmem,256,1024,21.898066666666665,20.4966,25.5062,5,15,22.29176,,,,,
allreduce,2n1g,,oshmpi,256,1024,17.724166666666665,17.150433333333332,17.953699999999998,5,15,17.55428,,,,,
allreduce,2n1g,,sycl_mpi,256,1024,17.390966666666667,16.322966666666666,40.005966666666666,5,15,21.62408,,,,,
allreduce,2n1g,,sycl_oneccl,256,1024,22.267433333333333,21.7468,22.404166666666665,5,15,22.172773333333335,,,,,
allreduce,2n1g,,sycl_oneccl_oshmpi,256,1024,20.847633333333334,19.8545,22.3446,5,15,21.008106666666666,,,,,
allreduce,2n1g,,cuda_mpi,512,2048,17.953666666666667,17.8487,22.942466666666665,5,15,18.95746,,,,,
allreduce,2n1g,,cuda_nccl,512,2048,22.322400000000002,21.1441,22.364066666666666,5,15,22.063926666666664,,,,,
allreduce,2n1g,,cuda_nvshmem,512,2048,22.280666666666665,20.793833333333332,37.25813333333333,5,15,24.863886666666666,,,,,
allreduce,2n1g,,oshmpi,512,2048,17.893433333333334,17.205366666666666,18.271666666666665,5,15,17.76088,,,,,
allreduce,2n1g,,sycl_mpi,512,2048,17.622633333333333,16.524166666666666,40.286433333333335,5,15,21.862346666666667,,,,,
allreduce,2n1g,,sycl_oneccl,512,2048,22.605900000000002,22.275333333333332,22.850966666666668,5,15,22.598799999999997,,,,,
allreduce,2n1g,,sycl_oneccl_oshmpi,512,2048,21.529766666666667,20.1666,22.523733333333332,5,15,21.417186666666666,,,,,
allreduce,2n1g,,cuda_mpi,1024,4096,26.408133333333332,26.2972,36.90936666666666,5,15,28.561846666666668,,,,,
allreduce,2n1g,,cuda_nccl,1024,4096,24.017833333333332,22.257133333333332,24.071866666666665,5,15,23.64096,,,,,
allreduce,2n1g,,cuda_nvshmem,1024,4096,24.354233333333333,21.92373333333333,24.986433333333334,5,15,23.937026666666668,,,,,
allreduce,2n1g,,oshmpi,1024,4096,26.371433333333332,25.067,27.064799999999998,5,15,26.061626666666665,,,,,
allreduce,2n1g,,sycl_mpi,1024,4096,25.581033333333334,23.7011,49.58283333333333,5,15,29.965633333333336,,,,,
allreduce,2n1g,,sycl_oneccl,1024,4096,24.562466666666666,23.949033333333333,24.802833333333332,5,15,24.42704666666667,,,,,
allreduce,2n1g,,sycl_oneccl_oshmpi,1024,4096,26.7039,24.12826666666667,27.683166666666665,5,15,26.2457,,,,,
allreduce,2n1g,,cuda_mpi,2048,8192,28.07283333333333,27.818966666666668,37.947199999999995,5,15,30.00921333333333,,,,,
allreduce,2n1g,,cuda_nccl,2048,8192,25.579166666666666,23.855833333333333,26.055533333333333,5,15,25.34006,,,,,
allreduce,2n1g,,cuda_nvshmem,2048,8192,25.838033333333335,23.532633333333333,26.788899999999998,5,15,25.503106666666667,,,,,
allreduce,2n1g,,oshmpi,2048,8192,27.5139,26.027566666666665,27.918766666666667,5,15,27.0711,,,,,
allreduce,2n1g,,sycl_mpi,2048,8192,27.3194,25.0429,44.102833333333336,5,15,30.03874666666667,,,,,
allreduce,2n1g,,sycl_oneccl,2048,8192,26.290533333333332,25.570899999999998,26.6719,5,15,26.21946666666667,,,,,
allreduce,2n1g,,sycl_oneccl_oshmpi,2048,8192,29.410833333333333,26.279033333333334,30.644033333333333,5,15,28.8417,,,,,
allreduce,2n1g,,cuda_mpi,4096,16384,29.110733333333332,28.76526666666667,40.65903333333333,5,15,31.456020000000002,,,,,
allreduce,2n1g,,cuda_nccl,4096,16384,27.779633333333333,25.850566666666666,27.9303,5,15,27.40927333333333,,,,,
allreduce,2n1g,,cuda_nvshmem,4096,16384,30.2123,25.429766666666666,59.90003333333333,5,15,34.89514,,,,,
allreduce,2n1g,,oshmpi,4096,16384,28.647566666666666,27.3328,28.934033333333335,5,15,28.20768,,,,,
allreduce,2n1g,,sycl_mpi,4096,16384,28.214666666666666,26.616033333333334,64.14646666666667,5,15,34.95938,,,,,
allreduce,2n1g,,sycl_oneccl,4096,16384,28.293533333333333,27.688666666666666,28.9745,5,15,28.338019999999997,,,,,
allreduce,2n1g,,sycl_oneccl_oshmpi,4096,16384,33.01123333333334,29.943833333333334,38.302166666666665,5,15,33.49094,,,,,
allreduce,2n1g,,cuda_mpi,8192,32768,30.8913,30.386033333333334,48.1579,5,15,34.2782,,,,,
allreduce,2n1g,,cuda_nccl,8192,32768,33.235566666666664,30.096366666666665,33.39983333333333,5,15,32.61366666666667,,,,,
allreduce,2n1g,,cuda_nvshmem,8192,32768,38.44186666666667,29.6042,87.49406666666667,5,15,45.262166666666666,,,,,
allreduce,2n1g,,oshmpi,8192,32768,30.3507,28.976699999999997,30.648533333333333,5,15,29.977320000000002,,,,,
allreduce,2n1g,,sycl_mpi,8192,32768,30.136333333333333,28.175,58.57266666666666,5,15,35.49392666666667,,,,,
allreduce,2n1g,,sycl_oneccl,8192,32768,33.65076666666666,33.0249,33.946133333333336,5,15,33.58233333333333,,,,,
allreduce,2n1g,,sycl_oneccl_oshmpi,8192,32768,36.3133,33.0341,38.025800000000004,5,15,35.84902,,,,,
allreduce,2n1g,,cuda_mpi,16384,65536,32.623466666666666,31.7777,51.25546666666667,5,15,36.15931333333334,,,,,
allreduce,2n1g,,cuda_nccl,16384,65536,46.545633333333335,44.50273333333333,46.72743333333333,5,15,46.17673333333333,,,,,
allreduce,2n1g,,cuda_nvshmem,16384,65536,50.30023333333333,42.07856666666667,82.86826666666667,5,15,56.52016666666667,,,,,
allreduce,2n1g,,oshmpi,16384,65536,32.364399999999996,30.784566666666667,32.972366666666666,5,15,31.938393333333334,,,,,
allreduce,2n1g,,sycl_mpi,16384,65536,31.803633333333334,30.067233333333334,62.460966666666664,5,15,37.27728666666667,,,,,
allreduce,2n1g,,sycl_oneccl,16384,65536,41.173,40.46196666666667,41.626266666666666,5,15,41.07748,,,,,
allreduce,2n1g,,sycl_oneccl_oshmpi,16384,65536,49.432,42.8202,51.229733333333336,5,15,48.08682666666667,,,,,
allreduce,2n1g,,cuda_mpi,32768,131072,39.166333333333334,36.77826666666667,61.408233333333335,5,15,42.93897333333334,,,,,
allreduce,2n1g,,cuda_nccl,32768,131072,54.0849,50.8875,54.2054,5,15,53.46291333333333,,,,,
allreduce,2n1g,,cuda_nvshmem,32768,131072,54.8252,48.189933333333336,132.17383333333333,5,15,70.74407333333333,,,,,
allreduce,2n1g,,oshmpi,32768,131072,36.46913333333333,36.2922,37.79983333333333,5,15,36.790393333333334,,,,,
allreduce,2n1g,,sycl_mpi,32768,131072,36.57756666666667,35.953066666666665,78.3226,5,15,45.12397333333333,,,,,
allreduce,2n1g,,sycl_oneccl,32768,131072,55.4343,54.5721,55.870266666666666,5,15,55.27424666666666,,,,,
allreduce,2n1g,,sycl_oneccl_oshmpi,32768,131072,61.780633333333334,54.62923333333333,64.16706666666667,5,15,60.550693333333335,,,,,
allreduce,2n1g,,cuda_mpi,65536,262144,53.637566666666665,52.58956666666667,70.81253333333333,5,15,57.034526666666665,,,,,
allreduce,2n1g,,cuda_nccl,65536,262144,69.1289,65.54576666666667,69.57209999999999,5,15,68.53191333333334,,,,,
allreduce,2n1g,,cuda_nvshmem,65536,262144,71.33763333333333,62.8425,142.0834,5,15,83.40258,,,,,
allreduce,2n1g,,oshmpi,65536,262144,51.4113,48.07843333333334,52.373266666666666,5,15,50.91846666666667,,,,,
allreduce,2n1g,,sycl_mpi,65536,262144,52.36826666666666,48.4897,96.92426666666667,5,15,60.19118,,,,,
allreduce,2n1g,,sycl_oneccl,65536,262144,66.2442,65.55456666666667,66.70773333333334,5,15,66.19823333333333,,,,,
allreduce,2n1g,,sycl_oneccl_oshmpi,65536,262144,89.98326666666667,80.77953333333333,93.84673333333333,5,15,88.48515333333333,,,,,
allreduce,2n1g,,cuda_mpi,131072,524288,77.01636666666667,74.18616666666667,94.9672,5,15,80.18506000000001,,,,,
allreduce,2n1g,,cuda_nccl,131072,524288,92.4407,87.74916666666667,97.45043333333334,5,15,92.35081333333332,,,,,
allreduce,2n1g,,cuda_nvshmem,131072,524288,91.18816666666667,85.1624,149.69533333333334,5,15,101.81620666666666,,,,,
allreduce,2n1g,,oshmpi,131072,524288,75.01496666666667,67.15303333333334,76.1483,5,15,73.64313333333332,,,,,
allreduce,2n1g,,sycl_mpi,131072,524288,74.1668,67.85776666666666,128.11236666666667,5,15,83.69571333333333,,,,,
allreduce,2n1g,,sycl_oneccl,131072,524288,91.89253333333333,91.7077,92.79809999999999,5,15,92.03097333333334,,,,,
allreduce,2n1g,,sycl_oneccl_oshmpi,131072,524288,139.04466666666667,129.36433333333332,147.24133333333333,5,15,139.1752,,,,,
allreduce,2n1g,,cuda_mpi,262144,1048576,125.985,118.91466666666668,146.52733333333333,5,15,129.30326666666667,,,,,
allreduce,2n1g,,cuda_nccl,262144,1048576,142.43066666666667,139.339,142.665,5,15,141.7736,,,,,
allreduce,2n1g,,cuda_nvshmem,262144,1048576,142.41033333333334,135.731,274.5783333333333,5,15,167.84666666666666,,,,,
allreduce,2n1g,,oshmpi,262144,1048576,119.887,100.6979,120.404,5,15,116.17631333333334,,,,,
allreduce,2n1g,,sycl_mpi,262144,1048576,120.77866666666667,102.41866666666667,181.89366666666666,5,15,129.17826666666667,,,,,
allreduce,2n1g,,sycl_oneccl,262144,1048576,141.62433333333334,139.61466666666666,142.178,5,15,140.98713333333333,,,,,
allreduce,2n1g,,sycl_oneccl_oshmpi,262144,1048576,242.479,224.413,253.89233333333334,5,15,240.3709333333333,,,,,
allreduce,2n1g,,cuda_mpi,524288,2097152,218.49366666666666,211.56833333333333,251.14466666666667,5,15,223.63546666666667,,,,,
allreduce,2n1g,,cuda_nccl,524288,2097152,238.81733333333332,229.43166666666667,239.48666666666668,5,15,236.97026666666667,,,,,
allreduce,2n1g,,cuda_nvshmem,524288,2097152,247.85366666666667,226.66166666666666,374.5353333333333,5,15,267.3902,,,,,
allreduce,2n1g,,oshmpi,524288,2097152,212.87066666666666,167.059,215.92166666666668,5,15,202.54979999999998,,,,,
allreduce,2n1g,,sycl_mpi,524288,2097152,211.30433333333335,173.84333333333333,263.8856666666667,5,15,214.37986666666666,,,,,
allreduce,2n1g,,sycl_oneccl,524288,2097152,244.04999999999998,243.25633333333332,245.73966666666666,5,15,244.30586666666665,,,,,
allreduce,2n1g,,sycl_oneccl_oshmpi,524288,2097152,440.51233333333334,411.6446666666667,464.361,5,15,437.28700000000003,,,,,
allreduce,2n1g,,cuda_mpi,1048576,4194304,405.7006666666667,402.8553333333333,451.471,5,15,415.98940000000005,,,,,
allreduce,2n1g,,cuda_nccl,1048576,4194304,422.3776666666667,416.2056666666667,427.4746666666667,5,15,422.0491333333333,,,,,
allreduce,2n1g,,cuda_nvshmem,1048576,4194304,441.07599999999996,412.4463333333333,518.5533333333333,5,15,450.247,,,,,
allreduce,2n1g,,oshmpi,1048576,4194304,400.9363333333333,296.661,406.70233333333334,5,15,381.72819999999996,,,,,
allreduce,2n1g,,sycl_mpi,1048576,4194304,398.5296666666667,305.668,528.601,5,15,405.6854,,,,,
allreduce,2n1g,,sycl_oneccl,1048576,4194304,426.8913333333333,425.36466666666666,428.17733333333337,5,15,426.7151333333333,,,,,
allreduce,2n1g,,sycl_oneccl_oshmpi,1048576,4194304,856.647,797.6466666666666,966.8413333333333,5,15,885.954,,,,,
allreduce,2n1g,,cuda_mpi,2097152,8388608,817.8933333333333,794.3813333333334,931.7263333333333,5,15,848.1907333333334,,,,,
allreduce,2n1g,,cuda_nccl,2097152,8388608,797.0343333333333,793.5993333333333,798.1073333333334,5,15,796.6804,,,,,
allreduce,2n1g,,cuda_nvshmem,2097152,8388608,808.639,789.804,928.093,5,15,829.8994666666666,,,,,
allreduce,2n1g,,oshmpi,2097152,8388608,787.0980000000001,564.2273333333334,796.3543333333333,5,15,745.9507333333333,,,,,
allreduce,2n1g,,sycl_mpi,2097152,8388608,787.2026666666667,590.919,952.2053333333333,5,15,791.9483333333334,,,,,
allreduce,2n1g,,sycl_oneccl,2097152,8388608,801.4203333333334,800.3653333333333,804.991,5,15,801.9029333333333,,,,,
allreduce,2n1g,,sycl_oneccl_oshmpi,2097152,8388608,1954.9766666666667,1618.8533333333332,1971.65,5,15,1853.7593333333332,,,,,
allreduce,2n1g,,cuda_mpi,4194304,16777216,1699.7433333333333,1651.2233333333334,1909.3233333333333,5,15,1743.5693333333334,,,,,
allreduce,2n1g,,cuda_nccl,4194304,16777216,1567.59,1561.6266666666668,1568.3033333333333,5,15,1566.244,,,,,
allreduce,2n1g,,cuda_nvshmem,4194304,16777216,1598.7366666666667,1556.6233333333332,1668.0733333333333,5,15,1601.45,,,,,
allreduce,2n1g,,oshmpi,4194304,16777216,1653.9166666666667,1135.0666666666666,1677.9933333333333,5,15,1556.5373333333334,,,,,
allreduce,2n1g,,sycl_mpi,4194304,16777216,1652.74,1137.3266666666666,1978.2366666666667,5,15,1536.2113333333332,,,,,
allreduce,2n1g,,sycl_oneccl,4194304,16777216,1572.4266666666667,1569.9633333333334,1573.1133333333335,5,15,1571.9433333333334,,,,,
allreduce,2n1g,,sycl_oneccl_oshmpi,4194304,16777216,3753.8333333333335,3350.36,4283.86,5,15,3862.812,,,,,
allreduce,2n4g,,cuda_mpi,1,4,32.4267,32.179,32.89523333333333,5,15,32.469766666666665,,,,,
allreduce,2n4g,,cuda_nccl,1,4,25.1633,24.981766666666665,26.412066666666668,5,15,25.455,,,,,
allreduce,2n4g,,cuda_nvshmem,1,4,26.991433333333333,25.691666666666666,28.967266666666667,5,15,27.02136,,,,,
allreduce,2n4g,,oshmpi,1,4,32.89993333333333,32.694266666666664,33.100566666666666,5,15,32.91856666666667,,,,,
allreduce,2n4g,,sycl_mpi,1,4,33.26506666666667,32.6199,33.47773333333333,5,15,33.09805333333333,,,,,
allreduce,2n4g,,sycl_oneccl,1,4,25.70606666666667,25.653066666666668,25.9339,5,15,25.765146666666666,,,,,
allreduce,2n4g,,sycl_oneccl_oshmpi,1,4,20.966933333333333,20.876566666666665,21.2647,5,15,21.026400000000002,,,,,
allreduce,2n4g,,cuda_mpi,2,8,31.3536,31.130966666666666,31.513066666666667,5,15,31.33848,,,,,
allreduce,2n4g,,cuda_nccl,2,8,25.593566666666668,24.993666666666666,26.569966666666666,5,15,25.68808,,,,,
allreduce,2n4g,,cuda_nvshmem,2,8,25.7928,25.6876,28.111066666666666,5,15,26.436393333333335,,,,,
allreduce,2n4g,,oshmpi,2,8,31.7667,31.639033333333334,31.9501,5,15,31.799286666666667,,,,,
allreduce,2n4g,,sycl_mpi,2,8,31.2749,31.1439,31.392133333333334,5,15,31.263453333333334,,,,,
allreduce,2n4g,,sycl_oneccl,2,8,25.747433333333333,25.7309,25.810066666666668,5,15,25.75453333333333,,,,,
allreduce,2n4g,,sycl_oneccl_oshmpi,2,8,20.677500000000002,20.569,20.722933333333334,5,15,20.6483,,,,,
allreduce,2n4g,,cuda_mpi,4,16,27.894166666666667,27.317666666666668,28.259666666666668,5,15,27.784653333333335,,,,,
allreduce,2n4g,,cuda_nccl,4,16,24.8034,24.741966666666666,25.983833333333333,5,15,25.024506666666664,,,,,
allreduce,2n4g,,cuda_nvshmem,4,16,26.5126,25.749466666666667,27.89483333333333,5,15,26.513453333333334,,,,,
allreduce,2n4g,,oshmpi,4,16,28.532766666666667,28.1452,29.5642,5,15,28.743246666666668,,,,,
allreduce,2n4g,,sycl_mpi,4,16,27.5255,27.415333333333333,28.2459,5,15,27.701393333333332,,,,,
allreduce,2n4g,,sycl_oneccl,4,16,25.631766666666667,25.5574,25.6927,5,15,25.626346666666667,,,,,
allreduce,2n4g,,sycl_oneccl_oshmpi,4,16,20.759733333333333,20.6298,20.910066666666665,5,15,20.743446666666667,,,,,
allreduce,2n4g,,cuda_mpi,8,32,29.167933333333334,28.988433333333333,29.352899999999998,5,15,29.18006666666667,,,,,
allreduce,2n4g,,cuda_nccl,8,32,24.8908,24.7981,24.968866666666667,5,15,24.897820000000003,,,,,
allreduce,2n4g,,cuda_nvshmem,8,32,25.5665,25.385566666666666,26.325866666666666,5,15,25.659033333333333,,,,,
allreduce,2n4g,,oshmpi,8,32,29.926099999999998,29.738899999999997,30.135933333333334,5,15,29.936086666666665,,,,,
allreduce,2n4g,,sycl_mpi,8,32,29.293033333333334,29.1817,29.715833333333332,5,15,29.36664,,,,,
allreduce,2n4g,,sycl_oneccl,8,32,25.6739,25.594166666666666,25.742233333333335,5,15,25.66407333333333,,,,,
allreduce,2n4g,,sycl_oneccl_oshmpi,8,32,20.701233333333334,20.603233333333332,20.8459,5,15,20.723246666666668,,,,,
allreduce,2n4g,,cuda_mpi,16,64,29.419333333333334,29.2045,29.780433333333335,5,15,29.4355,,,,,
allreduce,2n4g,,cuda_nccl,16,64,25.151833333333332,24.9088,25.163666666666668,5,15,25.080966666666665,,,,,
allreduce,2n4g,,cuda_nvshmem,16,64,25.675766666666668,25.649466666666665,25.835366666666665,5,15,25.70476,,,,,
allreduce,2n4g,,oshmpi,16,64,30.481166666666667,30.4323,30.925633333333334,5,15,30.62346,,,,,
allreduce,2n4g,,sycl_mpi,16,64,29.544833333333333,29.303466666666665,30.122433333333333,5,15,29.624813333333336,,,,,
allreduce,2n4g,,sycl_oneccl,16,64,25.93883333333333,25.843166666666665,30.3657,5,15,26.798326666666664,,,,,
allreduce,2n4g,,sycl_oneccl_oshmpi,16,64,21.037533333333332,20.8825,21.225833333333334,5,15,21.062066666666666,,,,,
allreduce,2n4g,,cuda_mpi,32,128,29.5326,28.9773,29.7974,5,15,29.48895333333333,,,,,
allreduce,2n4g,,cuda_nccl,32,128,25.196766666666665,25.12516666666667,25.936366666666668,5,15,25.327713333333335,,,,,
allreduce,2n4g,,cuda_nvshmem,32,128,25.838766666666668,25.684366666666666,25.9297,5,15,25.83742,,,,,
allreduce,2n4g,,oshmpi,32,128,30.6607,30.53806666666667,30.781233333333333,5,15,30.65526,,,,,
allreduce,2n4g,,sycl_mpi,32,128,29.6158,29.356666666666666,30.0577,5,15,29.71839333333333,,,,,
allreduce,2n4g,,sycl_oneccl,32,128,25.9632,25.858366666666665,25.996566666666666,5,15,25.932713333333332,,,,,
allreduce,2n4g,,sycl_oneccl_oshmpi,32,128,21.190033333333336,21.138133333333332,21.439166666666665,5,15,21.223979999999997,,,,,
allreduce,2n4g,,cuda_mpi,64,256,30.401433333333333,29.585633333333334,30.488733333333332,5,15,30.218486666666664,,,,,
allreduce,2n4g,,cuda_nccl,64,256,25.322766666666666,25.176133333333333,25.679766666666666,5,15,25.341226666666667,,,,,
allreduce,2n4g,,cuda_nvshmem,64,256,25.887766666666668,25.766333333333332,25.924133333333334,5,15,25.86446,,,,,
allreduce,2n4g,,oshmpi,64,256,31.345133333333333,31.247266666666665,31.515633333333334,5,15,31.38238,,,,,
allreduce,2n4g,,sycl_mpi,64,256,30.4395,30.051233333333332,30.878899999999998,5,15,30.47411333333333,,,,,
allreduce,2n4g,,sycl_oneccl,64,256,26.0458,26.032533333333333,26.108333333333334,5,15,26.061253333333337,,,,,
allreduce,2n4g,,sycl_oneccl_oshmpi,64,256,21.679066666666667,21.540466666666667,22.0682,5,15,21.72406,,,,,
allreduce,2n4g,,cuda_mpi,128,512,33.77066666666667,33.71456666666667,34.110533333333336,5,15,33.845353333333335,,,,,
allreduce,2n4g,,cuda_nccl,128,512,26.26203333333333,26.048099999999998,26.401433333333333,5,15,26.236733333333333,,,,,
allreduce,2n4g,,cuda_nvshmem,128,512,26.806933333333333,26.685966666666666,26.843866666666667,5,15,26.787186666666667,,,,,
allreduce,2n4g,,oshmpi,128,512,35.1522,34.95806666666667,35.500166666666665,5,15,35.170033333333336,,,,,
allreduce,2n4g,,sycl_mpi,128,512,34.037,33.3782,34.82873333333333,5,15,34.026019999999995,,,,,
allreduce,2n4g,,sycl_oneccl,128,512,26.439866666666667,26.386366666666667,26.472966666666668,5,15,26.435953333333334,,,,,
allreduce,2n4g,,sycl_oneccl_oshmpi,128,512,22.066033333333333,21.860333333333333,22.165166666666668,5,15,22.02878666666667,,,,,
allreduce,2n4g,,cuda_mpi,256,1024,41.0251,40.62996666666667,41.17293333333333,5,15,40.97358,,,,,
allreduce,2n4g,,cuda_nccl,256,1024,27.501033333333332,27.402033333333335,27.5957,5,15,27.499273333333335,,,,,
allreduce,2n4g,,cuda_nvshmem,256,1024,27.914266666666666,27.8459,27.9864,5,15,27.912253333333336,,,,,
allreduce,2n4g,,oshmpi,256,1024,42.61913333333333,42.48996666666667,42.87586666666667,5,15,42.62938666666666,,,,,
allreduce,2n4g,,sycl_mpi,256,1024,41.05143333333333,40.905833333333334,41.5445,5,15,41.14041333333333,,,,,
allreduce,2n4g,,sycl_oneccl,256,1024,27.189033333333334,27.177599999999998,27.225233333333335,5,15,27.196186666666666,,,,,
allreduce,2n4g,,sycl_oneccl_oshmpi,256,1024,22.60686666666667,22.448466666666665,22.881833333333333,5,15,22.6385,,,,,
allreduce,2n4g,,cuda_mpi,512,2048,41.38503333333333,41.04363333333333,41.89703333333333,5,15,41.40286666666667,,,,,
allreduce,2n4g,,cuda_nccl,512,2048,29.2646,29.1869,29.313299999999998,5,15,29.265053333333334,,,,,
allreduce,2n4g,,cuda_nvshmem,512,2048,29.672,29.637733333333333,30.183433333333333,5,15,29.818026666666665,,,,,
allreduce,2n4g,,oshmpi,512,2048,42.46006666666667,42.413066666666666,42.589400000000005,5,15,42.49557333333333,,,,,
allreduce,2n4g,,sycl_mpi,512,2048,41.30603333333333,41.141133333333336,41.62323333333333,5,15,41.33043333333333,,,,,
allreduce,2n4g,,sycl_oneccl,512,2048,28.781166666666667,28.769966666666665,28.9786,5,15,28.823646666666665,,,,,
allreduce,2n4g,,sycl_oneccl_oshmpi,512,2048,23.462766666666667,23.380833333333335,23.4955,5,15,23.451686666666667,,,,,
allreduce,2n4g,,cuda_mpi,1024,4096,72.4568,72.20176666666666,72.70793333333333,5,15,72.46928666666666,,,,,
allreduce,2n4g,,cuda_nccl,1024,4096,31.199166666666667,31.150766666666666,31.279533333333333,5,15,31.203006666666667,,,,,
allreduce,2n4g,,cuda_nvshmem,1024,4096,31.947133333333333,31.8582,32.10993333333333,5,15,31.955280000000002,,,,,
allreduce,2n4g,,oshmpi,1024,4096,72.96853333333333,72.68273333333333,73.14916666666666,5,15,72.95724666666666,,,,,
allreduce,2n4g,,sycl_mpi,1024,4096,72.40303333333334,72.20223333333334,72.6532,5,15,72.42990666666667,,,,,
allreduce,2n4g,,sycl_oneccl,1024,4096,31.415433333333333,31.387633333333333,31.690566666666665,5,15,31.48834,,,,,
allreduce,2n4g,,sycl_oneccl_oshmpi,1024,4096,27.85686666666667,27.7413,27.8894,5,15,27.84008,,,,,
allreduce,2n4g,,cuda_mpi,2048,8192,77.52526666666667,77.1669,77.58016666666667,5,15,77.43796,,,,,
allreduce,2n4g,,cuda_nccl,2048,8192,33.49453333333333,32.64543333333334,33.86516666666667,5,15,33.35754,,,,,
allreduce,2n4g,,cuda_nvshmem,2048,8192,33.25783333333333,33.1881,34.18403333333333,5,15,33.47692,,,,,
allreduce,2n4g,,oshmpi,2048,8192,78.15023333333333,77.8667,78.38413333333334,5,15,78.15229333333333,,,,,
allreduce,2n4g,,sycl_mpi,2048,8192,77.42986666666667,77.0561,77.71436666666666,5,15,77.35784,,,,,
allreduce,2n4g,,sycl_oneccl,2048,8192,33.19153333333333,32.94296666666666,33.2905,5,15,33.16487333333333,,,,,
allreduce,2n4g,,sycl_oneccl_oshmpi,2048,8192,38.9547,38.53133333333333,40.01566666666667,5,15,39.08298,,,,,
allreduce,2n4g,,cuda_mpi,4096,16384,78.48876666666666,78.16693333333333,78.78,5,15,78.46999333333333,,,,,
allreduce,2n4g,,cuda_nccl,4096,16384,33.7629,33.62383333333334,34.047866666666664,5,15,33.78744,,,,,
allreduce,2n4g,,cuda_nvshmem,4096,16384,34.1322,33.98493333333333,34.7746,5,15,34.21006666666666,,,,,
allreduce,2n4g,,oshmpi,4096,16384,79.79333333333334,79.6831,80.01623333333333,5,15,79.81697333333334,,,,,
allreduce,2n4g,,sycl_mpi,4096,16384,78.66743333333334,78.5681,79.00576666666666,5,15,78.74305333333334,,,,,
allreduce,2n4g,,sycl_oneccl,4096,16384,33.923766666666666,33.766666666666666,34.04416666666667,5,15,33.901860000000006,,,,,
allreduce,2n4g,,sycl_oneccl_oshmpi,4096,16384,37.1753,36.9731,37.456133333333334,5,15,37.18998,,,,,
allreduce,2n4g,,cuda_mpi,8192,32768,80.63763333333333,80.49036666666666,80.84753333333333,5,15,80.65267333333333,,,,,
allreduce,2n4g,,cuda_nccl,8192,32768,34.67203333333333,34.60913333333333,34.8502,5,15,34.70776,,,,,
allreduce,2n4g,,cuda_nvshmem,8192,32768,35.16676666666667,34.89256666666667,35.6935,5,15,35.292813333333335,,,,,
allreduce,2n4g,,oshmpi,8192,32768,82.00333333333333,81.77763333333333,82.13013333333333,5,15,81.96419333333333,,,,,
allreduce,2n4g,,sycl_mpi,8192,32768,80.74486666666667,80.6043,81.12036666666667,5,15,80.82213333333333,,,,,
allreduce,2n4g,,sycl_oneccl,8192,32768,34.7023,34.58906666666667,35.3903,5,15,34.81914,,,,,
allreduce,2n4g,,sycl_oneccl_oshmpi,8192,32768,42.8198,42.519666666666666,42.880966666666666,5,15,42.722366666666666,,,,,
allreduce,2n4g,,cuda_mpi,16384,65536,83.69923333333334,83.2436,84.72186666666667,5,15,83.76259333333334,,,,,
allreduce,2n4g,,cuda_nccl,16384,65536,40.7878,40.54866666666667,40.92216666666667,5,15,40.76248,,,,,
allreduce,2n4g,,cuda_nvshmem,16384,65536,41.025666666666666,40.710966666666664,41.268499999999996,5,15,41.004713333333335,,,,,
allreduce,2n4g,,oshmpi,16384,65536,85.26353333333333,85.11446666666666,85.53276666666666,5,15,85.3113,,,,,
allreduce,2n4g,,sycl_mpi,16384,65536,83.61293333333333,83.2898,83.89823333333334,5,15,83.58549333333333,,,,,
allreduce,2n4g,,sycl_oneccl,16384,65536,40.6059,40.324733333333334,40.65383333333333,5,15,40.51584666666667,,,,,
allreduce,2n4g,,sycl_oneccl_oshmpi,16384,65536,56.418166666666664,56.34513333333334,56.56446666666667,5,15,56.43338666666667,,,,,
allreduce,2n4g,,cuda_mpi,32768,131072,90.20553333333334,89.91853333333333,90.96733333333333,5,15,90.39867333333333,,,,,
allreduce,2n4g,,cuda_nccl,32768,131072,51.0304,50.958666666666666,51.459833333333336,5,15,51.11768,,,,,
allreduce,2n4g,,cuda_nvshmem,32768,131072,51.2524,51.00736666666667,51.535666666666664,5,15,51.253433333333334,,,,,
allreduce,2n4g,,oshmpi,32768,131072,92.12236666666666,91.99346666666666,92.20766666666667,5,15,92.10773333333333,,,,,
allreduce,2n4g,,sycl_mpi,32768,131072,90.0665,89.9052,90.35593333333334,5,15,90.09253333333332,,,,,
allreduce,2n4g,,sycl_oneccl,32768,131072,48.31806666666667,48.0322,48.499633333333335,5,15,48.302260000000004,,,,,
allreduce,2n4g,,sycl_oneccl_oshmpi,32768,131072,87.159,86.81776666666667,88.01553333333334,5,15,87.34698666666667,,,,,
allreduce,2n4g,,cuda_mpi,65536,262144,95.45203333333333,94.79696666666666,96.5486,5,15,95.56580000000001,,,,,
allreduce,2n4g,,cuda_nccl,65536,262144,111.13966666666667,110.437,111.72233333333334,5,15,111.08846666666666,,,,,
allreduce,2n4g,,cuda_nvshmem,65536,262144,112.394,111.89133333333334,113.22466666666666,5,15,112.44666666666667,,,,,
allreduce,2n4g,,oshmpi,65536,262144,97.85903333333333,97.07103333333333,98.3717,5,15,97.74296666666667,,,,,
allreduce,2n4g,,sycl_mpi,65536,262144,95.24806666666667,95.07153333333333,95.75823333333334,5,15,95.39452666666666,,,,,
allreduce,2n4g,,sycl_oneccl,65536,262144,60.7025,60.26433333333333,61.46386666666667,5,15,60.77878666666666,,,,,
allreduce,2n4g,,sycl_oneccl_oshmpi,65536,262144,131.35966666666667,130.135,131.79633333333334,5,15,131.0936,,,,,
allreduce,2n4g,,cuda_mpi,131072,524288,114.78733333333334,114.58533333333334,116.16966666666667,5,15,115.249,,,,,
allreduce,2n4g,,cuda_nccl,131072,524288,122.97866666666667,122.17833333333334,123.37033333333333,5,15,122.76926666666667,,,,,
allreduce,2n4g,,cuda_nvshmem,131072,524288,123.05,122.75433333333334,124.10933333333334,5,15,123.26713333333333,,,,,
allreduce,2n4g,,oshmpi,131072,524288,117.25066666666667,116.75,117.58566666666667,5,15,117.21526666666666,,,,,
allreduce,2n4g,,sycl_mpi,131072,524288,115.65833333333333,114.85133333333333,116.89166666666667,5,15,115.7294,,,,,
allreduce,2n4g,,sycl_oneccl,131072,524288,87.97343333333333,87.21413333333332,88.04563333333333,5,15,87.8137,,,,,
allreduce,2n4g,,sycl_oneccl_oshmpi,131072,524288,219.833,218.07966666666667,221.35066666666665,5,15,219.79553333333334,,,,,
allreduce,2n4g,,cuda_mpi,262144,1048576,152.97966666666667,152.342,154.041,5,15,153.09173333333334,,,,,
allreduce,2n4g,,cuda_nccl,262144,1048576,141.30133333333333,140.71566666666666,141.951,5,15,141.30366666666666,,,,,
allreduce,2n4g,,cuda_nvshmem,262144,1048576,142.62199999999999,141.284,143.227,5,15,142.38093333333333,,,,,
allreduce,2n4g,,oshmpi,262144,1048576,156.37966666666665,155.74833333333333,158.982,5,15,156.7976,,,,,
allreduce,2n4g,,sycl_mpi,262144,1048576,153.26466666666667,152.99533333333335,153.62866666666667,5,15,153.2749333333333,,,,,
allreduce,2n4g,,sycl_oneccl,262144,1048576,136.25566666666666,134.98499999999999,136.801,5,15,135.9726,,,,,
allreduce,2n4g,,sycl_oneccl_oshmpi,262144,1048576,398.9676666666667,392.528,400.2556666666667,5,15,397.34586666666667,,,,,
allreduce,2n4g,,cuda_mpi,524288,2097152,222.03900000000002,219.72466666666665,225.679,5,15,222.32180000000002,,,,,
allreduce,2n4g,,cuda_nccl,524288,2097152,185.02866666666665,184.17366666666666,186.31033333333335,5,15,185.21186666666665,,,,,
allreduce,2n4g,,cuda_nvshmem,524288,2097152,186.04766666666666,185.049,187.19266666666667,5,15,185.94893333333331,,,,,
allreduce,2n4g,,oshmpi,524288,2097152,226.86833333333334,226.26366666666667,229.31166666666667,5,15,227.58939999999998,,,,,
allreduce,2n4g,,sycl_mpi,524288,2097152,222.93833333333333,222.222,224.64166666666668,5,15,223.13053333333335,,,,,
allreduce,2n4g,,sycl_oneccl,524288,2097152,231.736,230.944,234.88833333333332,5,15,232.15526666666668,,,,,
allreduce,2n4g,,sycl_oneccl_oshmpi,524288,2097152,765.0033333333333,759.5826666666667,772.6916666666667,5,15,765.4078000000001,,,,,
allreduce,2n4g,,cuda_mpi,1048576,4194304,349.23833333333334,346.3643333333333,352.91966666666667,5,15,349.6622,,,,,
allreduce,2n4g,,cuda_nccl,1048576,4194304,242.13166666666666,240.19966666666667,243.508,5,15,241.98346666666666,,,,,
allreduce,2n4g,,cuda_nvshmem,1048576,4194304,241.90733333333333,239.21766666666667,242.75966666666667,5,15,241.25593333333333,,,,,
allreduce,2n4g,,oshmpi,1048576,4194304,356.2486666666667,355.47566666666665,360.79566666666665,5,15,357.26126666666664,,,,,
allreduce,2n4g,,sycl_mpi,1048576,4194304,349.69800000000004,348.79033333333336,352.5763333333333,5,15,350.11913333333337,,,,,
allreduce,2n4g,,sycl_oneccl,1048576,4194304,269.658,269.33733333333333,271.0593333333333,5,15,269.9508666666667,,,,,
allreduce,2n4g,,sycl_oneccl_oshmpi,1048576,4194304,1421.67,1406.2,1429.4033333333334,5,15,1418.3173333333332,,,,,
allreduce,2n4g,,cuda_mpi,2097152,8388608,607.1086666666666,602.8836666666666,608.2426666666667,5,15,606.2742666666667,,,,,
allreduce,2n4g,,cuda_nccl,2097152,8388608,352.69466666666665,348.6346666666667,355.7113333333333,5,15,352.6868,,,,,
allreduce,2n4g,,cuda_nvshmem,2097152,8388608,350.8453333333333,347.30266666666665,352.817,5,15,350.7882,,,,,
allreduce,2n4g,,oshmpi,2097152,8388608,613.0023333333334,610.4563333333333,617.3333333333334,5,15,613.4374,,,,,
allreduce,2n4g,,sycl_mpi,2097152,8388608,608.9053333333334,607.0423333333333,618.771,5,15,611.1276666666668,,,,,
allreduce,2n4g,,sycl_oneccl,2097152,8388608,425.98,424.5503333333333,426.68666666666667,5,15,425.8731333333333,,,,,
allreduce,2n4g,,sycl_oneccl_oshmpi,2097152,8388608,3072.46,3044.786666666667,3089.903333333333,5,15,3069.75,,,,,
allreduce,2n4g,,cuda_mpi,4194304,16777216,1116.2633333333333,1113.46,1143.4666666666667,5,15,1121.4626666666666,,,,,
allreduce,2n4g,,cuda_nccl,4194304,16777216,548.9953333333333,538.802,579.5833333333334,5,15,557.2238,,,,,
allreduce,2n4g,,cuda_nvshmem,4194304,16777216,544.0466666666666,540.1936666666667,558.3586666666666,5,15,545.8934666666667,,,,,
allreduce,2n4g,,oshmpi,4194304,16777216,1121.08,1116.21,1125.6266666666668,5,15,1121.6233333333332,,,,,
allreduce,2n4g,,sycl_mpi,4194304,16777216,1120.22,1117.33,1123.1933333333334,5,15,1120.5386666666668,,,,,
allreduce,2n4g,,sycl_oneccl,4194304,16777216,748.0396666666667,745.2616666666667,777.4986666666667,5,15,753.2656000000001,,,,,
allreduce,2n4g,,sycl_oneccl_oshmpi,4194304,16777216,7320.783333333334,7295.346666666667,7392.043333333333,5,15,7330.2880000000005,,,,,
allreduce,4n4g,,cuda_mpi,1,4,34.5536,33.9712,34.6306,5,15,34.36622666666667,,,,,
allreduce,4n4g,,cuda_nccl,1,4,35.100699999999996,34.92386666666667,37.616166666666665,5,15,35.640186666666665,,,,,
allreduce,4n4g,,cuda_nvshmem,1,4,36.79423333333333,35.978633333333335,40.5003,5,15,37.64225333333333,,,,,
allreduce,4n4g,,oshmpi,1,4,35.05493333333333,34.7545,35.37063333333333,5,15,35.08763333333333,,,,,
allreduce,4n4g,,sycl_mpi,1,4,34.8952,34.552166666666665,35.403600000000004,5,15,34.945026666666664,,,,,
allreduce,4n4g,,sycl_oneccl,1,4,35.255433333333336,34.06483333333333,35.82833333333333,5,15,34.96514,,,,,
allreduce,4n4g,,sycl_oneccl_oshmpi,1,4,22.663466666666665,21.7662,25.6739,5,15,23.27067333333333,,,,,
allreduce,4n4g,,cuda_mpi,2,8,33.27103333333333,32.6074,33.658366666666666,5,15,33.1991,,,,,
allreduce,4n4g,,cuda_nccl,2,8,35.17423333333333,34.63406666666667,36.7905,5,15,35.307946666666666,,,,,
allreduce,4n4g,,cuda_nvshmem,2,8,35.6881,35.47083333333333,36.412933333333335,5,15,35.88854,,,,,
allreduce,4n4g,,oshmpi,2,8,34.25106666666667,33.61613333333333,34.38916666666667,5,15,34.16904666666667,,,,,
allreduce,4n4g,,sycl_mpi,2,8,33.448766666666664,32.9095,33.96,5,15,33.387193333333336,,,,,
allreduce,4n4g,,sycl_oneccl,2,8,35.14443333333333,34.023666666666664,35.70433333333333,5,15,34.87844666666667,,,,,
allreduce,4n4g,,sycl_oneccl_oshmpi,2,8,23.1445,21.00153333333333,24.050033333333335,5,15,22.630246666666668,,,,,
allreduce,4n4g,,cuda_mpi,4,16,30.5573,30.2447,30.74233333333333,5,15,30.52263333333333,,,,,
allreduce,4n4g,,cuda_nccl,4,16,34.99073333333333,34.5968,35.280499999999996,5,15,34.9941,,,,,
allreduce,4n4g,,cuda_nvshmem,4,16,35.6325,35.20413333333333,36.737899999999996,5,15,35.83720666666667,,,,,
allreduce,4n4g,,oshmpi,4,16,31.0494,29.64613333333333,31.145433333333333,5,15,30.78404,,,,,
allreduce,4n4g,,sycl_mpi,4,16,30.555533333333333,29.787433333333333,31.0989,5,15,30.37126,,,,,
allreduce,4n4g,,sycl_oneccl,4,16,35.0527,33.847833333333334,35.490966666666665,5,15,34.723393333333334,,,,,
allreduce,4n4g,,sycl_oneccl_oshmpi,4,16,21.737333333333336,21.055,23.430666666666667,5,15,22.162966666666666,,,,,
allreduce,4n4g,,cuda_mpi,8,32,31.412499999999998,31.100633333333334,32.02393333333333,5,15,31.4389,,,,,
allreduce,4n4g,,cuda_nccl,8,32,35.9833,34.6972,36.7436,5,15,35.832080000000005,,,,,
allreduce,4n4g,,cuda_nvshmem,8,32,36.09846666666667,35.5299,36.91063333333333,5,15,36.20234000000001,,,,,
allreduce,4n4g,,oshmpi,8,32,32.632333333333335,32.400866666666666,32.873733333333334,5,15,32.637660000000004,,,,,
allreduce,4n4g,,sycl_mpi,8,32,31.643533333333334,31.337566666666667,32.68123333333333,5,15,31.78513333333333,,,,,
allreduce,4n4g,,sycl_oneccl,8,32,35.30863333333333,34.1195,35.846266666666665,5,15,35.013239999999996,,,,,
allreduce,4n4g,,sycl_oneccl_oshmpi,8,32,22.083233333333332,21.0849,22.957933333333333,5,15,22.052373333333332,,,,,
allreduce,4n4g,,cuda_mpi,16,64,31.92866666666667,31.477033333333335,32.589166666666664,5,15,32.013780000000004,,,,,
allreduce,4n4g,,cuda_nccl,16,64,35.67276666666667,34.7418,36.14136666666667,5,15,35.46118666666667,,,,,
allreduce,4n4g,,cuda_nvshmem,16,64,36.13236666666666,35.83403333333333,37.74863333333334,5,15,36.40902666666667,,,,,
allreduce,4n4g,,oshmpi,16,64,33.852866666666664,33.389133333333334,34.1661,5,15,33.85539333333333,,,,,
allreduce,4n4g,,sycl_mpi,16,64,32.33326666666667,31.908033333333336,32.65553333333333,5,15,32.30231333333333,,,,,
allreduce,4n4g,,sycl_oneccl,16,64,35.562266666666666,34.31626666666667,36.0178,5,15,35.20908,,,,,
allreduce,4n4g,,sycl_oneccl_oshmpi,16,64,22.409399999999998,21.952133333333332,26.3661,5,15,23.358159999999998,,,,,
allreduce,4n4g,,cuda_mpi,32,128,31.992866666666668,31.772333333333332,32.42653333333333,5,15,32.07468,,,,,
allreduce,4n4g,,cuda_nccl,32,128,35.40723333333334,35.0691,36.381933333333336,5,15,35.57922666666666,,,,,
allreduce,4n4g,,cuda_nvshmem,32,128,36.192299999999996,35.76953333333333,37.883833333333335,5,15,36.41122666666667,,,,,
allreduce,4n4g,,oshmpi,32,128,33.59773333333333,33.2301,34.017633333333336,5,15,33.58645333333333,,,,,
allreduce,4n4g,,sycl_mpi,32,128,32.414699999999996,31.908333333333335,33.040866666666666,5,15,32.46103333333333,,,,,
allreduce,4n4g,,sycl_oneccl,32,128,35.7728,34.474066666666666,37.04653333333333,5,15,35.62802,,,,,
allreduce,4n4g,,sycl_oneccl_oshmpi,32,128,22.8208,21.896866666666668,24.1469,5,15,22.84733333333333,,,,,
allreduce,4n4g,,cuda_mpi,64,256,33.06033333333333,32.72043333333333,33.22506666666667,5,15,32.9721,,,,,
allreduce,4n4g,,cuda_nccl,64,256,35.33513333333333,35.199133333333336,35.97813333333333,5,15,35.46928666666667,,,,,
allreduce,4n4g,,cuda_nvshmem,64,256,36.204433333333334,35.96763333333334,36.8741,5,15,36.32396666666667,,,,,
allreduce,4n4g,,oshmpi,64,256,34.682500000000005,34.250033333333334,35.2034,5,15,34.66426666666667,,,,,
allreduce,4n4g,,sycl_mpi,64,256,33.225833333333334,32.7251,34.08546666666667,5,15,33.38015333333333,,,,,
allreduce,4n4g,,sycl_oneccl,64,256,35.977266666666665,34.722633333333334,36.5103,5,15,35.647666666666666,,,,,
allreduce,4n4g,,sycl_oneccl_oshmpi,64,256,23.567533333333333,22.739733333333334,25.128,5,15,23.806146666666667,,,,,
allreduce,4n4g,,cuda_mpi,128,512,37.441066666666664,36.8264,38.049,5,15,37.42726666666667,,,,,
allreduce,4n4g,,cuda_nccl,128,512,37.064933333333336,36.8392,37.63323333333334,5,15,37.1614,,,,,
allreduce,4n4g,,cuda_nvshmem,128,512,37.9713,37.623,40.60993333333333,5,15,38.46797333333333,,,,,
allreduce,4n4g,,oshmpi,128,512,39.32223333333334,38.2086,44.79363333333333,5,15,40.061699999999995,,,,,
allreduce,4n4g,,sycl_mpi,128,512,37.44573333333334,36.60463333333333,38.1711,5,15,37.51926,,,,,
allreduce,4n4g,,sycl_oneccl,128,512,36.5198,35.28243333333333,36.9259,5,15,36.169380000000004,,,,,
allreduce,4n4g,,sycl_oneccl_oshmpi,128,512,24.200833333333332,23.1699,24.309566666666665,5,15,23.951486666666664,,,,,
allreduce,4n4g,,cuda_mpi,256,1024,44.3806,44.2167,44.67053333333333,5,15,44.424366666666664,,,,,
allreduce,4n4g,,cuda_nccl,256,1024,39.51553333333333,39.25763333333333,40.0963,5,15,39.62980666666667,,,,,
allreduce,4n4g,,cuda_nvshmem,256,1024,41.21333333333333,40.3891,44.3997,5,15,41.99352666666667,,,,,
allreduce,4n4g,,oshmpi,256,1024,47.08026666666667,45.86793333333333,47.1427,5,15,46.63350666666667,,,,,
allreduce,4n4g,,sycl_mpi,256,1024,45.466166666666666,44.633633333333336,45.81006666666667,5,15,45.3451,,,,,
allreduce,4n4g,,sycl_oneccl,256,1024,37.6698,36.50526666666667,38.213566666666665,5,15,37.37171333333333,,,,,
allreduce,4n4g,,sycl_oneccl_oshmpi,256,1024,24.6867,23.6659,26.1368,5,15,24.93344,,,,,
allreduce,4n4g,,cuda_mpi,512,2048,45.6381,45.24216666666666,46.2543,5,15,45.668326666666665,,,,,
allreduce,4n4g,,cuda_nccl,512,2048,43.73433333333333,43.56036666666667,44.501400000000004,5,15,43.932853333333334,,,,,
allreduce,4n4g,,cuda_nvshmem,512,2048,45.3277,44.379466666666666,45.92733333333333,5,15,45.27156,,,,,
allreduce,4n4g,,oshmpi,512,2048,46.82653333333334,46.11776666666667,47.15886666666667,5,15,46.67242,,,,,
allreduce,4n4g,,sycl_mpi,512,2048,46.1192,45.37896666666666,46.26153333333333,5,15,45.925533333333334,,,,,
allreduce,4n4g,,sycl_oneccl,512,2048,41.516400000000004,39.628433333333334,42.078633333333336,5,15,40.91694666666667,,,,,
allreduce,4n4g,,sycl_oneccl_oshmpi,512,2048,26.8554,24.907366666666668,31.338566666666665,5,15,27.62966,,,,,
allreduce,4n4g,,cuda_mpi,1024,4096,90.2843,89.51653333333333,90.8196,5,15,90.19312,,,,,
allreduce,4n4g,,cuda_nccl,1024,4096,46.24583333333333,46.14736666666666,47.178666666666665,5,15,46.494793333333334,,,,,
allreduce,4n4g,,cuda_nvshmem,1024,4096,47.07536666666667,46.453966666666666,52.75006666666667,5,15,48.07760666666666,,,,,
allreduce,4n4g,,oshmpi,1024,4096,91.35303333333333,90.4575,91.73463333333333,5,15,91.14539333333333,,,,,
allreduce,4n4g,,sycl_mpi,1024,4096,91.43656666666666,89.89046666666667,91.84443333333334,5,15,91.03390666666668,,,,,
allreduce,4n4g,,sycl_oneccl,1024,4096,45.303,43.47676666666667,46.0005,5,15,44.79100666666667,,,,,
allreduce,4n4g,,sycl_oneccl_oshmpi,1024,4096,30.791600000000003,29.167133333333332,38.395066666666665,5,15,31.856586666666665,,,,,
allreduce,4n4g,,cuda_mpi,2048,8192,96.34133333333332,95.97816666666667,97.10596666666667,5,15,96.48162,,,,,
allreduce,4n4g,,cuda_nccl,2048,8192,48.399033333333335,47.963100000000004,48.8672,5,15,48.357153333333336,,,,,
allreduce,4n4g,,cuda_nvshmem,2048,8192,49.777233333333335,48.06796666666667,50.744,5,15,49.71566,,,,,
allreduce,4n4g,,oshmpi,2048,8192,99.2506,97.4016,99.84493333333333,5,15,98.63754,,,,,
allreduce,4n4g,,sycl_mpi,2048,8192,98.29873333333333,96.3272,98.99053333333333,5,15,97.93572,,,,,
allreduce,4n4g,,sycl_oneccl,2048,8192,47.9518,45.41863333333333,49.1225,5,15,47.298746666666666,,,,,
allreduce,4n4g,,sycl_oneccl_oshmpi,2048,8192,47.8494,46.616033333333334,48.814433333333334,5,15,47.75056,,,,,
allreduce,4n4g,,cuda_mpi,4096,16384,103.64166666666667,102.96,103.84966666666666,5,15,103.50966666666666,,,,,
allreduce,4n4g,,cuda_nccl,4096,16384,49.8237,49.56183333333333,59.52333333333333,5,15,51.71108,,,,,
allreduce,4n4g,,cuda_nvshmem,4096,16384,52.02203333333333,49.35256666666667,61.29213333333333,5,15,53.861626666666666,,,,,
allreduce,4n4g,,oshmpi,4096,16384,106.06033333333333,103.362,106.45766666666667,5,15,105.1026,,,,,
allreduce,4n4g,,sycl_mpi,4096,16384,105.274,103.42466666666667,106.37633333333333,5,15,104.9978,,,,,
allreduce,4n4g,,sycl_oneccl,4096,16384,49.126533333333334,46.59673333333333,49.35816666666667,5,15,48.22047333333333,,,,,
allreduce,4n4g,,sycl_oneccl_oshmpi,4096,16384,45.90593333333333,42.102866666666664,52.2715,5,15,46.64106666666667,,,,,
allreduce,4n4g,,cuda_mpi,8192,32768,106.585,105.96833333333333,107.09666666666666,5,15,106.62053333333333,,,,,
allreduce,4n4g,,cuda_nccl,8192,32768,51.9781,51.36176666666667,53.24856666666667,5,15,52.09286,,,,,
allreduce,4n4g,,cuda_nvshmem,8192,32768,53.263733333333334,52.331466666666664,70.9422,5,15,57.79296,,,,,
allreduce,4n4g,,oshmpi,8192,32768,109.50766666666667,106.819,110.46966666666667,5,15,108.84286666666667,,,,,
allreduce,4n4g,,sycl_mpi,8192,32768,109.587,106.40133333333334,110.13233333333334,5,15,108.5942,,,,,
allreduce,4n4g,,sycl_oneccl,8192,32768,50.92573333333333,48.67593333333333,51.46086666666667,5,15,50.23919333333333,,,,,
allreduce,4n4g,,sycl_oneccl_oshmpi,8192,32768,54.29143333333333,48.89646666666667,59.092866666666666,5,15,53.9753,,,,,
allreduce,4n4g,,cuda_mpi,16384,65536,111.93033333333334,111.14333333333333,122.45066666666666,5,15,113.934,,,,,
allreduce,4n4g,,cuda_nccl,16384,65536,65.31316666666667,64.92706666666666,65.4111,5,15,65.24519333333333,,,,,
allreduce,4n4g,,cuda_nvshmem,16384,65536,66.40946666666667,66.09649999999999,90.1382,5,15,72.65954,,,,,
allreduce,4n4g,,oshmpi,16384,65536,114.83266666666667,112.00066666666666,115.19466666666666,5,15,113.8368,,,,,
allreduce,4n4g,,sycl_mpi,16384,65536,114.166,111.45733333333334,115.18,5,15,113.51706666666668,,,,,
allreduce,4n4g,,sycl_oneccl,16384,65536,65.37273333333334,62.66243333333333,65.57626666666667,5,15,64.40431333333333,,,,,
allreduce,4n4g,,sycl_oneccl_oshmpi,16384,65536,68.20009999999999,64.5447,79.41533333333334,5,15,70.20244666666666,,,,,
allreduce,4n4g,,cuda_mpi,32768,131072,120.40366666666667,120.09133333333334,121.47,5,15,120.56253333333333,,,,,
allreduce,4n4g,,cuda_nccl,32768,131072,82.96203333333334,81.5815,83.5312,5,15,82.68143333333335,,,,,
allreduce,4n4g,,cuda_nvshmem,32768,131072,85.17803333333333,82.0759,95.30516666666666,5,15,86.54940666666667,,,,,
allreduce,4n4g,,oshmpi,32768,131072,123.06933333333333,120.786,123.67866666666667,5,15,122.30786666666667,,,,,
allreduce,4n4g,,sycl_mpi,32768,131072,122.153,120.00866666666667,123.19533333333334,5,15,121.7952,,,,,
allreduce,4n4g,,sycl_oneccl,32768,131072,81.80323333333332,75.9786,83.0668,5,15,79.83361333333333,,,,,
allreduce,4n4g,,sycl_oneccl_oshmpi,32768,131072,108.42133333333334,99.28736666666667,111.65366666666667,5,15,106.80567333333333,,,,,
allreduce,4n4g,,cuda_mpi,65536,262144,129.761,129.404,130.52833333333334,5,15,129.9376,,,,,
allreduce,4n4g,,cuda_nccl,65536,262144,88.15486666666666,87.97676666666666,92.4419,5,15,89.24507999999999,,,,,
allreduce,4n4g,,cuda_nvshmem,65536,262144,90.5523,87.85076666666667,95.3839,5,15,90.96678,,,,,
allreduce,4n4g,,oshmpi,65536,262144,133.08700000000002,130.20833333333334,134.262,5,15,132.40553333333335,,,,,
allreduce,4n4g,,sycl_mpi,65536,262144,132.78566666666666,130.16133333333332,134.13233333333332,5,15,132.30006666666665,,,,,
allreduce,4n4g,,sycl_oneccl,65536,262144,86.82993333333333,81.17036666666667,96.99810000000001,5,15,86.84747999999999,,,,,
allreduce,4n4g,,sycl_oneccl_oshmpi,65536,262144,163.59066666666666,153.40633333333332,165.15133333333333,5,15,161.60899999999998,,,,,
allreduce,4n4g,,cuda_mpi,131072,524288,153.08433333333335,151.988,154.619,5,15,153.15720000000002,,,,,
allreduce,4n4g,,cuda_nccl,131072,524288,189.81900000000002,185.83233333333334,193.496,5,15,189.43426666666667,,,,,
allreduce,4n4g,,cuda_nvshmem,131072,524288,189.79833333333332,188.35566666666668,201.34300000000002,5,15,192.30133333333333,,,,,
allreduce,4n4g,,oshmpi,131072,524288,155.45466666666667,153.65233333333333,156.106,5,15,155.24106666666665,,,,,
allreduce,4n4g,,sycl_mpi,131072,524288,155.31066666666666,153.823,155.812,5,15,155.0342,,,,,
allreduce,4n4g,,sycl_oneccl,131072,524288,107.51033333333334,102.81833333333333,108.54133333333333,5,15,106.08120000000001,,,,,
allreduce,4n4g,,sycl_oneccl_oshmpi,131072,524288,265.533,246.58366666666666,284.82366666666667,5,15,264.85473333333334,,,,,
allreduce,4n4g,,cuda_mpi,262144,1048576,207.76766666666666,206.75466666666668,209.03366666666668,5,15,207.79466666666667,,,,,
allreduce,4n4g,,cuda_nccl,262144,1048576,213.09933333333333,210.51766666666668,216.631,5,15,213.8691333333333,,,,,
allreduce,4n4g,,cuda_nvshmem,262144,1048576,213.913,213.30833333333334,231.12166666666667,5,15,217.34026666666665,,,,,
allreduce,4n4g,,oshmpi,262144,1048576,211.52566666666667,207.04566666666668,213.66666666666666,5,15,210.67453333333333,,,,,
allreduce,4n4g,,sycl_mpi,262144,1048576,209.155,208.56433333333334,210.77733333333333,5,15,209.62166666666664,,,,,
allreduce,4n4g,,sycl_oneccl,262144,1048576,186.621,160.89966666666666,189.40566666666666,5,15,177.10146666666665,,,,,
allreduce,4n4g,,sycl_oneccl_oshmpi,262144,1048576,450.8786666666667,441.643,459.1716666666667,5,15,450.78513333333336,,,,,
allreduce,4n4g,,cuda_mpi,524288,2097152,308.63,307.0013333333333,310.3546666666667,5,15,308.7444666666667,,,,,
allreduce,4n4g,,cuda_nccl,524288,2097152,261.532,259.457,265.35,5,15,262.3353333333333,,,,,
allreduce,4n4g,,cuda_nvshmem,524288,2097152,263.6546666666667,260.7463333333333,270.5493333333333,5,15,264.53333333333336,,,,,
allreduce,4n4g,,oshmpi,524288,2097152,313.361,308.26033333333334,315.84633333333335,5,15,312.0796,,,,,
allreduce,4n4g,,sycl_mpi,524288,2097152,310.0933333333333,307.7026666666667,311.1276666666667,5,15,309.8890666666667,,,,,
allreduce,4n4g,,sycl_oneccl,524288,2097152,279.09066666666666,255.69266666666667,281.455,5,15,270.4678,,,,,
allreduce,4n4g,,sycl_oneccl_oshmpi,524288,2097152,854.5946666666666,839.2289999999999,867.5133333333333,5,15,854.2494666666666,,,,,
allreduce,4n4g,,cuda_mpi,1048576,4194304,496.124,488.13800000000003,498.36633333333333,5,15,494.6904,,,,,
allreduce,4n4g,,cuda_nccl,1048576,4194304,382.32466666666664,377.4563333333333,393.99566666666664,5,15,383.7353333333333,,,,,
allreduce,4n4g,,cuda_nvshmem,1048576,4194304,378.7116666666667,376.567,409.052,5,15,387.374,,,,,
allreduce,4n4g,,oshmpi,1048576,4194304,501.444,492.716,504.54966666666667,5,15,499.4688666666667,,,,,
allreduce,4n4g,,sycl_mpi,1048576,4194304,498.09166666666664,495.285,511.708,5,15,500.084,,,,,
allreduce,4n4g,,sycl_oneccl,1048576,4194304,464.08,448.43533333333335,474.5733333333333,5,15,460.5371333333333,,,,,
allreduce,4n4g,,sycl_oneccl_oshmpi,1048576,4194304,1575.8333333333333,1545.9033333333334,1587.1933333333334,5,15,1570.8173333333332,,,,,
allreduce,4n4g,,cuda_mpi,2097152,8388608,857.3906666666667,855.792,860.8176666666667,5,15,857.7520666666667,,,,,
allreduce,4n4g,,cuda_nccl,2097152,8388608,587.659,578.2083333333333,628.5196666666667,5,15,593.1491333333332,,,,,
allreduce,4n4g,,cuda_nvshmem,2097152,8388608,611.2043333333334,583.3026666666667,673.4816666666667,5,15,616.6950666666667,,,,,
allreduce,4n4g,,oshmpi,2097152,8388608,863.5823333333334,850.4689999999999,866.872,5,15,861.6776666666667,,,,,
allreduce,4n4g,,sycl_mpi,2097152,8388608,859.585,852.3249999999999,861.8846666666667,5,15,858.4256666666666,,,,,
allreduce,4n4g,,sycl_oneccl,2097152,8388608,584.4896666666666,528.568,587.97,5,15,564.5572666666667,,,,,
allreduce,4n4g,,sycl_oneccl_oshmpi,2097152,8388608,3376.08,3318.9366666666665,3440.6033333333335,5,15,3373.6593333333335,,,,,
allreduce,4n4g,,cuda_mpi,4194304,16777216,1574.1733333333334,1570.3633333333335,1581.55,5,15,1575.0053333333335,,,,,
allreduce,4n4g,,cuda_nccl,4194304,16777216,980.818,929.9933333333333,997.0003333333334,5,15,967.6972666666667,,,,,
allreduce,4n4g,,cuda_nvshmem,4194304,16777216,993.7429999999999,946.1573333333333,1001.168,5,15,985.5975333333333,,,,,
allreduce,4n4g,,oshmpi,4194304,16777216,1580.33,1565.53,1588.2566666666667,5,15,1577.2553333333335,,,,,
allreduce,4n4g,,sycl_mpi,4194304,16777216,1577.8533333333335,1560.3433333333332,1595.18,5,15,1575.4773333333333,,,,,
allreduce,4n4g,,sycl_oneccl,4194304,16777216,960.3283333333334,908.9606666666667,1053.278,5,15,983.8092666666666,,,,,
allreduce,4n4g,,sycl_oneccl_oshmpi,4194304,16777216,7857.5633333333335,7790.5,8033.323333333334,5,15,7873.879333333333,,,,,
allreduce,8n4g,,cuda_mpi,1,4,48.39463333333333,47.145066666666665,48.75096666666667,5,15,48.25414,,,,,
allreduce,8n4g,,cuda_nccl,1,4,46.10803333333333,45.616933333333336,47.5116,5,15,46.41721333333333,,,,,
allreduce,8n4g,,cuda_nvshmem,1,4,51.721000000000004,49.11893333333333,88.1473,5,15,60.099646666666665,,,,,
allreduce,8n4g,,oshmpi,1,4,48.5645,48.238366666666664,49.566633333333336,5,15,48.84406,,,,,
allreduce,8n4g,,sycl_mpi,1,4,48.5229,47.66673333333333,48.9854,5,15,48.40475333333333,,,,,
allreduce,8n4g,,sycl_oneccl,1,4,46.80343333333333,44.96366666666667,47.5371,5,15,46.316293333333334,,,,,
allreduce,8n4g,,sycl_oneccl_oshmpi,1,4,29.455333333333336,28.438233333333333,31.573333333333334,5,15,29.73404,,,,,
allreduce,8n4g,,cuda_mpi,2,8,47.23726666666666,46.4103,47.5421,5,15,47.04624,,,,,
allreduce,8n4g,,cuda_nccl,2,8,45.71223333333333,44.9049,46.281666666666666,5,15,45.618500000000004,,,,,
allreduce,8n4g,,cuda_nvshmem,2,8,48.44316666666667,47.28483333333333,64.116,5,15,51.73372,,,,,
allreduce,8n4g,,oshmpi,2,8,47.45956666666667,47.0182,48.70386666666666,5,15,47.705400000000004,,,,,
allreduce,8n4g,,sycl_mpi,2,8,47.170033333333336,46.15613333333334,57.69453333333333,5,15,49.006013333333335,,,,,
allreduce,8n4g,,sycl_oneccl,2,8,45.54676666666666,45.038466666666665,47.1199,5,15,45.77671333333333,,,,,
allreduce,8n4g,,sycl_oneccl_oshmpi,2,8,29.281933333333335,25.2747,31.293666666666667,5,15,28.248393333333336,,,,,
allreduce,8n4g,,cuda_mpi,4,16,44.292566666666666,42.9499,44.68083333333333,5,15,44.00577333333333,,,,,
allreduce,8n4g,,cuda_nccl,4,16,45.192899999999995,45.1731,46.7205,5,15,45.621959999999994,,,,,
allreduce,8n4g,,cuda_nvshmem,4,16,58.8975,45.608333333333334,73.1563,5,15,58.87228666666667,,,,,
allreduce,8n4g,,oshmpi,4,16,44.60106666666667,43.61836666666667,44.71273333333333,5,15,44.287866666666666,,,,,
allreduce,8n4g,,sycl_mpi,4,16,43.46163333333333,43.2085,44.5111,5,15,43.68161333333333,,,,,
allreduce,8n4g,,sycl_oneccl,4,16,45.55186666666666,44.669466666666665,45.91276666666667,5,15,45.40542,,,,,
allreduce,8n4g,,sycl_oneccl_oshmpi,4,16,25.5651,24.3532,28.307766666666666,5,15,25.971173333333336,,,,,
allreduce,8n4g,,cuda_mpi,8,32,45.898199999999996,45.1354,46.3868,5,15,45.85673333333333,,,,,
allreduce,8n4g,,cuda_nccl,8,32,45.556533333333334,45.257866666666665,45.756166666666665,5,15,45.53690666666667,,,,,
allreduce,8n4g,,cuda_nvshmem,8,32,50.738166666666665,48.1343,96.28446666666666,5,15,60.65778,,,,,
allreduce,8n4g,,oshmpi,8,32,45.93396666666667,45.538333333333334,46.254133333333336,5,15,45.92584,,,,,
allreduce,8n4g,,sycl_mpi,8,32,45.821666666666665,45.065533333333335,46.3732,5,15,45.69452666666667,,,,,
allreduce,8n4g,,sycl_oneccl,8,32,45.7355,45.06913333333333,46.2008,5,15,45.72247333333333,,,,,
allreduce,8n4g,,sycl_oneccl_oshmpi,8,32,26.524166666666666,24.145066666666665,27.898666666666667,5,15,26.00478,,,,,
allreduce,8n4g,,cuda_mpi,16,64,46.45706666666667,45.6582,47.058366666666664,5,15,46.40062666666667,,,,,
allreduce,8n4g,,cuda_nccl,16,64,45.260533333333335,44.967933333333335,46.204566666666665,5,15,45.392453333333336,,,,,
allreduce,8n4g,,cuda_nvshmem,16,64,52.7658,45.908366666666666,67.6337,5,15,55.5609,,,,,
allreduce,8n4g,,oshmpi,16,64,47.632933333333334,47.05343333333334,47.971133333333334,5,15,47.58059333333333,,,,,
allreduce,8n4g,,sycl_mpi,16,64,46.0891,45.629866666666665,47.20336666666667,5,15,46.24992666666667,,,,,
allreduce,8n4g,,sycl_oneccl,16,64,46.5737,45.40963333333333,52.61736666666667,5,15,47.42653333333333,,,,,
allreduce,8n4g,,sycl_oneccl_oshmpi,16,64,28.874366666666667,25.117166666666666,42.930166666666665,5,15,30.43572,,,,,
allreduce,8n4g,,cuda_mpi,32,128,45.98043333333334,45.78606666666667,46.622033333333334,5,15,46.11227333333333,,,,,
allreduce,8n4g,,cuda_nccl,32,128,45.72346666666667,45.36653333333334,45.846,5,15,45.64591333333333,,,,,
allreduce,8n4g,,cuda_nvshmem,32,128,52.333533333333335,46.2904,66.85676666666666,5,15,55.03355333333333,,,,,
allreduce,8n4g,,oshmpi,32,128,47.47366666666667,46.64236666666667,47.65313333333333,5,15,47.20152666666666,,,,,
allreduce,8n4g,,sycl_mpi,32,128,46.13753333333333,45.40186666666667,46.731633333333335,5,15,46.07422666666666,,,,,
allreduce,8n4g,,sycl_oneccl,32,128,46.1188,45.58553333333334,46.841633333333334,5,15,46.194053333333336,,,,,
allreduce,8n4g,,sycl_oneccl_oshmpi,32,128,27.718933333333332,25.735400000000002,39.15156666666667,5,15,30.72520666666667,,,,,
allreduce,8n4g,,cuda_mpi,64,256,47.08063333333333,46.38023333333334,47.95683333333333,5,15,47.179093333333334,,,,,
allreduce,8n4g,,cuda_nccl,64,256,46.01873333333334,45.7231,46.2187,5,15,45.99936666666667,,,,,
allreduce,8n4g,,cuda_nvshmem,64,256,54.48526666666667,45.96176666666667,58.89153333333333,5,15,53.377226666666665,,,,,
allreduce,8n4g,,oshmpi,64,256,48.6208,47.70556666666666,49.6775,5,15,48.70382666666667,,,,,
allreduce,8n4g,,sycl_mpi,64,256,47.254933333333334,46.350033333333336,48.04456666666666,5,15,47.10928666666666,,,,,
allreduce,8n4g,,sycl_oneccl,64,256,46.51676666666667,46.1109,47.31046666666666,5,15,46.70713333333333,,,,,
allreduce,8n4g,,sycl_oneccl_oshmpi,64,256,32.79306666666667,27.293566666666667,41.951366666666665,5,15,32.923633333333335,,,,,
allreduce,8n4g,,cuda_mpi,128,512,51.3037,51.04346666666667,52.1326,5,15,51.41544,,,,,
allreduce,8n4g,,cuda_nccl,128,512,48.4489,48.103433333333335,48.5968,5,15,48.395873333333334,,,,,
allreduce,8n4g,,cuda_nvshmem,128,512,55.889700000000005,48.129266666666666,70.8729,5,15,58.429386666666666,,,,,
allreduce,8n4g,,oshmpi,128,512,52.79906666666667,51.809866666666665,53.7928,5,15,52.817260000000005,,,,,
allreduce,8n4g,,sycl_mpi,128,512,51.7425,50.29866666666666,52.5008,5,15,51.64497333333333,,,,,
allreduce,8n4g,,sycl_oneccl,128,512,47.1211,46.827133333333336,47.935966666666666,5,15,47.371386666666666,,,,,
allreduce,8n4g,,sycl_oneccl_oshmpi,128,512,31.3756,28.486833333333333,46.06386666666667,5,15,34.2604,,,,,
allreduce,8n4g,,cuda_mpi,256,1024,63.60916666666667,61.652233333333335,64.04116666666667,5,15,63.2035,,,,,
allreduce,8n4g,,cuda_nccl,256,1024,52.2408,52.08206666666667,52.33586666666667,5,15,52.23189333333333,,,,,
allreduce,8n4g,,cuda_nvshmem,256,1024,59.556266666666666,51.8724,76.74606666666666,5,15,62.6021,,,,,
allreduce,8n4g,,oshmpi,256,1024,64.90376666666667,63.9081,65.7876,5,15,64.84906,,,,,
allreduce,8n4g,,sycl_mpi,256,1024,63.14236666666667,61.80833333333334,63.8375,5,15,63.067260000000005,,,,,
allreduce,8n4g,,sycl_oneccl,256,1024,48.9277,48.27043333333334,49.53086666666667,5,15,49.02037333333333,,,,,
allreduce,8n4g,,sycl_oneccl_oshmpi,256,1024,32.3272,29.6566,42.4734,5,15,33.82853333333333,,,,,
allreduce,8n4g,,cuda_mpi,512,2048,64.50786666666667,62.73246666666667,65.51066666666667,5,15,64.28839333333333,,,,,
allreduce,8n4g,,cuda_nccl,512,2048,58.85563333333333,58.43083333333333,59.55713333333333,5,15,58.89342,,,,,
allreduce,8n4g,,cuda_nvshmem,512,2048,64.60166666666667,58.9414,66.31916666666666,5,15,63.813599999999994,,,,,
allreduce,8n4g,,oshmpi,512,2048,65.1242,63.7049,66.36333333333333,5,15,65.12662,,,,,
allreduce,8n4g,,sycl_mpi,512,2048,64.41656666666667,63.136433333333336,65.00786666666667,5,15,64.34624666666667,,,,,
allreduce,8n4g,,sycl_oneccl,512,2048,55.337,54.338300000000004,55.80563333333333,5,15,55.13894666666667,,,,,
allreduce,8n4g,,sycl_oneccl_oshmpi,512,2048,39.295233333333336,32.303,47.383766666666666,5,15,39.35012666666667,,,,,
allreduce,8n4g,,cuda_mpi,1024,4096,108.42066666666666,106.27133333333333,109.664,5,15,108.18193333333333,,,,,
allreduce,8n4g,,cuda_nccl,1024,4096,61.910333333333334,61.427166666666665,62.4317,5,15,61.97016,,,,,
allreduce,8n4g,,cuda_nvshmem,1024,4096,74.1912,62.61943333333333,85.31566666666667,5,15,74.14363333333334,,,,,
allreduce,8n4g,,oshmpi,1024,4096,107.95166666666667,106.15866666666666,109.58833333333332,5,15,107.92586666666666,,,,,
allreduce,8n4g,,sycl_mpi,1024,4096,108.155,106.508,109.604,5,15,108.26,,,,,
allreduce,8n4g,,sycl_oneccl,1024,4096,60.50633333333333,59.606966666666665,61.30003333333333,5,15,60.59133333333333,,,,,
allreduce,8n4g,,sycl_oneccl_oshmpi,1024,4096,38.747566666666664,35.87866666666667,55.80526666666667,5,15,42.86101333333333,,,,,
allreduce,8n4g,,cuda_mpi,2048,8192,115.32266666666666,112.92533333333334,116.52,5,15,114.98146666666666,,,,,
allreduce,8n4g,,cuda_nccl,2048,8192,64.22909999999999,64.07163333333334,64.86569999999999,5,15,64.34770666666667,,,,,
allreduce,8n4g,,cuda_nvshmem,2048,8192,81.27033333333333,63.6376,103.00876666666666,5,15,82.00784666666667,,,,,
allreduce,8n4g,,oshmpi,2048,8192,114.016,112.39366666666668,116.70533333333333,5,15,114.1298,,,,,
allreduce,8n4g,,sycl_mpi,2048,8192,114.65,113.108,116.87133333333334,5,15,115.14146666666667,,,,,
allreduce,8n4g,,sycl_oneccl,2048,8192,62.968333333333334,62.1845,64.01826666666666,5,15,63.12158,,,,,
allreduce,8n4g,,sycl_oneccl_oshmpi,2048,8192,58.370533333333334,54.072466666666664,71.71276666666667,5,15,60.17838,,,,,
allreduce,8n4g,,cuda_mpi,4096,16384,122.91733333333333,119.794,136.66533333333334,5,15,125.15106666666667,,,,,
allreduce,8n4g,,cuda_nccl,4096,16384,65.6665,65.42283333333333,66.0209,5,15,65.70642666666667,,,,,
allreduce,8n4g,,cuda_nvshmem,4096,16384,89.4597,64.9848,96.6198,5,15,84.08847333333333,,,,,
allreduce,8n4g,,oshmpi,4096,16384,122.342,120.31033333333333,124.89966666666668,5,15,122.25806666666668,,,,,
allreduce,8n4g,,sycl_mpi,4096,16384,122.09066666666666,121.45933333333333,125.05066666666667,5,15,123.02826666666667,,,,,
allreduce,8n4g,,sycl_oneccl,4096,16384,64.35253333333333,63.696466666666666,65.61913333333334,5,15,64.51921333333333,,,,,
allreduce,8n4g,,sycl_oneccl_oshmpi,4096,16384,57.8076,52.233333333333334,68.16516666666666,5,15,59.90931333333334,,,,,
allreduce,8n4g,,cuda_mpi,8192,32768,131.84466666666665,129.03966666666668,133.72133333333332,5,15,131.731,,,,,
allreduce,8n4g,,cuda_nccl,8192,32768,68.84846666666667,68.63953333333333,69.1594,5,15,68.88143333333333,,,,,
allreduce,8n4g,,cuda_nvshmem,8192,32768,91.5845,70.26723333333332,149.693,5,15,98.76506666666667,,,,,
allreduce,8n4g,,oshmpi,8192,32768,132.222,129.012,135.26533333333333,5,15,131.96880000000002,,,,,
allreduce,8n4g,,sycl_mpi,8192,32768,131.934,129.662,134.853,5,15,132.4622,,,,,
allreduce,8n4g,,sycl_oneccl,8192,32768,67.84486666666666,66.35253333333334,69.15963333333333,5,15,67.8495,,,,,
allreduce,8n4g,,sycl_oneccl_oshmpi,8192,32768,73.03916666666667,62.2932,103.21586666666667,5,15,78.33857333333334,,,,,
allreduce,8n4g,,cuda_mpi,16384,65536,137.474,134.16133333333335,139.72866666666667,5,15,137.51626666666667,,,,,
allreduce,8n4g,,cuda_nccl,16384,65536,87.36043333333333,87.16133333333333,89.00466666666667,5,15,87.86478000000001,,,,,
allreduce,8n4g,,cuda_nvshmem,16384,65536,113.92953333333332,88.86803333333333,206.72866666666667,5,15,131.35462,,,,,
allreduce,8n4g,,oshmpi,16384,65536,138.94066666666666,135.672,142.936,5,15,139.03726666666668,,,,,
allreduce,8n4g,,sycl_mpi,16384,65536,137.577,135.20466666666667,140.90866666666668,5,15,138.0782,,,,,
allreduce,8n4g,,sycl_oneccl,16384,65536,87.06563333333334,85.88196666666667,87.19083333333333,5,15,86.71971333333333,,,,,
allreduce,8n4g,,sycl_oneccl_oshmpi,16384,65536,102.41153333333332,80.53173333333334,147.2734,5,15,108.26521333333334,,,,,
allreduce,8n4g,,cuda_mpi,32768,131072,149.02666666666667,145.44333333333333,151.19733333333335,5,15,148.8691333333333,,,,,
allreduce,8n4g,,cuda_nccl,32768,131072,136.346,134.83333333333334,137.254,5,15,136.1764,,,,,
allreduce,8n4g,,cuda_nvshmem,32768,131072,171.29,136.471,234.17366666666666,5,15,180.44626666666667,,,,,
allreduce,8n4g,,oshmpi,32768,131072,150.21833333333333,145.45966666666666,153.305,5,15,149.46286666666668,,,,,
allreduce,8n4g,,sycl_mpi,32768,131072,149.19933333333333,146.546,152.64566666666667,5,15,149.53213333333332,,,,,
allreduce,8n4g,,sycl_oneccl,32768,131072,132.73566666666667,131.858,137.77833333333334,5,15,133.77100000000002,,,,,
allreduce,8n4g,,sycl_oneccl_oshmpi,32768,131072,127.79733333333334,115.832,167.127,5,15,137.23573333333334,,,,,
allreduce,8n4g,,cuda_mpi,65536,262144,162.16266666666667,157.66933333333333,163.431,5,15,161.45213333333334,,,,,
allreduce,8n4g,,cuda_nccl,65536,262144,233.534,231.11933333333334,233.714,5,15,232.83759999999998,,,,,
allreduce,8n4g,,cuda_nvshmem,65536,262144,285.14,230.997,363.25,5,15,295.09933333333333,,,,,
allreduce,8n4g,,oshmpi,65536,262144,161.13033333333334,158.298,166.06,5,15,161.58186666666668,,,,,
allreduce,8n4g,,sycl_mpi,65536,262144,161.37233333333333,158.36466666666666,168.87466666666668,5,15,162.57413333333335,,,,,
allreduce,8n4g,,sycl_oneccl,65536,262144,154.726,150.81133333333335,166.673,5,15,156.60446666666667,,,,,
allreduce,8n4g,,sycl_oneccl_oshmpi,65536,262144,220.86933333333332,185.16933333333333,274.323,5,15,219.362,,,,,
allreduce,8n4g,,cuda_mpi,131072,524288,191.32766666666666,186.812,193.474,5,15,190.8006,,,,,
allreduce,8n4g,,cuda_nccl,131072,524288,250.956,249.89966666666666,252.01566666666668,5,15,251.02593333333334,,,,,
allreduce,8n4g,,cuda_nvshmem,131072,524288,333.16133333333335,248.44166666666666,351.163,5,15,321.2937333333333,,,,,
allreduce,8n4g,,oshmpi,131072,524288,192.583,188.80133333333333,196.005,5,15,191.93466666666666,,,,,
allreduce,8n4g,,sycl_mpi,131072,524288,191.025,188.67066666666668,193.572,5,15,191.18466666666666,,,,,
allreduce,8n4g,,sycl_oneccl,131072,524288,160.182,158.05266666666665,163.91566666666668,5,15,160.60219999999998,,,,,
allreduce,8n4g,,sycl_oneccl_oshmpi,131072,524288,341.67566666666664,295.671,409.08033333333333,5,15,341.38259999999997,,,,,
allreduce,8n4g,,cuda_mpi,262144,1048576,251.40733333333333,246.05366666666666,255.15766666666667,5,15,251.29653333333331,,,,,
allreduce,8n4g,,cuda_nccl,262144,1048576,278.52666666666664,276.9286666666667,280.268,5,15,278.4067333333333,,,,,
allreduce,8n4g,,cuda_nvshmem,262144,1048576,364.961,299.28700000000003,461.10333333333335,5,15,370.2334,,,,,
allreduce,8n4g,,oshmpi,262144,1048576,254.65633333333332,252.64266666666666,261.107,5,15,255.54113333333333,,,,,
allreduce,8n4g,,sycl_mpi,262144,1048576,251.31466666666668,247.80533333333332,258.22833333333335,5,15,252.59093333333334,,,,,
allreduce,8n4g,,sycl_oneccl,262144,1048576,199.77566666666667,198.77566666666667,200.161,5,15,199.69113333333334,,,,,
allreduce,8n4g,,sycl_oneccl_oshmpi,262144,1048576,539.6963333333333,476.588,552.7243333333333,5,15,527.7324666666667,,,,,
allreduce,8n4g,,cuda_mpi,524288,2097152,377.82733333333334,368.606,384.5996666666667,5,15,377.486,,,,,
allreduce,8n4g,,cuda_nccl,524288,2097152,338.53366666666665,329.8086666666667,363.29333333333335,5,15,341.3693333333333,,,,,
allreduce,8n4g,,cuda_nvshmem,524288,2097152,425.2783333333333,332.099,672.9516666666667,5,15,467.7201333333333,,,,,
allreduce,8n4g,,oshmpi,524288,2097152,383.50466666666665,376.584,387.094,5,15,382.2750666666667,,,,,
allreduce,8n4g,,sycl_mpi,524288,2097152,373.3263333333333,370.92833333333334,384.01933333333335,5,15,375.63373333333334,,,,,
allreduce,8n4g,,sycl_oneccl,524288,2097152,387.02633333333335,360.1503333333333,393.6786666666667,5,15,382.91353333333336,,,,,
allreduce,8n4g,,sycl_oneccl_oshmpi,524288,2097152,959.854,900.823,1029.0863333333332,5,15,960.3967333333333,,,,,
allreduce,8n4g,,cuda_mpi,1048576,4194304,605.0026666666666,594.8083333333334,610.499,5,15,603.8486666666666,,,,,
allreduce,8n4g,,cuda_nccl,1048576,4194304,480.16766666666666,473.75600000000003,581.1843333333334,5,15,499.7049333333333,,,,,
allreduce,8n4g,,cuda_nvshmem,1048576,4194304,653.2473333333334,578.368,683.9186666666667,5,15,644.2335333333334,,,,,
allreduce,8n4g,,oshmpi,1048576,4194304,607.5626666666667,599.107,615.2576666666666,5,15,607.3412000000001,,,,,
allreduce,8n4g,,sycl_mpi,1048576,4194304,605.2,602.1026666666667,613.1546666666667,5,15,606.8749333333333,,,,,
allreduce,8n4g,,sycl_oneccl,1048576,4194304,563.4596666666666,543.4693333333333,597.003,5,15,566.8269333333334,,,,,
allreduce,8n4g,,sycl_oneccl_oshmpi,1048576,4194304,1752.99,1642.4466666666667,1871.2533333333333,5,15,1745.6159999999998,,,,,
allreduce,8n4g,,cuda_mpi,2097152,8388608,1034.8833333333334,1021.3766666666667,1038.1033333333332,5,15,1032.9706666666666,,,,,
allreduce,8n4g,,cuda_nccl,2097152,8388608,745.1383333333333,692.1456666666667,783.9656666666666,5,15,737.4674,,,,,
allreduce,8n4g,,cuda_nvshmem,2097152,8388608,944.4913333333333,742.5893333333333,1036.2966666666666,5,15,909.24,,,,,
allreduce,8n4g,,oshmpi,2097152,8388608,1037.19,1027.92,1047.7466666666667,5,15,1037.634,,,,,
allreduce,8n4g,,sycl_mpi,2097152,8388608,1028.2033333333334,1021.2533333333333,1040.93,5,15,1030.7493333333334,,,,,
allreduce,8n4g,,sycl_oneccl,2097152,8388608,1300.23,1274.41,1311.89,5,15,1298.194,,,,,
allreduce,8n4g,,sycl_oneccl_oshmpi,2097152,8388608,3575.1966666666667,3478.076666666667,3730.4333333333334,5,15,3585.5513333333333,,,,,
allreduce,8n4g,,cuda_mpi,4194304,16777216,1875.1466666666668,1872.4233333333332,1904.5866666666666,5,15,1880.7779999999998,,,,,
allreduce,8n4g,,cuda_nccl,4194304,16777216,1111.67,1103.1666666666667,1128.5633333333333,5,15,1114.212,,,,,
allreduce,8n4g,,cuda_nvshmem,4194304,16777216,1420.15,1088.76,1574.4866666666667,5,15,1385.4506666666666,,,,,
allreduce,8n4g,,oshmpi,4194304,16777216,1881.7433333333333,1854.6533333333334,1892.53,5,15,1878.7160000000001,,,,,
allreduce,8n4g,,sycl_mpi,4194304,16777216,1875.17,1870.6966666666667,1881.8833333333332,5,15,1875.8026666666667,,,,,
allreduce,8n4g,,sycl_oneccl,4194304,16777216,1228.2333333333333,1196.7166666666667,1270.2366666666667,5,15,1230.78,,,,,
allreduce,8n4g,,sycl_oneccl_oshmpi,4194304,16777216,8169.82,8099.6,8398.363333333333,5,15,8205.318666666666,,,,,
alltoall,1n1g,,cuda_mpi,1,4,8.008173333333334,7.79593,8.056796666666667,3,9,7.953633333333333,,,,,
alltoall,1n1g,,cuda_nccl,1,4,13.988266666666668,13.871033333333333,14.738333333333333,3,9,14.199211111111111,,,,,
alltoall,1n1g,,cuda_nvshmem,1,4,13.226166666666666,13.192133333333333,13.5679,3,9,13.328733333333334,,,,,
alltoall,1n1g,,oshmpi,1,4,10.060966666666667,9.9603,10.181773333333334,3,9,10.067680000000001,,,,,
alltoall,1n1g,,sycl_mpi,1,4,7.971213333333333,7.889756666666667,8.021356666666666,3,9,7.960775555555555,,,,,
alltoall,1n1g,,sycl_oneccl,1,4,13.5942,13.588333333333333,13.667933333333334,3,9,13.616822222222222,,,,,
alltoall,1n1g,,sycl_oneccl_oshmpi,1,4,16.6888,16.66636666666667,16.711433333333332,3,9,16.68886666666667,,,,,
alltoall,1n1g,,cuda_mpi,2,8,8.008420000000001,7.82122,8.066616666666667,3,9,7.965418888888889,,,,,
alltoall,1n1g,,cuda_nccl,2,8,14.137,13.907499999999999,14.763666666666666,3,9,14.269388888888889,,,,,
alltoall,1n1g,,cuda_nvshmem,2,8,13.2336,13.183166666666667,13.5262,3,9,13.314322222222224,,,,,
alltoall,1n1g,,oshmpi,2,8,10.007566666666666,9.982533333333333,10.23974,3,9,10.076613333333334,,,,,
alltoall,1n1g,,sycl_mpi,2,8,8.056056666666667,7.868026666666666,8.062733333333334,3,9,7.995605555555555,,,,,
alltoall,1n1g,,sycl_oneccl,2,8,13.693200000000001,13.580933333333332,13.699366666666666,3,9,13.657833333333334,,,,,
alltoall,1n1g,,sycl_oneccl_oshmpi,2,8,16.64506666666667,16.5223,16.683633333333333,3,9,16.617,,,,,
alltoall,1n1g,,cuda_mpi,4,16,7.987926666666667,7.862593333333334,8.041163333333333,3,9,7.963894444444445,,,,,
alltoall,1n1g,,cuda_nccl,4,16,13.8925,13.697166666666666,14.336366666666667,3,9,13.975344444444444,,,,,
alltoall,1n1g,,cuda_nvshmem,4,16,13.146533333333334,13.102933333333333,13.436066666666667,3,9,13.22851111111111,,,,,
alltoall,1n1g,,oshmpi,4,16,9.986706666666667,9.976753333333333,10.124903333333334,3,9,10.029454444444445,,,,,
alltoall,1n1g,,sycl_mpi,4,16,8.114776666666666,7.966643333333334,8.117413333333333,3,9,8.066277777777778,,,,,
alltoall,1n1g,,sycl_oneccl,4,16,13.501633333333332,13.320433333333334,13.655866666666666,3,9,13.492644444444444,,,,,
alltoall,1n1g,,sycl_oneccl_oshmpi,4,16,16.7683,16.604333333333333,16.779966666666667,3,9,16.717533333333332,,,,,
alltoall,1n1g,,cuda_mpi,8,32,8.029026666666667,7.81858,8.060723333333334,3,9,7.9694433333333325,,,,,
alltoall,1n1g,,cuda_nccl,8,32,13.8578,13.735033333333332,14.363866666666667,3,9,13.985566666666665,,,,,
alltoall,1n1g,,cuda_nvshmem,8,32,13.134666666666666,13.100233333333334,13.4465,3,9,13.227133333333335,,,,,
alltoall,1n1g,,oshmpi,8,32,9.97235,9.914336666666667,10.063546666666667,3,9,9.983411111111112,,,,,
alltoall,1n1g,,sycl_mpi,8,32,8.094646666666666,7.999886666666667,8.111936666666667,3,9,8.068823333333334,,,,,
alltoall,1n1g,,sycl_oneccl,8,32,13.512033333333333,13.4732,13.587633333333333,3,9,13.524288888888888,,,,,
alltoall,1n1g,,sycl_oneccl_oshmpi,8,32,16.65083333333333,16.574066666666667,16.682233333333333,3,9,16.63571111111111,,,,,
alltoall,1n1g,,cuda_mpi,16,64,8.037563333333333,7.859773333333333,8.10214,3,9,7.999825555555556,,,,,
alltoall,1n1g,,cuda_nccl,16,64,13.803033333333333,13.6905,14.257366666666666,3,9,13.916966666666667,,,,,
alltoall,1n1g,,cuda_nvshmem,16,64,13.209866666666667,13.154933333333332,13.536566666666667,3,9,13.300455555555555,,,,,
alltoall,1n1g,,oshmpi,16,64,9.976573333333333,9.930693333333334,10.10371,3,9,10.003658888888888,,,,,
alltoall,1n1g,,sycl_mpi,16,64,8.063146666666666,7.995893333333333,8.170983333333334,3,9,8.076674444444444,,,,,
alltoall,1n1g,,sycl_oneccl,16,64,13.443999999999999,13.3409,13.468533333333333,3,9,13.417811111111112,,,,,
alltoall,1n1g,,sycl_oneccl_oshmpi,16,64,16.646433333333334,16.4803,16.6543,3,9,16.593677777777778,,,,,
alltoall,1n1g,,cuda_mpi,32,128,8.02872,7.8336033333333335,8.081943333333333,3,9,7.981422222222223,,,,,
alltoall,1n1g,,cuda_nccl,32,128,13.815766666666667,13.718466666666666,14.5074,3,9,14.013877777777777,,,,,
alltoall,1n1g,,cuda_nvshmem,32,128,13.204733333333333,13.139466666666667,13.579766666666666,3,9,13.30798888888889,,,,,
alltoall,1n1g,,oshmpi,32,128,10.008096666666667,9.904543333333333,10.224546666666667,3,9,10.04572888888889,,,,,
alltoall,1n1g,,sycl_mpi,32,128,8.119913333333333,8.005056666666666,8.20092,3,9,8.10863,,,,,
alltoall,1n1g,,sycl_oneccl,32,128,13.4622,13.3393,13.497733333333334,3,9,13.433077777777777,,,,,
alltoall,1n1g,,sycl_oneccl_oshmpi,32,128,16.6055,16.559166666666666,16.780066666666666,3,9,16.648244444444444,,,,,
alltoall,1n1g,,cuda_mpi,64,256,8.083956666666667,7.887263333333333,8.117246666666666,3,9,8.029488888888888,,,,,
alltoall,1n1g,,cuda_nccl,64,256,13.827,13.670833333333333,14.3294,3,9,13.942411111111111,,,,,
alltoall,1n1g,,cuda_nvshmem,64,256,13.191933333333333,13.116066666666667,13.441366666666667,3,9,13.249788888888888,,,,,
alltoall,1n1g,,oshmpi,64,256,10.08405,9.932936666666667,10.127316666666665,3,9,10.04810111111111,,,,,
alltoall,1n1g,,sycl_mpi,64,256,8.100766666666667,7.94585,8.129213333333334,3,9,8.05861,,,,,
alltoall,1n1g,,sycl_oneccl,64,256,13.4775,13.3804,13.501866666666666,3,9,13.453255555555556,,,,,
alltoall,1n1g,,sycl_oneccl_oshmpi,64,256,16.726466666666667,16.623733333333334,16.783266666666666,3,9,16.711155555555553,,,,,
alltoall,1n1g,,cuda_mpi,128,512,8.04269,7.883063333333333,8.10508,3,9,8.010277777777778,,,,,
alltoall,1n1g,,cuda_nccl,128,512,13.622266666666667,13.428166666666666,14.2383,3,9,13.76291111111111,,,,,
alltoall,1n1g,,cuda_nvshmem,128,512,13.024366666666666,12.996433333333334,13.262366666666667,3,9,13.094388888888888,,,,,
alltoall,1n1g,,oshmpi,128,512,10.018303333333334,9.973643333333333,10.473646666666667,3,9,10.15519777777778,,,,,
alltoall,1n1g,,sycl_mpi,128,512,8.05386,8.022893333333332,8.11492,3,9,8.063891111111111,,,,,
alltoall,1n1g,,sycl_oneccl,128,512,13.439733333333333,13.295266666666667,13.458566666666666,3,9,13.397855555555557,,,,,
alltoall,1n1g,,sycl_oneccl_oshmpi,128,512,16.807,16.5411,16.821066666666667,3,9,16.723055555555554,,,,,
alltoall,1n1g,,cuda_mpi,256,1024,7.9869433333333335,7.784056666666666,8.002263333333334,3,9,7.924421111111111,,,,,
alltoall,1n1g,,cuda_nccl,256,1024,13.5759,13.395466666666668,13.9741,3,9,13.648488888888888,,,,,
alltoall,1n1g,,cuda_nvshmem,256,1024,12.922233333333333,12.790000000000001,13.085733333333334,3,9,12.932655555555556,,,,,
alltoall,1n1g,,oshmpi,256,1024,9.889946666666667,9.874243333333334,10.19338,3,9,9.985856666666667,,,,,
alltoall,1n1g,,sycl_mpi,256,1024,7.956463333333334,7.857526666666667,8.169,3,9,7.994330000000001,,,,,
alltoall,1n1g,,sycl_oneccl,256,1024,13.387,13.292033333333334,13.426566666666666,3,9,13.368533333333334,,,,,
alltoall,1n1g,,sycl_oneccl_oshmpi,256,1024,16.81683333333333,16.707966666666668,16.870566666666665,3,9,16.798455555555552,,,,,
alltoall,1n1g,,cuda_mpi,512,2048,8.186273333333332,8.014096666666667,8.203113333333333,3,9,8.134494444444444,,,,,
alltoall,1n1g,,cuda_nccl,512,2048,13.527533333333334,13.4094,13.8902,3,9,13.609044444444445,,,,,
alltoall,1n1g,,cuda_nvshmem,512,2048,12.893566666666667,12.7584,13.061266666666667,3,9,12.904411111111111,,,,,
alltoall,1n1g,,oshmpi,512,2048,10.1557,9.863813333333333,10.227533333333334,3,9,10.08234888888889,,,,,
alltoall,1n1g,,sycl_mpi,512,2048,8.240716666666668,7.75668,8.384753333333332,3,9,8.127383333333334,,,,,
alltoall,1n1g,,sycl_oneccl,512,2048,13.373233333333333,13.224533333333333,13.4618,3,9,13.353188888888887,,,,,
alltoall,1n1g,,sycl_oneccl_oshmpi,512,2048,16.973333333333333,16.92106666666667,17.048666666666666,3,9,16.981022222222222,,,,,
alltoall,1n1g,,cuda_mpi,1024,4096,8.142503333333334,8.03933,8.172316666666667,3,9,8.11805,,,,,
alltoall,1n1g,,cuda_nccl,1024,4096,13.449866666666667,13.250833333333334,13.815033333333334,3,9,13.505244444444445,,,,,
alltoall,1n1g,,cuda_nvshmem,1024,4096,12.782166666666667,12.710700000000001,13.067233333333334,3,9,12.853366666666666,,,,,
alltoall,1n1g,,oshmpi,1024,4096,10.197333333333333,10.173866666666667,10.210099999999999,3,9,10.193766666666667,,,,,
alltoall,1n1g,,sycl_mpi,1024,4096,8.283706666666667,8.064806666666666,8.449613333333334,3,9,8.266042222222222,,,,,
alltoall,1n1g,,sycl_oneccl,1024,4096,13.206633333333333,13.0464,13.336333333333334,3,9,13.196455555555556,,,,,
alltoall,1n1g,,sycl_oneccl_oshmpi,1024,4096,17.57773333333333,17.540333333333333,17.624233333333333,3,9,17.580766666666666,,,,,
alltoall,1n1g,,cuda_mpi,2048,8192,8.295696666666666,8.079986666666667,8.30705,3,9,8.227577777777777,,,,,
alltoall,1n1g,,cuda_nccl,2048,8192,13.540433333333333,13.4184,14.010833333333334,3,9,13.656555555555556,,,,,
alltoall,1n1g,,cuda_nvshmem,2048,8192,12.803766666666666,12.727233333333334,13.097133333333334,3,9,12.876044444444444,,,,,
alltoall,1n1g,,oshmpi,2048,8192,10.284166666666668,10.257766666666667,10.358233333333335,3,9,10.300055555555556,,,,,
alltoall,1n1g,,sycl_mpi,2048,8192,8.34264,8.150543333333333,8.4419,3,9,8.311694444444445,,,,,
alltoall,1n1g,,sycl_oneccl,2048,8192,13.199633333333333,13.057066666666666,13.244066666666667,3,9,13.166922222222222,,,,,
alltoall,1n1g,,sycl_oneccl_oshmpi,2048,8192,18.5079,18.471833333333333,18.804266666666667,3,9,18.59466666666667,,,,,
alltoall,1n1g,,cuda_mpi,4096,16384,8.40325,8.174546666666666,8.424926666666666,3,9,8.33424111111111,,,,,
alltoall,1n1g,,cuda_nccl,4096,16384,13.7203,13.556633333333334,14.242033333333334,3,9,13.839655555555556,,,,,
alltoall,1n1g,,cuda_nvshmem,4096,16384,13.0083,12.9497,13.226866666666666,3,9,13.061622222222221,,,,,
alltoall,1n1g,,oshmpi,4096,16384,10.363199999999999,10.302666666666667,10.585933333333333,3,9,10.417266666666666,,,,,
alltoall,1n1g,,sycl_mpi,4096,16384,8.374853333333334,8.2332,8.576853333333334,3,9,8.39496888888889,,,,,
alltoall,1n1g,,sycl_oneccl,4096,16384,13.281933333333333,13.1233,13.305033333333332,3,9,13.236755555555554,,,,,
alltoall,1n1g,,sycl_oneccl_oshmpi,4096,16384,20.727833333333333,20.484733333333335,20.9249,3,9,20.71248888888889,,,,,
alltoall,1n1g,,cuda_mpi,8192,32768,8.378823333333333,8.2147,8.44142,3,9,8.344981111111112,,,,,
alltoall,1n1g,,cuda_nccl,8192,32768,14.909166666666666,14.853566666666667,15.6282,3,9,15.13031111111111,,,,,
alltoall,1n1g,,cuda_nvshmem,8192,32768,14.025366666666667,13.898433333333333,14.2117,3,9,14.045166666666667,,,,,
alltoall,1n1g,,oshmpi,8192,32768,10.356666666666666,10.326366666666667,10.544,3,9,10.409011111111111,,,,,
alltoall,1n1g,,sycl_mpi,8192,32768,8.514913333333332,8.31266,8.59169,3,9,8.473087777777778,,,,,
alltoall,1n1g,,sycl_oneccl,8192,32768,13.835866666666666,13.677733333333334,13.918800000000001,3,9,13.8108,,,,,
alltoall,1n1g,,sycl_oneccl_oshmpi,8192,32768,23.019766666666666,22.1771,23.138466666666666,3,9,22.778444444444446,,,,,
alltoall,1n1g,,cuda_mpi,16384,65536,8.455586666666667,8.210176666666666,8.473646666666665,3,9,8.379803333333333,,,,,
alltoall,1n1g,,cuda_nccl,16384,65536,15.570833333333333,15.501933333333334,16.1239,3,9,15.732222222222223,,,,,
alltoall,1n1g,,cuda_nvshmem,16384,65536,14.441966666666668,14.359133333333332,14.706066666666667,3,9,14.50238888888889,,,,,
alltoall,1n1g,,oshmpi,16384,65536,10.4297,10.368366666666667,10.5033,3,9,10.43378888888889,,,,,
alltoall,1n1g,,sycl_mpi,16384,65536,8.592656666666667,8.363926666666666,8.604563333333333,3,9,8.520382222222223,,,,,
alltoall,1n1g,,sycl_oneccl,16384,65536,13.917666666666667,13.749133333333333,13.9705,3,9,13.879100000000001,,,,,
alltoall,1n1g,,sycl_oneccl_oshmpi,16384,65536,27.380866666666666,25.7328,27.639866666666666,3,9,26.917844444444444,,,,,
alltoall,1n1g,,cuda_mpi,32768,131072,8.63632,8.32706,8.647836666666667,3,9,8.537072222222223,,,,,
alltoall,1n1g,,cuda_nccl,32768,131072,16.5258,16.217433333333332,17.484166666666667,3,9,16.742466666666665,,,,,
alltoall,1n1g,,cuda_nvshmem,32768,131072,15.480433333333334,15.3868,15.7542,3,9,15.54047777777778,,,,,
alltoall,1n1g,,oshmpi,32768,131072,10.508033333333334,10.4692,10.7341,3,9,10.570444444444444,,,,,
alltoall,1n1g,,sycl_mpi,32768,131072,8.70138,8.490366666666667,8.74497,3,9,8.64557222222222,,,,,
alltoall,1n1g,,sycl_oneccl,32768,131072,14.245633333333334,14.1103,14.278533333333334,3,9,14.211488888888889,,,,,
alltoall,1n1g,,sycl_oneccl_oshmpi,32768,131072,36.650933333333334,33.45523333333333,36.81966666666667,3,9,35.64194444444445,,,,,
alltoall,1n1g,,cuda_mpi,65536,262144,8.672273333333333,8.42046,8.714360000000001,3,9,8.602364444444444,,,,,
alltoall,1n1g,,cuda_nccl,65536,262144,18.299666666666667,17.932366666666667,19.563066666666668,3,9,18.598366666666667,,,,,
alltoall,1n1g,,cuda_nvshmem,65536,262144,17.206033333333334,17.142533333333333,17.545233333333332,3,9,17.297933333333333,,,,,
alltoall,1n1g,,oshmpi,65536,262144,10.7447,10.6175,10.758033333333334,3,9,10.706744444444444,,,,,
alltoall,1n1g,,sycl_mpi,65536,262144,8.833456666666667,8.606473333333334,8.90282,3,9,8.780916666666666,,,,,
alltoall,1n1g,,sycl_oneccl,65536,262144,14.444133333333333,14.358133333333333,14.460633333333332,3,9,14.420966666666667,,,,,
alltoall,1n1g,,sycl_oneccl_oshmpi,65536,262144,55.21313333333333,48.45153333333333,55.55676666666667,3,9,53.07381111111111,,,,,
alltoall,1n2g,,cuda_mpi,1,8,5.642433333333333,5.59537,5.855266666666666,3,9,5.69769,,,,,
alltoall,1n2g,,cuda_nccl,1,8,17.695,17.527566666666665,17.714933333333335,3,9,17.645833333333332,,,,,
alltoall,1n2g,,cuda_nvshmem,1,8,17.035766666666667,16.656566666666667,17.0774,3,9,16.923244444444446,,,,,
alltoall,1n2g,,oshmpi,1,8,17.936333333333334,17.863633333333333,17.967066666666668,3,9,17.922344444444445,,,,,
alltoall,1n2g,,sycl_mpi,1,8,5.704546666666666,5.561933333333333,5.813916666666667,3,9,5.693465555555556,,,,,
alltoall,1n2g,,sycl_oneccl,1,8,17.9041,17.7886,18.1308,3,9,17.941166666666664,,,,,
alltoall,1n2g,,sycl_oneccl_oshmpi,1,8,32.65363333333333,32.0918,33.03856666666667,3,9,32.59466666666666,,,,,
alltoall,1n2g,,cuda_mpi,2,16,5.39972,5.391673333333333,5.79862,3,9,5.530004444444445,,,,,
alltoall,1n2g,,cuda_nccl,2,16,17.6033,17.53493333333333,17.671966666666666,3,9,17.6034,,,,,
alltoall,1n2g,,cuda_nvshmem,2,16,16.918333333333333,16.683233333333334,17.049533333333333,3,9,16.883699999999997,,,,,
alltoall,1n2g,,oshmpi,2,16,17.8641,17.7984,17.925666666666668,3,9,17.86272222222222,,,,,
alltoall,1n2g,,sycl_mpi,2,16,5.460373333333334,5.38361,5.57012,3,9,5.471367777777778,,,,,
alltoall,1n2g,,sycl_oneccl,2,16,17.835433333333334,17.8039,18.1694,3,9,17.936244444444444,,,,,
alltoall,1n2g,,sycl_oneccl_oshmpi,2,16,32.4727,31.939766666666667,32.8853,3,9,32.43258888888889,,,,,
alltoall,1n2g,,cuda_mpi,4,32,3.5884533333333333,3.5330233333333334,3.5950266666666666,3,9,3.5721677777777776,,,,,
alltoall,1n2g,,cuda_nccl,4,32,17.524766666666665,17.504966666666665,17.6334,3,9,17.554377777777777,,,,,
alltoall,1n2g,,cuda_nvshmem,4,32,16.788766666666668,16.5788,17.04586666666667,3,9,16.804477777777777,,,,,
alltoall,1n2g,,oshmpi,4,32,17.890333333333334,17.761966666666666,18.052966666666666,3,9,17.901755555555557,,,,,
alltoall,1n2g,,sycl_mpi,4,32,3.7275066666666667,3.5624166666666666,3.9144533333333333,3,9,3.734792222222222,,,,,
alltoall,1n2g,,sycl_oneccl,4,32,18.1327,17.760466666666666,18.190766666666665,3,9,18.027977777777778,,,,,
alltoall,1n2g,,sycl_oneccl_oshmpi,4,32,32.244299999999996,32.0002,32.794133333333335,3,9,32.34621111111111,,,,,
alltoall,1n2g,,cuda_mpi,8,64,4.470323333333333,4.427616666666666,4.486236666666667,3,9,4.461392222222222,,,,,
alltoall,1n2g,,cuda_nccl,8,64,17.518933333333333,17.457066666666666,17.5607,3,9,17.51223333333333,,,,,
alltoall,1n2g,,cuda_nvshmem,8,64,16.910266666666665,16.683966666666667,17.0609,3,9,16.885044444444446,,,,,
alltoall,1n2g,,oshmpi,8,64,17.836666666666666,17.7974,18.0406,3,9,17.891555555555556,,,,,
alltoall,1n2g,,sycl_mpi,8,64,4.56865,4.481623333333333,4.658896666666667,3,9,4.569723333333333,,,,,
alltoall,1n2g,,sycl_oneccl,8,64,18.0273,17.846899999999998,18.174266666666668,3,9,18.016155555555557,,,,,
alltoall,1n2g,,sycl_oneccl_oshmpi,8,64,32.33983333333333,32.0004,32.79586666666667,3,9,32.3787,,,,,
alltoall,1n2g,,cuda_mpi,16,128,4.650756666666667,4.611556666666667,4.674123333333333,3,9,4.6454788888888885,,,,,
alltoall,1n2g,,cuda_nccl,16,128,17.634733333333333,17.614766666666668,17.719333333333335,3,9,17.656277777777778,,,,,
alltoall,1n2g,,cuda_nvshmem,16,128,16.8859,16.599633333333333,17.160933333333332,3,9,16.882155555555556,,,,,
alltoall,1n2g,,oshmpi,16,128,17.822766666666666,17.8173,17.875266666666665,3,9,17.838444444444445,,,,,
alltoall,1n2g,,sycl_mpi,16,128,4.6756,4.675353333333334,4.69876,3,9,4.683237777777778,,,,,
alltoall,1n2g,,sycl_oneccl,16,128,17.981099999999998,17.9548,18.1474,3,9,18.027766666666665,,,,,
alltoall,1n2g,,sycl_oneccl_oshmpi,16,128,32.120066666666666,31.833000000000002,32.8197,3,9,32.25758888888889,,,,,
alltoall,1n2g,,cuda_mpi,32,256,5.093203333333333,5.0531266666666665,5.107046666666667,3,9,5.084458888888889,,,,,
alltoall,1n2g,,cuda_nccl,32,256,17.311233333333334,17.24673333333333,18.3614,3,9,17.639788888888887,,,,,
alltoall,1n2g,,cuda_nvshmem,32,256,16.8973,16.590533333333333,17.1236,3,9,16.870477777777776,,,,,
alltoall,1n2g,,oshmpi,32,256,17.867666666666665,17.849466666666668,18.096266666666665,3,9,17.9378,,,,,
alltoall,1n2g,,sycl_mpi,32,256,5.16561,4.928976666666666,5.366116666666667,3,9,5.153567777777777,,,,,
alltoall,1n2g,,sycl_oneccl,32,256,17.873033333333332,17.6433,18.028933333333335,3,9,17.848422222222222,,,,,
alltoall,1n2g,,sycl_oneccl_oshmpi,32,256,33.865833333333335,33.698233333333334,34.499066666666664,3,9,34.02104444444444,,,,,
alltoall,1n2g,,cuda_mpi,64,512,5.006446666666667,4.847453333333333,5.06307,3,9,4.972323333333334,,,,,
alltoall,1n2g,,cuda_nccl,64,512,17.131666666666668,17.038966666666667,17.32176666666667,3,9,17.164133333333336,,,,,
alltoall,1n2g,,cuda_nvshmem,64,512,16.594266666666666,16.097633333333334,16.720966666666666,3,9,16.470955555555555,,,,,
alltoall,1n2g,,oshmpi,64,512,17.9424,17.886466666666667,17.957066666666666,3,9,17.928644444444444,,,,,
alltoall,1n2g,,sycl_mpi,64,512,4.969453333333333,4.923486666666666,5.0754866666666665,3,9,4.989475555555555,,,,,
alltoall,1n2g,,sycl_oneccl,64,512,18.045866666666665,17.905866666666668,18.06673333333333,3,9,18.006155555555555,,,,,
alltoall,1n2g,,sycl_oneccl_oshmpi,64,512,34.323233333333334,34.1128,34.8548,3,9,34.430277777777775,,,,,
alltoall,1n2g,,cuda_mpi,128,1024,7.793843333333333,7.030493333333333,8.045856666666667,3,9,7.623397777777778,,,,,
alltoall,1n2g,,cuda_nccl,128,1024,17.153266666666667,17.0728,17.261833333333335,3,9,17.162633333333336,,,,,
alltoall,1n2g,,cuda_nvshmem,128,1024,16.389833333333332,16.1217,16.634866666666667,3,9,16.382133333333332,,,,,
alltoall,1n2g,,oshmpi,128,1024,17.917266666666666,17.9151,18.0813,3,9,17.97122222222222,,,,,
alltoall,1n2g,,sycl_mpi,128,1024,7.5845,6.869603333333333,7.6609766666666665,3,9,7.371693333333334,,,,,
alltoall,1n2g,,sycl_oneccl,128,1024,17.836766666666666,17.6651,18.0983,3,9,17.866722222222222,,,,,
alltoall,1n2g,,sycl_oneccl_oshmpi,128,1024,33.5654,33.4182,33.996233333333336,3,9,33.65994444444445,,,,,
alltoall,1n2g,,cuda_mpi,256,2048,11.843333333333334,11.760666666666667,11.933833333333332,3,9,11.845944444444445,,,,,
alltoall,1n2g,,cuda_nccl,256,2048,17.302666666666667,17.222433333333335,17.340966666666667,3,9,17.28868888888889,,,,,
alltoall,1n2g,,cuda_nvshmem,256,2048,16.402,16.14036666666667,16.645833333333332,3,9,16.39606666666667,,,,,
alltoall,1n2g,,oshmpi,256,2048,17.9219,17.763833333333334,18.016466666666666,3,9,17.900733333333335,,,,,
alltoall,1n2g,,sycl_mpi,256,2048,11.883266666666668,11.7977,11.9192,3,9,11.866722222222222,,,,,
alltoall,1n2g,,sycl_oneccl,256,2048,17.832233333333335,17.694633333333336,18.030933333333333,3,9,17.852600000000002,,,,,
alltoall,1n2g,,sycl_oneccl_oshmpi,256,2048,34.19363333333333,34.05553333333334,34.854533333333336,3,9,34.3679,,,,,
alltoall,1n2g,,cuda_mpi,512,4096,11.815833333333334,11.6799,11.888,3,9,11.794577777777778,,,,,
alltoall,1n2g,,cuda_nccl,512,4096,17.367033333333335,17.1971,17.426766666666666,3,9,17.3303,,,,,
alltoall,1n2g,,cuda_nvshmem,512,4096,16.6354,16.317733333333333,16.805566666666667,3,9,16.586233333333332,,,,,
alltoall,1n2g,,oshmpi,512,4096,18.1672,18.0285,18.262800000000002,3,9,18.152833333333334,,,,,
alltoall,1n2g,,sycl_mpi,512,4096,11.911733333333334,11.814433333333334,11.932766666666668,3,9,11.88631111111111,,,,,
alltoall,1n2g,,sycl_oneccl,512,4096,18.0931,18.023533333333333,18.1676,3,9,18.094744444444444,,,,,
alltoall,1n2g,,sycl_oneccl_oshmpi,512,4096,35.99543333333333,35.85216666666667,36.388466666666666,3,9,36.078688888888884,,,,,
alltoall,1n2g,,cuda_mpi,1024,8192,11.807500000000001,11.784233333333333,11.833733333333333,3,9,11.808488888888888,,,,,
alltoall,1n2g,,cuda_nccl,1024,8192,18.084766666666667,17.941233333333333,18.0874,3,9,18.0378,,,,,
alltoall,1n2g,,cuda_nvshmem,1024,8192,17.351300000000002,17.1569,17.4327,3,9,17.313633333333332,,,,,
alltoall,1n2g,,oshmpi,1024,8192,18.346133333333334,18.2839,18.4082,3,9,18.34607777777778,,,,,
alltoall,1n2g,,sycl_mpi,1024,8192,12.013133333333334,11.901,12.266933333333334,3,9,12.060355555555555,,,,,
alltoall,1n2g,,sycl_oneccl,1024,8192,18.707933333333333,18.559066666666666,18.742,3,9,18.669666666666664,,,,,
alltoall,1n2g,,sycl_oneccl_oshmpi,1024,8192,35.89736666666667,35.76166666666667,36.8825,3,9,36.18051111111111,,,,,
alltoall,1n2g,,cuda_mpi,2048,16384,11.807233333333333,11.787433333333334,12.013666666666667,3,9,11.869444444444445,,,,,
alltoall,1n2g,,cuda_nccl,2048,16384,19.186333333333334,19.180266666666665,19.392933333333335,3,9,19.25317777777778,,,,,
alltoall,1n2g,,cuda_nvshmem,2048,16384,18.280166666666666,18.005366666666667,18.493199999999998,3,9,18.25957777777778,,,,,
alltoall,1n2g,,oshmpi,2048,16384,18.522466666666666,18.406866666666666,18.6898,3,9,18.539711111111114,,,,,
alltoall,1n2g,,sycl_mpi,2048,16384,12.150566666666666,12.096533333333333,12.1944,3,9,12.147166666666667,,,,,
alltoall,1n2g,,sycl_oneccl,2048,16384,19.894733333333335,19.7195,19.924266666666668,3,9,19.846166666666665,,,,,
alltoall,1n2g,,sycl_oneccl_oshmpi,2048,16384,38.4003,38.0446,39.109100000000005,3,9,38.518,,,,,
alltoall,1n2g,,cuda_mpi,4096,32768,11.905866666666666,11.8929,12.086133333333333,3,9,11.961633333333333,,,,,
alltoall,1n2g,,cuda_nccl,4096,32768,21.731266666666667,21.58223333333333,21.751066666666667,3,9,21.688188888888888,,,,,
alltoall,1n2g,,cuda_nvshmem,4096,32768,20.378733333333333,20.058233333333334,20.7822,3,9,20.406388888888888,,,,,
alltoall,1n2g,,oshmpi,4096,32768,18.510866666666665,18.506566666666668,18.778933333333335,3,9,18.598788888888887,,,,,
alltoall,1n2g,,sycl_mpi,4096,32768,12.169433333333332,12.0494,12.180333333333333,3,9,12.133055555555554,,,,,
alltoall,1n2g,,sycl_oneccl,4096,32768,21.3314,21.209500000000002,21.479400000000002,3,9,21.3401,,,,,
alltoall,1n2g,,sycl_oneccl_oshmpi,4096,32768,40.3217,40.3059,40.9559,3,9,40.527833333333334,,,,,
alltoall,1n2g,,cuda_mpi,8192,65536,12.150966666666667,12.093966666666667,12.321566666666667,3,9,12.188833333333333,,,,,
alltoall,1n2g,,cuda_nccl,8192,65536,25.974666666666668,25.549133333333334,26.238666666666667,3,9,25.92082222222222,,,,,
alltoall,1n2g,,cuda_nvshmem,8192,65536,25.005100000000002,24.6434,25.130766666666666,3,9,24.926422222222225,,,,,
alltoall,1n2g,,oshmpi,8192,65536,18.73443333333333,18.667666666666666,18.95146666666667,3,9,18.784522222222222,,,,,
alltoall,1n2g,,sycl_mpi,8192,65536,12.3965,12.276133333333334,12.417833333333332,3,9,12.363488888888888,,,,,
alltoall,1n2g,,sycl_oneccl,8192,65536,21.499200000000002,21.4057,21.637733333333333,3,9,21.514211111111113,,,,,
alltoall,1n2g,,sycl_oneccl_oshmpi,8192,65536,45.5479,44.80976666666667,45.84643333333333,3,9,45.40136666666667,,,,,
alltoall,1n2g,,cuda_mpi,16384,131072,12.783999999999999,12.721833333333334,13.003266666666667,3,9,12.836366666666667,,,,,
alltoall,1n2g,,cuda_nccl,16384,131072,31.323333333333334,30.706433333333333,31.736333333333334,3,9,31.255366666666664,,,,,
alltoall,1n2g,,cuda_nvshmem,16384,131072,28.750233333333334,28.661233333333332,29.150666666666666,3,9,28.854044444444444,,,,,
alltoall,1n2g,,oshmpi,16384,131072,19.044866666666667,19.044533333333334,19.0456,3,9,19.045,,,,,
alltoall,1n2g,,sycl_mpi,16384,131072,13.079933333333333,13.007166666666667,13.257566666666667,3,9,13.11488888888889,,,,,
alltoall,1n2g,,sycl_oneccl,16384,131072,23.953599999999998,23.7315,23.9899,3,9,23.891666666666666,,,,,
alltoall,1n2g,,sycl_oneccl_oshmpi,16384,131072,55.94806666666667,54.6766,56.10353333333333,3,9,55.57606666666666,,,,,
alltoall,1n2g,,cuda_mpi,32768,262144,13.7864,13.760733333333333,13.7939,3,9,13.780344444444445,,,,,
alltoall,1n2g,,cuda_nccl,32768,262144,34.42293333333333,33.906666666666666,34.56903333333334,3,9,34.29954444444444,,,,,
alltoall,1n2g,,cuda_nvshmem,32768,262144,32.31953333333333,31.8288,32.4623,3,9,32.20354444444445,,,,,
alltoall,1n2g,,oshmpi,32768,262144,19.980999999999998,19.9239,20.0296,3,9,19.978166666666667,,,,,
alltoall,1n2g,,sycl_mpi,32768,262144,13.8972,13.846866666666667,13.906766666666666,3,9,13.883611111111112,,,,,
alltoall,1n2g,,sycl_oneccl,32768,262144,28.78023333333333,28.692700000000002,29.038633333333333,3,9,28.83718888888889,,,,,
alltoall,1n2g,,sycl_oneccl_oshmpi,32768,262144,74.005,73.4676,74.0439,3,9,73.83883333333333,,,,,
alltoall,1n2g,,cuda_mpi,65536,524288,15.3195,15.2428,15.3376,3,9,15.299966666666668,,,,,
alltoall,1n2g,,cuda_nccl,65536,524288,36.92686666666667,36.88413333333333,36.98276666666666,3,9,36.93125555555556,,,,,
alltoall,1n2g,,cuda_nvshmem,65536,524288,35.393766666666664,32.79466666666667,35.54193333333333,3,9,34.57678888888889,,,,,
alltoall,1n2g,,oshmpi,65536,524288,21.6956,21.6596,21.911866666666665,3,9,21.755688888888887,,,,,
alltoall,1n2g,,sycl_mpi,65536,524288,15.355133333333333,15.2612,15.589033333333333,3,9,15.401788888888888,,,,,
alltoall,1n2g,,sycl_oneccl,65536,524288,38.00893333333333,36.78853333333333,38.398633333333336,3,9,37.732033333333334,,,,,
alltoall,1n2g,,sycl_oneccl_oshmpi,65536,524288,124.187,124.07066666666667,127.02866666666667,3,9,125.09544444444444,,,,,
alltoall,1n4g,,cuda_mpi,1,16,12.055299999999999,12.004266666666666,12.5536,3,9,12.20438888888889,,,,,
alltoall,1n4g,,cuda_nccl,1,16,19.1217,19.1159,22.130033333333333,3,9,20.122544444444443,,,,,
alltoall,1n4g,,cuda_nvshmem,1,16,19.1664,19.039266666666666,19.812766666666665,3,9,19.339477777777777,,,,,
alltoall,1n4g,,oshmpi,1,16,22.7978,22.7803,22.962033333333334,3,9,22.84671111111111,,,,,
alltoall,1n4g,,sycl_mpi,1,16,12.491999999999999,12.104033333333334,12.777966666666666,3,9,12.458,,,,,
alltoall,1n4g,,sycl_oneccl,1,16,20.139266666666668,20.0883,20.145033333333334,3,9,20.1242,,,,,
alltoall,1n4g,,sycl_oneccl_oshmpi,1,16,61.43213333333333,60.99313333333333,61.63016666666667,3,9,61.35181111111111,,,,,
alltoall,1n4g,,cuda_mpi,2,32,11.192533333333333,11.092966666666667,11.194833333333333,3,9,11.160111111111112,,,,,
alltoall,1n4g,,cuda_nccl,2,32,19.2193,19.169066666666666,19.461133333333333,3,9,19.283166666666666,,,,,
alltoall,1n4g,,cuda_nvshmem,2,32,19.6843,18.7955,19.7283,3,9,19.4027,,,,,
alltoall,1n4g,,oshmpi,2,32,22.987366666666667,22.813666666666666,23.094,3,9,22.96501111111111,,,,,
alltoall,1n4g,,sycl_mpi,2,32,11.3435,11.005633333333334,11.6507,3,9,11.333277777777777,,,,,
alltoall,1n4g,,sycl_oneccl,2,32,20.099033333333335,19.950400000000002,20.118366666666667,3,9,20.055933333333332,,,,,
alltoall,1n4g,,sycl_oneccl_oshmpi,2,32,60.9532,60.803266666666666,60.959266666666664,3,9,60.90524444444444,,,,,
alltoall,1n4g,,cuda_mpi,4,64,7.62646,7.616686666666666,7.751143333333333,3,9,7.664763333333334,,,,,
alltoall,1n4g,,cuda_nccl,4,64,19.157566666666668,19.083433333333335,19.701833333333333,3,9,19.314277777777775,,,,,
alltoall,1n4g,,cuda_nvshmem,4,64,19.024166666666666,18.829233333333335,19.100733333333334,3,9,18.98471111111111,,,,,
alltoall,1n4g,,oshmpi,4,64,22.705133333333333,22.700699999999998,22.9094,3,9,22.771744444444444,,,,,
alltoall,1n4g,,sycl_mpi,4,64,6.95312,6.838996666666667,7.48166,3,9,7.0912588888888894,,,,,
alltoall,1n4g,,sycl_oneccl,4,64,20.014633333333332,20.00423333333333,20.069633333333332,3,9,20.0295,,,,,
alltoall,1n4g,,sycl_oneccl_oshmpi,4,64,60.41073333333333,60.4007,60.7566,3,9,60.52267777777778,,,,,
alltoall,1n4g,,cuda_mpi,8,128,9.330386666666666,8.69403,9.358236666666667,3,9,9.12755111111111,,,,,
alltoall,1n4g,,cuda_nccl,8,128,19.226333333333333,18.985133333333334,19.5201,3,9,19.243855555555555,,,,,
alltoall,1n4g,,cuda_nvshmem,8,128,18.9472,18.888433333333335,19.6794,3,9,19.171677777777777,,,,,
alltoall,1n4g,,oshmpi,8,128,22.716733333333334,22.645033333333334,22.916466666666665,3,9,22.75941111111111,,,,,
alltoall,1n4g,,sycl_mpi,8,128,8.9586,8.730386666666666,9.260396666666667,3,9,8.983127777777778,,,,,
alltoall,1n4g,,sycl_oneccl,8,128,20.047,19.9641,20.112433333333332,3,9,20.041177777777776,,,,,
alltoall,1n4g,,sycl_oneccl_oshmpi,8,128,61.07796666666667,60.5386,61.4114,3,9,61.00932222222222,,,,,
alltoall,1n4g,,cuda_mpi,16,256,10.419133333333333,10.2327,10.6801,3,9,10.443977777777778,,,,,
alltoall,1n4g,,cuda_nccl,16,256,18.933066666666665,18.846366666666665,18.980533333333334,3,9,18.919988888888888,,,,,
alltoall,1n4g,,cuda_nvshmem,16,256,19.134833333333333,18.763933333333334,20.212633333333333,3,9,19.37046666666667,,,,,
alltoall,1n4g,,oshmpi,16,256,22.504933333333334,22.488,22.854233333333333,3,9,22.61572222222222,,,,,
alltoall,1n4g,,sycl_mpi,16,256,10.649833333333333,10.4625,10.952666666666667,3,9,10.688333333333333,,,,,
alltoall,1n4g,,sycl_oneccl,16,256,19.843700000000002,19.724666666666668,19.87,3,9,19.81278888888889,,,,,
alltoall,1n4g,,sycl_oneccl_oshmpi,16,256,63.69813333333333,63.4083,63.69963333333334,3,9,63.60202222222222,,,,,
alltoall,1n4g,,cuda_mpi,32,512,10.01679,9.899213333333332,10.5246,3,9,10.146867777777778,,,,,
alltoall,1n4g,,cuda_nccl,32,512,19.147466666666666,18.806866666666668,20.714299999999998,3,9,19.55621111111111,,,,,
alltoall,1n4g,,cuda_nvshmem,32,512,19.223166666666668,18.877066666666668,19.4279,3,9,19.176044444444447,,,,,
alltoall,1n4g,,oshmpi,32,512,22.6825,22.544433333333334,22.685666666666666,3,9,22.637533333333334,,,,,
alltoall,1n4g,,sycl_mpi,32,512,10.473133333333333,9.95225,10.6518,3,9,10.35906111111111,,,,,
alltoall,1n4g,,sycl_oneccl,32,512,19.7278,19.6858,19.738133333333334,3,9,19.717244444444443,,,,,
alltoall,1n4g,,sycl_oneccl_oshmpi,32,512,62.36933333333333,61.8314,62.5087,3,9,62.23647777777777,,,,,
alltoall,1n4g,,cuda_mpi,64,1024,11.306233333333333,11.114466666666667,11.482866666666666,3,9,11.30118888888889,,,,,
alltoall,1n4g,,cuda_nccl,64,1024,18.674166666666668,18.500733333333333,18.705133333333333,3,9,18.626677777777775,,,,,
alltoall,1n4g,,cuda_nvshmem,64,1024,18.6999,18.5413,18.9515,3,9,18.730900000000002,,,,,
alltoall,1n4g,,oshmpi,64,1024,22.8096,22.795766666666665,22.819533333333332,3,9,22.8083,,,,,
alltoall,1n4g,,sycl_mpi,64,1024,11.228633333333333,11.221233333333334,11.494266666666666,3,9,11.314711111111112,,,,,
alltoall,1n4g,,sycl_oneccl,64,1024,19.7447,19.685133333333333,19.895633333333333,3,9,19.775155555555557,,,,,
alltoall,1n4g,,sycl_oneccl_oshmpi,64,1024,63.24803333333333,63.16493333333333,63.60863333333333,3,9,63.34053333333333,,,,,
alltoall,1n4g,,cuda_mpi,128,2048,15.452133333333332,15.1415,15.562666666666667,3,9,15.385433333333332,,,,,
alltoall,1n4g,,cuda_nccl,128,2048,18.7418,18.5685,18.7448,3,9,18.685033333333333,,,,,
alltoall,1n4g,,cuda_nvshmem,128,2048,18.4877,18.379266666666666,18.583299999999998,3,9,18.48342222222222,,,,,
alltoall,1n4g,,oshmpi,128,2048,22.625799999999998,22.546133333333334,22.807566666666666,3,9,22.659833333333335,,,,,
alltoall,1n4g,,sycl_mpi,128,2048,15.033966666666666,14.8992,15.468166666666667,3,9,15.133777777777778,,,,,
alltoall,1n4g,,sycl_oneccl,128,2048,19.749633333333335,19.7371,19.75443333333333,3,9,19.747055555555555,,,,,
alltoall,1n4g,,sycl_oneccl_oshmpi,128,2048,64.25806666666666,64.16626666666667,64.43553333333334,3,9,64.28662222222222,,,,,
alltoall,1n4g,,cuda_mpi,256,4096,23.280433333333335,21.1772,24.450066666666665,3,9,22.96923333333333,,,,,
alltoall,1n4g,,cuda_nccl,256,4096,18.681166666666666,18.66796666666667,18.717066666666668,3,9,18.68873333333333,,,,,
alltoall,1n4g,,cuda_nvshmem,256,4096,18.518166666666666,18.494266666666668,18.627533333333336,3,9,18.546655555555557,,,,,
alltoall,1n4g,,oshmpi,256,4096,22.494833333333332,22.454833333333333,22.769000000000002,3,9,22.57288888888889,,,,,
alltoall,1n4g,,sycl_mpi,256,4096,21.3271,21.097433333333335,24.120666666666665,3,9,22.181733333333334,,,,,
alltoall,1n4g,,sycl_oneccl,256,4096,19.810100000000002,19.78836666666667,19.81726666666667,3,9,19.805244444444448,,,,,
alltoall,1n4g,,sycl_oneccl_oshmpi,256,4096,65.42276666666666,65.1922,65.48143333333333,3,9,65.36546666666666,,,,,
alltoall,1n4g,,cuda_mpi,512,8192,21.53193333333333,21.424833333333332,21.590333333333334,3,9,21.5157,,,,,
alltoall,1n4g,,cuda_nccl,512,8192,18.937566666666665,18.7947,19.008399999999998,3,9,18.913555555555558,,,,,
alltoall,1n4g,,cuda_nvshmem,512,8192,18.7429,18.570133333333334,18.816433333333332,3,9,18.709822222222222,,,,,
alltoall,1n4g,,oshmpi,512,8192,23.02006666666667,22.842066666666668,23.245566666666665,3,9,23.0359,,,,,
alltoall,1n4g,,sycl_mpi,512,8192,21.9542,21.779033333333334,21.984666666666666,3,9,21.905966666666668,,,,,
alltoall,1n4g,,sycl_oneccl,512,8192,19.860333333333333,19.843033333333334,19.928366666666665,3,9,19.877244444444443,,,,,
alltoall,1n4g,,sycl_oneccl_oshmpi,512,8192,68.54196666666667,68.37046666666667,68.7302,3,9,68.54754444444444,,,,,
alltoall,1n4g,,cuda_mpi,1024,16384,21.573066666666666,21.5592,21.750166666666665,3,9,21.627477777777777,,,,,
alltoall,1n4g,,cuda_nccl,1024,16384,19.551933333333334,19.5353,19.626966666666668,3,9,19.5714,,,,,
alltoall,1n4g,,cuda_nvshmem,1024,16384,19.457533333333334,19.223266666666667,19.5707,3,9,19.417166666666667,,,,,
alltoall,1n4g,,oshmpi,1024,16384,23.013,22.985766666666667,23.217833333333335,3,9,23.0722,,,,,
alltoall,1n4g,,sycl_mpi,1024,16384,22.201966666666667,21.999233333333333,22.277366666666666,3,9,22.159522222222222,,,,,
alltoall,1n4g,,sycl_oneccl,1024,16384,20.7386,20.726433333333333,20.805666666666667,3,9,20.7569,,,,,
alltoall,1n4g,,sycl_oneccl_oshmpi,1024,16384,67.9006,67.56076666666667,67.95456666666666,3,9,67.80531111111111,,,,,
alltoall,1n4g,,cuda_mpi,2048,32768,22.5143,21.972866666666665,23.093466666666668,3,9,22.526877777777777,,,,,
alltoall,1n4g,,cuda_nccl,2048,32768,20.844733333333334,20.693766666666665,20.8464,3,9,20.794966666666667,,,,,
alltoall,1n4g,,cuda_nvshmem,2048,32768,20.6079,20.487333333333332,20.747866666666667,3,9,20.61436666666667,,,,,
alltoall,1n4g,,oshmpi,2048,32768,23.239633333333334,23.047333333333334,23.299966666666666,3,9,23.195644444444444,,,,,
alltoall,1n4g,,sycl_mpi,2048,32768,22.746666666666666,22.7147,22.866833333333336,3,9,22.776066666666665,,,,,
alltoall,1n4g,,sycl_oneccl,2048,32768,22.044933333333333,21.9568,22.073866666666667,3,9,22.025199999999998,,,,,
alltoall,1n4g,,sycl_oneccl_oshmpi,2048,32768,71.90843333333333,71.8435,72.30736666666667,3,9,72.01976666666667,,,,,
alltoall,1n4g,,cuda_mpi,4096,65536,24.580233333333332,24.493,24.711966666666665,3,9,24.595066666666664,,,,,
alltoall,1n4g,,cuda_nccl,4096,65536,23.5309,23.489466666666665,23.542,3,9,23.520788888888887,,,,,
alltoall,1n4g,,cuda_nvshmem,4096,65536,23.335566666666665,23.078766666666667,24.3035,3,9,23.57261111111111,,,,,
alltoall,1n4g,,oshmpi,4096,65536,23.220200000000002,23.192233333333334,23.575233333333333,3,9,23.32922222222222,,,,,
alltoall,1n4g,,sycl_mpi,4096,65536,24.999333333333333,24.976433333333333,25.057866666666666,3,9,25.01121111111111,,,,,
alltoall,1n4g,,sycl_oneccl,4096,65536,22.2882,22.124633333333332,22.2987,3,9,22.237177777777777,,,,,
alltoall,1n4g,,sycl_oneccl_oshmpi,4096,65536,77.68896666666667,77.4847,78.05283333333334,3,9,77.74216666666666,,,,,
alltoall,1n4g,,cuda_mpi,8192,131072,22.209566666666667,21.987333333333332,22.4592,3,9,22.2187,,,,,
alltoall,1n4g,,cuda_nccl,8192,131072,28.087933333333332,28.0043,28.094866666666668,3,9,28.062366666666666,,,,,
alltoall,1n4g,,cuda_nvshmem,8192,131072,28.213633333333334,27.867766666666668,29.389233333333333,3,9,28.490211111111112,,,,,
alltoall,1n4g,,oshmpi,8192,131072,23.436033333333334,23.342966666666666,23.649433333333334,3,9,23.476144444444444,,,,,
alltoall,1n4g,,sycl_mpi,8192,131072,22.34926666666667,21.671333333333333,22.666033333333335,3,9,22.22887777777778,,,,,
alltoall,1n4g,,sycl_oneccl,8192,131072,23.175266666666666,23.130533333333332,23.176433333333332,3,9,23.160744444444443,,,,,
alltoall,1n4g,,sycl_oneccl_oshmpi,8192,131072,86.9653,86.8116,87.17346666666667,3,9,86.98345555555555,,,,,
alltoall,1n4g,,cuda_mpi,16384,262144,25.150766666666666,24.6018,25.798166666666667,3,9,25.183577777777778,,,,,
alltoall,1n4g,,cuda_nccl,16384,262144,30.755033333333333,30.5722,31.75023333333333,3,9,31.02582222222222,,,,,
alltoall,1n4g,,cuda_nvshmem,16384,262144,30.750666666666667,30.3407,30.8028,3,9,30.63138888888889,,,,,
alltoall,1n4g,,oshmpi,16384,262144,23.718566666666668,23.709733333333332,23.899833333333333,3,9,23.776044444444445,,,,,
alltoall,1n4g,,sycl_mpi,16384,262144,25.6746,25.3477,26.081866666666667,3,9,25.70138888888889,,,,,
alltoall,1n4g,,sycl_oneccl,16384,262144,24.58246666666667,24.526833333333332,24.6808,3,9,24.5967,,,,,
alltoall,1n4g,,sycl_oneccl_oshmpi,16384,262144,109.26233333333333,109.154,110.46033333333334,3,9,109.62555555555555,,,,,
alltoall,1n4g,,cuda_mpi,32768,524288,31.8571,31.789033333333332,32.14673333333333,3,9,31.930955555555556,,,,,
alltoall,1n4g,,cuda_nccl,32768,524288,31.67686666666667,31.55496666666667,31.709866666666667,3,9,31.647233333333336,,,,,
alltoall,1n4g,,cuda_nvshmem,32768,524288,32.28156666666667,32.145633333333336,32.29273333333333,3,9,32.23997777777778,,,,,
alltoall,1n4g,,oshmpi,32768,524288,24.701666666666668,24.599466666666665,24.932766666666666,3,9,24.744633333333336,,,,,
alltoall,1n4g,,sycl_mpi,32768,524288,31.739833333333333,31.695966666666667,32.02146666666667,3,9,31.81908888888889,,,,,
alltoall,1n4g,,sycl_oneccl,32768,524288,28.535666666666668,28.528066666666664,28.5658,3,9,28.543177777777778,,,,,
alltoall,1n4g,,sycl_oneccl_oshmpi,32768,524288,154.11033333333333,153.74066666666667,156.594,3,9,154.815,,,,,
alltoall,1n4g,,cuda_mpi,65536,1048576,42.1324,42.0796,42.6887,3,9,42.30023333333333,,,,,
alltoall,1n4g,,cuda_nccl,65536,1048576,39.433233333333334,39.094233333333335,39.75873333333333,3,9,39.42873333333333,,,,,
alltoall,1n4g,,cuda_nvshmem,65536,1048576,39.739200000000004,39.39973333333334,39.79946666666667,3,9,39.64613333333333,,,,,
alltoall,1n4g,,oshmpi,65536,1048576,27.9264,27.75883333333333,28.481866666666665,3,9,28.0557,,,,,
alltoall,1n4g,,sycl_mpi,65536,1048576,42.5494,41.708866666666665,42.820566666666664,3,9,42.35961111111111,,,,,
alltoall,1n4g,,sycl_oneccl,65536,1048576,39.152899999999995,39.1015,39.3429,3,9,39.1991,,,,,
alltoall,1n4g,,sycl_oneccl_oshmpi,65536,1048576,238.86333333333334,237.50333333333333,240.897,3,9,239.0878888888889,,,,,
alltoall,2n1g,,cuda_mpi,1,8,5.28737,5.2051,5.520896666666666,3,9,5.3377888888888885,,,,,
alltoall,2n1g,,cuda_nccl,1,8,35.6726,35.159,36.785066666666665,3,9,35.87222222222223,,,,,
alltoall,2n1g,,cuda_nvshmem,1,8,33.699733333333334,32.97736666666667,34.122933333333336,3,9,33.600011111111115,,,,,
alltoall,2n1g,,oshmpi,1,8,16.076166666666666,16.064566666666668,16.358566666666665,3,9,16.16643333333333,,,,,
alltoall,2n1g,,sycl_mpi,1,8,5.3437166666666664,4.532383333333333,5.405233333333333,3,9,5.0937777777777775,,,,,
alltoall,2n1g,,sycl_oneccl,1,8,38.96346666666667,37.006166666666665,41.27766666666667,3,9,39.082433333333334,,,,,
alltoall,2n1g,,sycl_oneccl_oshmpi,1,8,32.813,32.72096666666666,32.8241,3,9,32.78602222222222,,,,,
alltoall,2n1g,,cuda_mpi,2,16,5.25871,5.25336,5.5771733333333335,3,9,5.363081111111111,,,,,
alltoall,2n1g,,cuda_nccl,2,16,35.36743333333334,33.940733333333334,36.1412,3,9,35.149788888888885,,,,,
alltoall,2n1g,,cuda_nvshmem,2,16,33.96383333333333,32.529833333333336,34.765233333333335,3,9,33.752966666666666,,,,,
alltoall,2n1g,,oshmpi,2,16,16.1737,15.945166666666667,16.4181,3,9,16.17898888888889,,,,,
alltoall,2n1g,,sycl_mpi,2,16,5.05292,4.450973333333334,5.257973333333333,3,9,4.920622222222223,,,,,
alltoall,2n1g,,sycl_oneccl,2,16,39.201433333333334,37.7169,40.8598,3,9,39.25937777777777,,,,,
alltoall,2n1g,,sycl_oneccl_oshmpi,2,16,32.59623333333333,32.438433333333336,32.686366666666665,3,9,32.573677777777775,,,,,
alltoall,2n1g,,cuda_mpi,4,32,4.328236666666666,4.29058,4.394966666666667,3,9,4.337927777777778,,,,,
alltoall,2n1g,,cuda_nccl,4,32,33.5935,33.11083333333333,35.29983333333333,3,9,34.00138888888889,,,,,
alltoall,2n1g,,cuda_nvshmem,4,32,32.20446666666667,31.1103,32.295,3,9,31.869922222222222,,,,,
alltoall,2n1g,,oshmpi,4,32,16.1767,15.951166666666666,16.396966666666668,3,9,16.174944444444446,,,,,
alltoall,2n1g,,sycl_mpi,4,32,4.230073333333333,3.92116,4.740883333333334,3,9,4.297372222222222,,,,,
alltoall,2n1g,,sycl_oneccl,4,32,37.0925,36.4843,39.511066666666665,3,9,37.69595555555556,,,,,
alltoall,2n1g,,sycl_oneccl_oshmpi,4,32,32.7689,32.353366666666666,32.79926666666667,3,9,32.64051111111111,,,,,
alltoall,2n1g,,cuda_mpi,8,64,4.999756666666666,4.938766666666667,5.32005,3,9,5.086191111111111,,,,,
alltoall,2n1g,,cuda_nccl,8,64,33.77213333333333,32.82353333333334,35.66896666666667,3,9,34.088211111111114,,,,,
alltoall,2n1g,,cuda_nvshmem,8,64,32.227199999999996,32.01613333333333,32.935233333333336,3,9,32.392855555555556,,,,,
alltoall,2n1g,,oshmpi,8,64,16.0578,16.028833333333335,16.4176,3,9,16.16807777777778,,,,,
alltoall,2n1g,,sycl_mpi,8,64,5.007483333333333,4.407713333333334,5.406353333333334,3,9,4.9405166666666664,,,,,
alltoall,2n1g,,sycl_oneccl,8,64,37.55446666666666,36.34093333333333,37.836533333333335,3,9,37.24397777777778,,,,,
alltoall,2n1g,,sycl_oneccl_oshmpi,8,64,32.645266666666664,32.5351,32.76593333333333,3,9,32.64876666666666,,,,,
alltoall,2n1g,,cuda_mpi,16,128,5.351143333333334,5.03861,5.374076666666667,3,9,5.2546100000000004,,,,,
alltoall,2n1g,,cuda_nccl,16,128,33.10723333333333,32.70296666666667,33.5317,3,9,33.11396666666667,,,,,
alltoall,2n1g,,cuda_nvshmem,16,128,32.037733333333335,31.698366666666665,32.06726666666667,3,9,31.934455555555555,,,,,
alltoall,2n1g,,oshmpi,16,128,16.127366666666667,15.9986,16.3449,3,9,16.156955555555555,,,,,
alltoall,2n1g,,sycl_mpi,16,128,5.0977,4.49542,5.4489366666666665,3,9,5.014018888888889,,,,,
alltoall,2n1g,,sycl_oneccl,16,128,36.74346666666666,36.71966666666667,37.10693333333333,3,9,36.85668888888889,,,,,
alltoall,2n1g,,sycl_oneccl_oshmpi,16,128,32.8214,32.52976666666667,33.2233,3,9,32.858155555555555,,,,,
alltoall,2n1g,,cuda_mpi,32,256,5.26232,5.0912733333333335,5.43962,3,9,5.264404444444445,,,,,
alltoall,2n1g,,cuda_nccl,32,256,34.0965,33.59766666666667,34.92483333333333,3,9,34.20633333333333,,,,,
alltoall,2n1g,,cuda_nvshmem,32,256,31.706833333333332,31.6157,31.766666666666666,3,9,31.6964,,,,,
alltoall,2n1g,,oshmpi,32,256,16.1266,16.025666666666666,16.4007,3,9,16.18432222222222,,,,,
alltoall,2n1g,,sycl_mpi,32,256,5.056736666666667,4.488416666666667,5.293153333333334,3,9,4.946102222222223,,,,,
alltoall,2n1g,,sycl_oneccl,32,256,37.9964,37.81393333333333,38.241099999999996,3,9,38.01714444444444,,,,,
alltoall,2n1g,,sycl_oneccl_oshmpi,32,256,33.03353333333334,32.726733333333335,33.2301,3,9,32.99678888888889,,,,,
alltoall,2n1g,,cuda_mpi,64,512,5.34501,5.322666666666667,5.34868,3,9,5.338785555555556,,,,,
alltoall,2n1g,,cuda_nccl,64,512,34.41076666666667,34.365633333333335,34.71236666666667,3,9,34.49625555555556,,,,,
alltoall,2n1g,,cuda_nvshmem,64,512,32.81086666666667,31.715133333333334,32.96906666666667,3,9,32.498355555555555,,,,,
alltoall,2n1g,,oshmpi,64,512,16.0279,16.017166666666668,16.37946666666667,3,9,16.141511111111114,,,,,
alltoall,2n1g,,sycl_mpi,64,512,5.4826033333333335,4.842293333333333,5.528716666666666,3,9,5.284537777777778,,,,,
alltoall,2n1g,,sycl_oneccl,64,512,38.1434,37.6505,38.6451,3,9,38.14633333333333,,,,,
alltoall,2n1g,,sycl_oneccl_oshmpi,64,512,39.45826666666667,33.24993333333333,46.7532,3,9,39.82046666666667,,,,,
alltoall,2n1g,,cuda_mpi,128,1024,6.449003333333334,6.2631733333333335,6.72532,3,9,6.479165555555555,,,,,
alltoall,2n1g,,cuda_nccl,128,1024,33.23826666666667,32.6946,35.72493333333333,3,9,33.88593333333333,,,,,
alltoall,2n1g,,cuda_nvshmem,128,1024,31.9142,30.92866666666667,32.5131,3,9,31.785322222222224,,,,,
alltoall,2n1g,,oshmpi,128,1024,16.097566666666665,16.021266666666666,16.444566666666667,3,9,16.1878,,,,,
alltoall,2n1g,,sycl_mpi,128,1024,6.442806666666667,6.30602,7.68177,3,9,6.8101988888888885,,,,,
alltoall,2n1g,,sycl_oneccl,128,1024,37.740966666666665,37.693333333333335,38.004599999999996,3,9,37.81296666666666,,,,,
alltoall,2n1g,,sycl_oneccl_oshmpi,128,1024,34.207566666666665,33.84086666666667,39.219366666666666,3,9,35.75593333333333,,,,,
alltoall,2n1g,,cuda_mpi,256,2048,6.363136666666667,6.065083333333333,6.438429999999999,3,9,6.288883333333334,,,,,
alltoall,2n1g,,cuda_nccl,256,2048,35.90206666666666,34.92743333333333,36.46276666666667,3,9,35.76408888888889,,,,,
alltoall,2n1g,,cuda_nvshmem,256,2048,32.088433333333334,32.02686666666666,33.029666666666664,3,9,32.381655555555554,,,,,
alltoall,2n1g,,oshmpi,256,2048,16.013666666666666,16.003333333333334,16.512166666666666,3,9,16.17638888888889,,,,,
alltoall,2n1g,,sycl_mpi,256,2048,6.16444,5.727053333333333,6.29579,3,9,6.062427777777778,,,,,
alltoall,2n1g,,sycl_oneccl,256,2048,37.91093333333333,37.49316666666667,39.12396666666667,3,9,38.17602222222222,,,,,
alltoall,2n1g,,sycl_oneccl_oshmpi,256,2048,34.398066666666665,34.317433333333334,34.75083333333333,3,9,34.48877777777778,,,,,
alltoall,2n1g,,cuda_mpi,512,4096,6.51387,6.23237,6.60617,3,9,6.450803333333334,,,,,
alltoall,2n1g,,cuda_nccl,512,4096,36.298,35.08936666666666,36.310700000000004,3,9,35.89935555555556,,,,,
alltoall,2n1g,,cuda_nvshmem,512,4096,32.922133333333335,32.76323333333333,33.81613333333333,3,9,33.16716666666667,,,,,
alltoall,2n1g,,oshmpi,512,4096,16.6875,16.0837,16.706633333333333,3,9,16.492611111111113,,,,,
alltoall,2n1g,,sycl_mpi,512,4096,6.354453333333334,5.85176,6.494093333333334,3,9,6.233435555555555,,,,,
alltoall,2n1g,,sycl_oneccl,512,4096,38.14503333333333,38.08293333333333,38.89803333333333,3,9,38.37533333333333,,,,,
alltoall,2n1g,,sycl_oneccl_oshmpi,512,4096,34.921299999999995,34.68306666666667,35.24093333333334,3,9,34.94843333333333,,,,,
alltoall,2n1g,,cuda_mpi,1024,8192,7.15581,6.9243999999999994,7.342603333333333,3,9,7.140937777777777,,,,,
alltoall,2n1g,,cuda_nccl,1024,8192,35.94316666666667,34.98063333333333,36.091566666666665,3,9,35.67178888888889,,,,,
alltoall,2n1g,,cuda_nvshmem,1024,8192,34.73723333333333,34.25043333333333,34.7802,3,9,34.58928888888889,,,,,
alltoall,2n1g,,oshmpi,1024,8192,17.172433333333334,17.0722,17.45286666666667,3,9,17.2325,,,,,
alltoall,2n1g,,sycl_mpi,1024,8192,7.03358,6.4685966666666666,7.21717,3,9,6.906448888888889,,,,,
alltoall,2n1g,,sycl_oneccl,1024,8192,39.0875,37.9544,39.2688,3,9,38.77023333333333,,,,,
alltoall,2n1g,,sycl_oneccl_oshmpi,1024,8192,37.091766666666665,36.97656666666667,37.655833333333334,3,9,37.24138888888889,,,,,
alltoall,2n1g,,cuda_mpi,2048,16384,7.55059,7.320093333333333,7.663176666666667,3,9,7.511286666666667,,,,,
alltoall,2n1g,,cuda_nccl,2048,16384,37.440933333333334,37.06406666666667,43.48343333333333,3,9,39.32947777777778,,,,,
alltoall,2n1g,,cuda_nvshmem,2048,16384,35.1633,34.213233333333335,35.67263333333334,3,9,35.01638888888889,,,,,
alltoall,2n1g,,oshmpi,2048,16384,17.541166666666665,17.494600000000002,17.955066666666667,3,9,17.66361111111111,,,,,
alltoall,2n1g,,sycl_mpi,2048,16384,7.47037,6.57772,7.77363,3,9,7.273906666666666,,,,,
alltoall,2n1g,,sycl_oneccl,2048,16384,39.10026666666667,37.103433333333335,40.002066666666664,3,9,38.735255555555554,,,,,
alltoall,2n1g,,sycl_oneccl_oshmpi,2048,16384,39.71816666666667,39.682766666666666,39.7555,3,9,39.71881111111111,,,,,
alltoall,2n1g,,cuda_mpi,4096,32768,8.619159999999999,8.247256666666667,9.086726666666667,3,9,8.651047777777778,,,,,
alltoall,2n1g,,cuda_nccl,4096,32768,38.43553333333333,36.0171,39.8171,3,9,38.08991111111111,,,,,
alltoall,2n1g,,cuda_nvshmem,4096,32768,36.36396666666667,35.53283333333333,36.693266666666666,3,9,36.196688888888886,,,,,
alltoall,2n1g,,oshmpi,4096,32768,18.52,18.4576,18.8309,3,9,18.602833333333333,,,,,
alltoall,2n1g,,sycl_mpi,4096,32768,8.298686666666667,7.42579,9.430286666666666,3,9,8.384921111111112,,,,,
alltoall,2n1g,,sycl_oneccl,4096,32768,43.791066666666666,41.3521,44.742733333333334,3,9,43.2953,,,,,
alltoall,2n1g,,sycl_oneccl_oshmpi,4096,32768,42.3455,42.2156,42.50053333333334,3,9,42.35387777777778,,,,,
alltoall,2n1g,,cuda_mpi,8192,65536,9.433226666666666,8.869,10.421033333333334,3,9,9.57442,,,,,
alltoall,2n1g,,cuda_nccl,8192,65536,37.837466666666664,37.36053333333333,37.97476666666667,3,9,37.72425555555556,,,,,
alltoall,2n1g,,cuda_nvshmem,8192,65536,36.08623333333333,36.08043333333333,36.77406666666667,3,9,36.31357777777778,,,,,
alltoall,2n1g,,oshmpi,8192,65536,20.167533333333335,19.903733333333335,20.8286,3,9,20.299955555555556,,,,,
alltoall,2n1g,,sycl_mpi,8192,65536,10.00422,9.44215,10.02225,3,9,9.822873333333334,,,,,
alltoall,2n1g,,sycl_oneccl,8192,65536,41.097433333333335,41.00266666666666,41.2474,3,9,41.115833333333335,,,,,
alltoall,2n1g,,sycl_oneccl_oshmpi,8192,65536,47.33273333333333,47.25086666666667,47.69833333333333,3,9,47.42731111111111,,,,,
alltoall,2n1g,,cuda_mpi,16384,131072,15.030966666666666,13.772433333333334,15.250066666666667,3,9,14.68448888888889,,,,,
alltoall,2n1g,,cuda_nccl,16384,131072,42.951,42.7052,46.633966666666666,3,9,44.09672222222222,,,,,
alltoall,2n1g,,cuda_nvshmem,16384,131072,41.21436666666666,40.21593333333333,41.3407,3,9,40.92366666666666,,,,,
alltoall,2n1g,,oshmpi,16384,131072,24.727766666666668,22.549266666666668,26.458866666666665,3,9,24.578633333333332,,,,,
alltoall,2n1g,,sycl_mpi,16384,131072,14.563566666666667,13.119966666666667,15.473333333333333,3,9,14.38562222222222,,,,,
alltoall,2n1g,,sycl_oneccl,16384,131072,51.23443333333333,51.198766666666664,51.67836666666667,3,9,51.37052222222222,,,,,
alltoall,2n1g,,sycl_oneccl_oshmpi,16384,131072,56.0171,55.880633333333336,56.36163333333334,3,9,56.08645555555555,,,,,
alltoall,2n1g,,cuda_mpi,32768,262144,26.3686,24.68583333333333,27.304100000000002,3,9,26.119511111111112,,,,,
alltoall,2n1g,,cuda_nccl,32768,262144,54.55716666666667,54.26873333333333,55.12266666666667,3,9,54.64952222222222,,,,,
alltoall,2n1g,,cuda_nvshmem,32768,262144,51.854033333333334,51.673833333333334,52.293533333333336,3,9,51.940466666666666,,,,,
alltoall,2n1g,,oshmpi,32768,262144,33.949866666666665,29.7324,36.356966666666665,3,9,33.34641111111111,,,,,
alltoall,2n1g,,sycl_mpi,32768,262144,27.691666666666666,22.3837,27.736966666666667,3,9,25.937444444444445,,,,,
alltoall,2n1g,,sycl_oneccl,32768,262144,62.22793333333333,61.98,62.250733333333336,3,9,62.15288888888889,,,,,
alltoall,2n1g,,sycl_oneccl_oshmpi,32768,262144,73.53596666666667,73.4118,74.96130000000001,3,9,73.9696888888889,,,,,
alltoall,2n1g,,cuda_mpi,65536,524288,51.6589,41.72333333333333,52.5735,3,9,48.65191111111111,,,,,
alltoall,2n1g,,cuda_nccl,65536,524288,72.03423333333333,71.83543333333333,72.98856666666667,3,9,72.28607777777778,,,,,
alltoall,2n1g,,cuda_nvshmem,65536,524288,68.55799999999999,68.51246666666667,68.9627,3,9,68.67772222222223,,,,,
alltoall,2n1g,,oshmpi,65536,524288,57.247366666666665,47.9617,58.0887,3,9,54.43258888888889,,,,,
alltoall,2n1g,,sycl_mpi,65536,524288,49.910799999999995,36.3475,50.21223333333333,3,9,45.490177777777774,,,,,
alltoall,2n1g,,sycl_oneccl,65536,524288,76.628,76.31726666666667,76.83606666666667,3,9,76.59377777777779,,,,,
alltoall,2n1g,,sycl_oneccl_oshmpi,65536,524288,105.59933333333333,105.56433333333334,107.97366666666666,3,9,106.37911111111111,,,,,
alltoall,2n4g,,cuda_mpi,1,32,15.2016,15.181466666666665,15.271566666666667,3,9,15.21821111111111,,,,,
alltoall,2n4g,,cuda_nccl,1,32,48.540033333333334,46.958733333333335,49.29826666666667,3,9,48.265677777777775,,,,,
alltoall,2n4g,,cuda_nvshmem,1,32,51.18496666666667,46.55706666666667,60.935900000000004,3,9,52.89264444444445,,,,,
alltoall,2n4g,,oshmpi,1,32,37.3057,36.92106666666667,42.57306666666667,3,9,38.933277777777775,,,,,
alltoall,2n4g,,sycl_mpi,1,32,15.659,15.6407,15.8643,3,9,15.721333333333332,,,,,
alltoall,2n4g,,sycl_oneccl,1,32,49.625,49.59243333333333,50.01173333333333,3,9,49.74305555555556,,,,,
alltoall,2n4g,,sycl_oneccl_oshmpi,1,32,120.79833333333333,120.51166666666667,120.99866666666667,3,9,120.76955555555554,,,,,
alltoall,2n4g,,cuda_mpi,2,64,14.472133333333334,14.3745,14.614,3,9,14.486877777777778,,,,,
alltoall,2n4g,,cuda_nccl,2,64,48.6051,47.937733333333334,49.2442,3,9,48.59567777777778,,,,,
alltoall,2n4g,,cuda_nvshmem,2,64,47.2794,45.190733333333334,48.605466666666665,3,9,47.025200000000005,,,,,
alltoall,2n4g,,oshmpi,2,64,43.19356666666666,37.02746666666666,47.76606666666667,3,9,42.662366666666664,,,,,
alltoall,2n4g,,sycl_mpi,2,64,14.3688,14.310599999999999,14.5018,3,9,14.393733333333333,,,,,
alltoall,2n4g,,sycl_oneccl,2,64,50.053866666666664,49.4398,50.4272,3,9,49.973622222222225,,,,,
alltoall,2n4g,,sycl_oneccl_oshmpi,2,64,119.21366666666667,118.997,119.869,3,9,119.35988888888889,,,,,
alltoall,2n4g,,cuda_mpi,4,128,10.679233333333332,9.93822,10.929856666666666,3,9,10.51577,,,,,
alltoall,2n4g,,cuda_nccl,4,128,48.55563333333333,47.5039,50.07646666666667,3,9,48.712,,,,,
alltoall,2n4g,,cuda_nvshmem,4,128,46.44753333333333,46.3083,46.4585,3,9,46.40477777777778,,,,,
alltoall,2n4g,,oshmpi,4,128,36.445,36.4443,47.679566666666666,3,9,40.18962222222222,,,,,
alltoall,2n4g,,sycl_mpi,4,128,10.209163333333333,9.758346666666666,10.596213333333333,3,9,10.187907777777777,,,,,
alltoall,2n4g,,sycl_oneccl,4,128,48.85273333333333,47.5892,49.0122,3,9,48.48471111111111,,,,,
alltoall,2n4g,,sycl_oneccl_oshmpi,4,128,120.904,120.55933333333334,121.355,3,9,120.93944444444443,,,,,
alltoall,2n4g,,cuda_mpi,8,256,11.988100000000001,11.961533333333334,12.0678,3,9,12.005811111111111,,,,,
alltoall,2n4g,,cuda_nccl,8,256,48.265766666666664,47.4496,48.91656666666667,3,9,48.21064444444445,,,,,
alltoall,2n4g,,cuda_nvshmem,8,256,46.88446666666667,44.9486,47.757999999999996,3,9,46.53035555555555,,,,,
alltoall,2n4g,,oshmpi,8,256,42.2607,36.65763333333333,42.72166666666667,3,9,40.54666666666667,,,,,
alltoall,2n4g,,sycl_mpi,8,256,12.082,12.064400000000001,12.6285,3,9,12.2583,,,,,
alltoall,2n4g,,sycl_oneccl,8,256,47.9142,47.8236,49.255633333333336,3,9,48.33114444444445,,,,,
alltoall,2n4g,,sycl_oneccl_oshmpi,8,256,121.62866666666667,121.482,121.842,3,9,121.65088888888889,,,,,
alltoall,2n4g,,cuda_mpi,16,512,14.368866666666666,14.165566666666667,14.838099999999999,3,9,14.457511111111112,,,,,
alltoall,2n4g,,cuda_nccl,16,512,47.700833333333335,47.67433333333333,47.77383333333333,3,9,47.71633333333333,,,,,
alltoall,2n4g,,cuda_nvshmem,16,512,47.235733333333336,44.9271,47.504933333333334,3,9,46.55592222222222,,,,,
alltoall,2n4g,,oshmpi,16,512,36.91513333333333,36.625233333333334,42.567766666666664,3,9,38.70271111111111,,,,,
alltoall,2n4g,,sycl_mpi,16,512,13.9054,13.760866666666667,14.326766666666666,3,9,13.997677777777778,,,,,
alltoall,2n4g,,sycl_oneccl,16,512,47.5976,47.506566666666664,48.2789,3,9,47.794355555555555,,,,,
alltoall,2n4g,,sycl_oneccl_oshmpi,16,512,154.563,144.06,154.58166666666665,3,9,151.06822222222223,,,,,
alltoall,2n4g,,cuda_mpi,32,1024,13.9111,13.4292,14.608166666666667,3,9,13.982822222222222,,,,,
alltoall,2n4g,,cuda_nccl,32,1024,48.11323333333333,46.316766666666666,48.3926,3,9,47.607533333333336,,,,,
alltoall,2n4g,,cuda_nvshmem,32,1024,46.737033333333336,46.26716666666666,47.057833333333335,3,9,46.68734444444445,,,,,
alltoall,2n4g,,oshmpi,32,1024,36.9278,36.9271,42.04083333333333,3,9,38.631911111111116,,,,,
alltoall,2n4g,,sycl_mpi,32,1024,13.212833333333334,13.1485,13.546466666666667,3,9,13.3026,,,,,
alltoall,2n4g,,sycl_oneccl,32,1024,48.263333333333335,48.039100000000005,48.682433333333336,3,9,48.32828888888889,,,,,
alltoall,2n4g,,sycl_oneccl_oshmpi,32,1024,122.84633333333333,122.49133333333333,122.895,3,9,122.74422222222223,,,,,
alltoall,2n4g,,cuda_mpi,64,2048,14.849066666666667,14.774533333333334,15.486799999999999,3,9,15.0368,,,,,
alltoall,2n4g,,cuda_nccl,64,2048,46.981833333333334,46.71783333333333,48.04976666666667,3,9,47.24981111111111,,,,,
alltoall,2n4g,,cuda_nvshmem,64,2048,46.38793333333333,45.227533333333334,47.34343333333333,3,9,46.31963333333333,,,,,
alltoall,2n4g,,oshmpi,64,2048,37.0909,36.91693333333333,42.86573333333333,3,9,38.957855555555554,,,,,
alltoall,2n4g,,sycl_mpi,64,2048,15.242266666666668,14.545133333333332,15.427266666666668,3,9,15.071555555555555,,,,,
alltoall,2n4g,,sycl_oneccl,64,2048,48.903933333333335,48.806066666666666,49.1672,3,9,48.959066666666665,,,,,
alltoall,2n4g,,sycl_oneccl_oshmpi,64,2048,124.07333333333334,123.48,124.33166666666666,3,9,123.96166666666666,,,,,
alltoall,2n4g,,cuda_mpi,128,4096,20.3136,20.220966666666666,20.759733333333333,3,9,20.431433333333334,,,,,
alltoall,2n4g,,cuda_nccl,128,4096,48.8706,47.63153333333333,48.873266666666666,3,9,48.458466666666666,,,,,
alltoall,2n4g,,cuda_nvshmem,128,4096,46.5498,46.07686666666667,47.0718,3,9,46.566155555555554,,,,,
alltoall,2n4g,,oshmpi,128,4096,37.3266,36.92876666666667,42.44463333333333,3,9,38.9,,,,,
alltoall,2n4g,,sycl_mpi,128,4096,20.723433333333332,19.29853333333333,20.7328,3,9,20.25158888888889,,,,,
alltoall,2n4g,,sycl_oneccl,128,4096,48.76923333333333,48.371700000000004,49.7511,3,9,48.96401111111111,,,,,
alltoall,2n4g,,sycl_oneccl_oshmpi,128,4096,123.97666666666667,123.56633333333333,123.997,3,9,123.84666666666665,,,,,
alltoall,2n4g,,cuda_mpi,256,8192,27.673033333333333,25.626066666666667,28.167166666666667,3,9,27.15542222222222,,,,,
alltoall,2n4g,,cuda_nccl,256,8192,47.1682,46.913266666666665,47.260400000000004,3,9,47.113955555555556,,,,,
alltoall,2n4g,,cuda_nvshmem,256,8192,46.8435,46.58133333333333,48.36076666666667,3,9,47.26186666666667,,,,,
alltoall,2n4g,,oshmpi,256,8192,37.4642,37.01056666666667,43.362833333333334,3,9,39.279199999999996,,,,,
alltoall,2n4g,,sycl_mpi,256,8192,26.932166666666667,26.8837,28.820433333333334,3,9,27.54543333333333,,,,,
alltoall,2n4g,,sycl_oneccl,256,8192,49.42946666666667,48.914433333333335,49.59973333333333,3,9,49.314544444444444,,,,,
alltoall,2n4g,,sycl_oneccl_oshmpi,256,8192,125.90966666666667,125.08200000000001,126.489,3,9,125.82688888888889,,,,,
alltoall,2n4g,,cuda_mpi,512,16384,26.067666666666668,25.943133333333332,26.585566666666665,3,9,26.19878888888889,,,,,
alltoall,2n4g,,cuda_nccl,512,16384,47.4632,46.85053333333333,47.778666666666666,3,9,47.364133333333335,,,,,
alltoall,2n4g,,cuda_nvshmem,512,16384,47.6011,47.237433333333335,49.272666666666666,3,9,48.03706666666667,,,,,
alltoall,2n4g,,oshmpi,512,16384,38.8346,38.3037,45.11386666666667,3,9,40.75072222222222,,,,,
alltoall,2n4g,,sycl_mpi,512,16384,26.720966666666666,26.6916,26.8749,3,9,26.76248888888889,,,,,
alltoall,2n4g,,sycl_oneccl,512,16384,50.926966666666665,50.16643333333333,51.329433333333334,3,9,50.807611111111115,,,,,
alltoall,2n4g,,sycl_oneccl_oshmpi,512,16384,130.30066666666667,129.883,130.40233333333333,3,9,130.19533333333334,,,,,
alltoall,2n4g,,cuda_mpi,1024,32768,26.574833333333334,26.485,27.0929,3,9,26.717577777777777,,,,,
alltoall,2n4g,,cuda_nccl,1024,32768,47.178133333333335,46.5546,48.22026666666667,3,9,47.31766666666667,,,,,
alltoall,2n4g,,cuda_nvshmem,1024,32768,46.9345,46.72643333333333,47.140633333333334,3,9,46.93385555555555,,,,,
alltoall,2n4g,,oshmpi,1024,32768,41.16453333333333,40.7832,48.205,3,9,43.38424444444444,,,,,
alltoall,2n4g,,sycl_mpi,1024,32768,27.227066666666666,27.1308,27.340333333333334,3,9,27.232733333333336,,,,,
alltoall,2n4g,,sycl_oneccl,1024,32768,50.483533333333334,50.44086666666667,50.49026666666666,3,9,50.47155555555556,,,,,
alltoall,2n4g,,sycl_oneccl_oshmpi,1024,32768,132.853,132.74866666666665,133.17933333333335,3,9,132.92700000000002,,,,,
alltoall,2n4g,,cuda_mpi,2048,65536,28.611366666666665,28.3051,28.8256,3,9,28.58068888888889,,,,,
alltoall,2n4g,,cuda_nccl,2048,65536,49.59973333333333,49.13336666666667,50.32426666666667,3,9,49.68578888888889,,,,,
alltoall,2n4g,,cuda_nvshmem,2048,65536,49.61323333333333,49.524166666666666,50.46906666666666,3,9,49.86882222222222,,,,,
alltoall,2n4g,,oshmpi,2048,65536,44.45056666666667,43.97723333333333,53.90326666666667,3,9,47.443688888888886,,,,,
alltoall,2n4g,,sycl_mpi,2048,65536,28.998966666666664,28.377833333333335,29.409933333333335,3,9,28.928911111111113,,,,,
alltoall,2n4g,,sycl_oneccl,2048,65536,52.980133333333335,52.9668,53.226933333333335,3,9,53.05795555555556,,,,,
alltoall,2n4g,,sycl_oneccl_oshmpi,2048,65536,143.81900000000002,143.569,144.198,3,9,143.862,,,,,
alltoall,2n4g,,cuda_mpi,4096,131072,36.80446666666667,36.61236666666667,38.367333333333335,3,9,37.26138888888889,,,,,
alltoall,2n4g,,cuda_nccl,4096,131072,54.576633333333334,54.562266666666666,56.185,3,9,55.10796666666667,,,,,
alltoall,2n4g,,cuda_nvshmem,4096,131072,55.18486666666667,55.00416666666666,55.8586,3,9,55.34921111111111,,,,,
alltoall,2n4g,,oshmpi,4096,131072,53.23683333333333,52.79286666666667,61.246833333333335,3,9,55.75884444444444,,,,,
alltoall,2n4g,,sycl_mpi,4096,131072,37.8291,36.4458,38.60423333333333,3,9,37.626377777777776,,,,,
alltoall,2n4g,,sycl_oneccl,4096,131072,58.5555,58.32836666666667,58.71346666666667,3,9,58.53244444444445,,,,,
alltoall,2n4g,,sycl_oneccl_oshmpi,4096,131072,169.82866666666666,169.06833333333333,170.12166666666667,3,9,169.6728888888889,,,,,
alltoall,2n4g,,cuda_mpi,8192,262144,49.12896666666667,46.208133333333336,49.78176666666667,3,9,48.372955555555556,,,,,
alltoall,2n4g,,cuda_nccl,8192,262144,63.69676666666667,63.60196666666666,63.90906666666667,3,9,63.73593333333333,,,,,
alltoall,2n4g,,cuda_nvshmem,8192,262144,63.96273333333333,63.678866666666664,64.17106666666666,3,9,63.937555555555555,,,,,
alltoall,2n4g,,oshmpi,8192,262144,76.6075,76.3313,82.2254,3,9,78.38806666666667,,,,,
alltoall,2n4g,,sycl_mpi,8192,262144,48.85593333333333,47.95823333333333,49.560233333333336,3,9,48.791466666666665,,,,,
alltoall,2n4g,,sycl_oneccl,8192,262144,69.92183333333334,69.91163333333333,70.1725,3,9,70.00198888888889,,,,,
alltoall,2n4g,,sycl_oneccl_oshmpi,8192,262144,174.684,173.88966666666667,174.779,3,9,174.4508888888889,,,,,
alltoall,2n4g,,cuda_mpi,16384,524288,92.12723333333334,90.8419,93.0468,3,9,92.00531111111111,,,,,
alltoall,2n4g,,cuda_nccl,16384,524288,80.39453333333333,80.1443,80.49133333333333,3,9,80.3433888888889,,,,,
alltoall,2n4g,,cuda_nvshmem,16384,524288,80.27443333333333,80.1227,80.3011,3,9,80.23274444444445,,,,,
alltoall,2n4g,,oshmpi,16384,524288,123.73233333333333,123.572,129.02466666666666,3,9,125.44300000000001,,,,,
alltoall,2n4g,,sycl_mpi,16384,524288,90.61426666666667,89.80706666666667,91.74633333333334,3,9,90.72255555555556,,,,,
alltoall,2n4g,,sycl_oneccl,16384,524288,92.96333333333332,92.90726666666667,93.88213333333333,3,9,93.25091111111111,,,,,
alltoall,2n4g,,sycl_oneccl_oshmpi,16384,524288,223.214,222.376,223.83866666666665,3,9,223.1428888888889,,,,,
alltoall,2n4g,,cuda_mpi,32768,1048576,178.04633333333334,176.297,179.36066666666667,3,9,177.90133333333335,,,,,
alltoall,2n4g,,cuda_nccl,32768,1048576,105.644,105.601,106.60733333333333,3,9,105.95077777777777,,,,,
alltoall,2n4g,,cuda_nvshmem,32768,1048576,106.142,105.413,107.083,3,9,106.21266666666666,,,,,
alltoall,2n4g,,oshmpi,32768,1048576,217.067,216.602,222.252,3,9,218.64033333333333,,,,,
alltoall,2n4g,,sycl_mpi,32768,1048576,181.178,178.86866666666668,181.18733333333333,3,9,180.41133333333335,,,,,
alltoall,2n4g,,sycl_oneccl,32768,1048576,118.05666666666667,117.465,127.90933333333334,3,9,121.14366666666668,,,,,
alltoall,2n4g,,sycl_oneccl_oshmpi,32768,1048576,324.165,323.817,326.055,3,9,324.679,,,,,
alltoall,2n4g,,cuda_mpi,65536,2097152,367.4576666666667,357.194,368.9796666666667,3,9,364.5437777777778,,,,,
alltoall,2n4g,,cuda_nccl,65536,2097152,157.07666666666665,156.81733333333332,157.303,3,9,157.06566666666666,,,,,
alltoall,2n4g,,cuda_nvshmem,65536,2097152,157.65933333333334,157.30066666666667,158.731,3,9,157.89700000000002,,,,,
alltoall,2n4g,,oshmpi,65536,2097152,395.88599999999997,392.183,397.325,3,9,395.1313333333333,,,,,
alltoall,2n4g,,sycl_mpi,65536,2097152,365.1533333333333,361.73833333333334,366.19533333333334,3,9,364.3623333333333,,,,,
alltoall,2n4g,,sycl_oneccl,65536,2097152,161.40533333333332,161.245,162.393,3,9,161.68111111111114,,,,,
alltoall,2n4g,,sycl_oneccl_oshmpi,65536,2097152,508.0663333333333,506.16766666666666,509.6893333333333,3,9,507.9744444444445,,,,,
alltoall,4n4g,,cuda_mpi,1,64,18.686733333333333,18.5331,19.274666666666665,3,9,18.8315,,,,,
alltoall,4n4g,,cuda_nccl,1,64,56.754933333333334,56.71613333333333,56.847633333333334,3,9,56.7729,,,,,
alltoall,4n4g,,cuda_nvshmem,1,64,98.3505,68.9109,148.29483333333334,3,9,105.18541111111111,,,,,
alltoall,4n4g,,oshmpi,1,64,70.66683333333333,70.01596666666667,77.26216666666667,3,9,72.64832222222223,,,,,
alltoall,4n4g,,sycl_mpi,1,64,19.452,18.765333333333334,20.147933333333334,3,9,19.455088888888888,,,,,
alltoall,4n4g,,sycl_oneccl,1,64,58.4636,57.7967,60.314033333333334,3,9,58.85811111111111,,,,,
alltoall,4n4g,,sycl_oneccl_oshmpi,1,64,246.88366666666667,243.26866666666666,261.1936666666667,3,9,250.44866666666667,,,,,
alltoall,4n4g,,cuda_mpi,2,128,17.185200000000002,17.137800000000002,17.353033333333332,3,9,17.225344444444445,,,,,
alltoall,4n4g,,cuda_nccl,2,128,56.14816666666667,56.02903333333333,56.5547,3,9,56.243966666666665,,,,,
alltoall,4n4g,,cuda_nvshmem,2,128,103.44356666666667,84.71716666666667,122.76906666666667,3,9,103.64326666666666,,,,,
alltoall,4n4g,,oshmpi,2,128,70.38703333333333,70.2166,76.98293333333334,3,9,72.52885555555555,,,,,
alltoall,4n4g,,sycl_mpi,2,128,17.547766666666664,17.535766666666667,17.679433333333332,3,9,17.587655555555553,,,,,
alltoall,4n4g,,sycl_oneccl,2,128,57.541666666666664,56.70036666666667,58.1121,3,9,57.45137777777778,,,,,
alltoall,4n4g,,sycl_oneccl_oshmpi,2,128,255.024,249.40333333333334,269.11699999999996,3,9,257.8481111111111,,,,,
alltoall,4n4g,,cuda_mpi,4,256,14.270966666666666,13.836133333333333,14.417566666666666,3,9,14.174888888888889,,,,,
alltoall,4n4g,,cuda_nccl,4,256,54.927,54.91126666666667,55.652233333333335,3,9,55.1635,,,,,
alltoall,4n4g,,cuda_nvshmem,4,256,80.71483333333333,78.12213333333334,122.42566666666666,3,9,93.75421111111112,,,,,
alltoall,4n4g,,oshmpi,4,256,70.27420000000001,70.257,76.11236666666666,3,9,72.21452222222223,,,,,
alltoall,4n4g,,sycl_mpi,4,256,14.130166666666666,14.0412,14.4638,3,9,14.211722222222223,,,,,
alltoall,4n4g,,sycl_oneccl,4,256,55.77256666666666,55.74786666666667,55.966766666666665,3,9,55.82906666666666,,,,,
alltoall,4n4g,,sycl_oneccl_oshmpi,4,256,255.674,248.46866666666665,261.68033333333335,3,9,255.27433333333335,,,,,
alltoall,4n4g,,cuda_mpi,8,512,15.713133333333333,15.440033333333334,16.090066666666665,3,9,15.747744444444445,,,,,
alltoall,4n4g,,cuda_nccl,8,512,55.029133333333334,54.9106,55.071466666666666,3,9,55.00373333333333,,,,,
alltoall,4n4g,,cuda_nvshmem,8,512,78.4827,72.01273333333333,100.7507,3,9,83.7487111111111,,,,,
alltoall,4n4g,,oshmpi,8,512,70.33526666666667,69.98256666666667,76.02716666666666,3,9,72.115,,,,,
alltoall,4n4g,,sycl_mpi,8,512,15.558733333333333,15.522866666666667,16.1259,3,9,15.735833333333334,,,,,
alltoall,4n4g,,sycl_oneccl,8,512,55.4947,55.123466666666666,55.522466666666666,3,9,55.38021111111111,,,,,
alltoall,4n4g,,sycl_oneccl_oshmpi,8,512,252.62866666666667,241.99633333333333,266.79,3,9,253.80499999999998,,,,,
alltoall,4n4g,,cuda_mpi,16,1024,19.53503333333333,18.84573333333333,19.8028,3,9,19.39452222222222,,,,,
alltoall,4n4g,,cuda_nccl,16,1024,54.5541,54.3689,54.65606666666667,3,9,54.52635555555556,,,,,
alltoall,4n4g,,cuda_nvshmem,16,1024,104.73286666666667,92.24053333333333,120.75713333333333,3,9,105.91017777777778,,,,,
alltoall,4n4g,,oshmpi,16,1024,71.43166666666666,70.55686666666666,76.28706666666666,3,9,72.75853333333333,,,,,
alltoall,4n4g,,sycl_mpi,16,1024,19.5504,19.481966666666665,19.6368,3,9,19.55638888888889,,,,,
alltoall,4n4g,,sycl_oneccl,16,1024,55.01916666666666,54.95193333333333,55.1288,3,9,55.0333,,,,,
alltoall,4n4g,,sycl_oneccl_oshmpi,16,1024,255.62633333333332,247.30433333333335,295.5903333333333,3,9,266.1736666666667,,,,,
alltoall,4n4g,,cuda_mpi,32,2048,18.19033333333333,17.7014,18.239033333333335,3,9,18.04358888888889,,,,,
alltoall,4n4g,,cuda_nccl,32,2048,54.911766666666665,54.81796666666666,55.288333333333334,3,9,55.00602222222222,,,,,
alltoall,4n4g,,cuda_nvshmem,32,2048,93.92553333333333,67.4947,110.03823333333332,3,9,90.48615555555556,,,,,
alltoall,4n4g,,oshmpi,32,2048,71.19226666666667,70.67683333333333,77.35403333333333,3,9,73.07437777777778,,,,,
alltoall,4n4g,,sycl_mpi,32,2048,17.797833333333333,17.659299999999998,18.394233333333332,3,9,17.950455555555557,,,,,
alltoall,4n4g,,sycl_oneccl,32,2048,55.02126666666667,54.811166666666665,55.53593333333333,3,9,55.12278888888889,,,,,
alltoall,4n4g,,sycl_oneccl_oshmpi,32,2048,276.4286666666667,267.67033333333336,277.01866666666666,3,9,273.7058888888889,,,,,
alltoall,4n4g,,cuda_mpi,64,4096,20.632133333333332,20.611766666666668,21.009233333333334,3,9,20.751044444444446,,,,,
alltoall,4n4g,,cuda_nccl,64,4096,54.20826666666667,54.180166666666665,54.799533333333336,3,9,54.39598888888889,,,,,
alltoall,4n4g,,cuda_nvshmem,64,4096,114.77289999999999,72.9682,120.88766666666666,3,9,102.87625555555556,,,,,
alltoall,4n4g,,oshmpi,64,4096,71.81246666666667,70.62933333333334,76.40276666666666,3,9,72.94818888888888,,,,,
alltoall,4n4g,,sycl_mpi,64,4096,20.175766666666668,19.8089,20.2392,3,9,20.074622222222224,,,,,
alltoall,4n4g,,sycl_oneccl,64,4096,54.884100000000004,54.87786666666667,54.96123333333333,3,9,54.90773333333333,,,,,
alltoall,4n4g,,sycl_oneccl_oshmpi,64,4096,255.652,248.99366666666668,264.54066666666665,3,9,256.3954444444445,,,,,
alltoall,4n4g,,cuda_mpi,128,8192,26.756433333333334,25.982333333333333,26.805133333333334,3,9,26.514633333333332,,,,,
alltoall,4n4g,,cuda_nccl,128,8192,54.75106666666667,54.70933333333333,160.55746666666667,3,9,90.00595555555554,,,,,
alltoall,4n4g,,cuda_nvshmem,128,8192,92.0429,79.49823333333333,113.09433333333334,3,9,94.87848888888888,,,,,
alltoall,4n4g,,oshmpi,128,8192,71.94969999999999,71.226,78.0507,3,9,73.74213333333334,,,,,
alltoall,4n4g,,sycl_mpi,128,8192,26.2315,25.998933333333333,26.643066666666666,3,9,26.291166666666665,,,,,
alltoall,4n4g,,sycl_oneccl,128,8192,55.17966666666667,55.11926666666667,55.290733333333336,3,9,55.196555555555555,,,,,
alltoall,4n4g,,sycl_oneccl_oshmpi,128,8192,270.694,248.22133333333332,270.9286666666667,3,9,263.28133333333335,,,,,
alltoall,4n4g,,cuda_mpi,256,16384,34.78243333333334,34.54963333333333,34.9893,3,9,34.773788888888895,,,,,
alltoall,4n4g,,cuda_nccl,256,16384,55.17633333333333,55.0236,55.22806666666667,3,9,55.14266666666666,,,,,
alltoall,4n4g,,cuda_nvshmem,256,16384,101.62033333333333,93.6522,106.45453333333333,3,9,100.57568888888889,,,,,
alltoall,4n4g,,oshmpi,256,16384,72.6306,72.56643333333332,79.05993333333333,3,9,74.75232222222222,,,,,
alltoall,4n4g,,sycl_mpi,256,16384,35.015033333333335,34.62096666666667,35.7468,3,9,35.1276,,,,,
alltoall,4n4g,,sycl_oneccl,256,16384,55.902766666666665,55.7246,56.065466666666666,3,9,55.89761111111111,,,,,
alltoall,4n4g,,sycl_oneccl_oshmpi,256,16384,290.2506666666667,259.44866666666667,293.49933333333337,3,9,281.0662222222222,,,,,
alltoall,4n4g,,cuda_mpi,512,32768,36.953066666666665,36.4856,37.04463333333333,3,9,36.82776666666667,,,,,
alltoall,4n4g,,cuda_nccl,512,32768,56.76043333333333,56.730666666666664,56.782333333333334,3,9,56.75781111111111,,,,,
alltoall,4n4g,,cuda_nvshmem,512,32768,85.64283333333333,82.55573333333334,95.6902,3,9,87.96292222222222,,,,,
alltoall,4n4g,,oshmpi,512,32768,75.7633,75.71713333333334,83.35956666666667,3,9,78.28,,,,,
alltoall,4n4g,,sycl_mpi,512,32768,37.17143333333333,37.00396666666667,37.39993333333334,3,9,37.19177777777778,,,,,
alltoall,4n4g,,sycl_oneccl,512,32768,57.506566666666664,57.127233333333336,57.83003333333333,3,9,57.48794444444444,,,,,
alltoall,4n4g,,sycl_oneccl_oshmpi,512,32768,282.263,276.1736666666667,282.57233333333335,3,9,280.33633333333336,,,,,
alltoall,4n4g,,cuda_mpi,1024,65536,41.994,41.83776666666667,42.3986,3,9,42.07678888888889,,,,,
alltoall,4n4g,,cuda_nccl,1024,65536,58.2413,57.91556666666667,58.9137,3,9,58.35685555555555,,,,,
alltoall,4n4g,,cuda_nvshmem,1024,65536,91.91033333333333,76.29306666666666,108.8951,3,9,92.36616666666666,,,,,
alltoall,4n4g,,oshmpi,1024,65536,87.0348,86.91810000000001,92.3409,3,9,88.7646,,,,,
alltoall,4n4g,,sycl_mpi,1024,65536,42.55343333333333,42.00933333333334,42.7367,3,9,42.43315555555556,,,,,
alltoall,4n4g,,sycl_oneccl,1024,65536,59.0989,58.9163,59.31626666666667,3,9,59.110488888888895,,,,,
alltoall,4n4g,,sycl_oneccl_oshmpi,1024,65536,286.56066666666663,279.71066666666667,303.286,3,9,289.8524444444445,,,,,
alltoall,4n4g,,cuda_mpi,2048,131072,59.82286666666667,59.05546666666667,60.12296666666667,3,9,59.667100000000005,,,,,
alltoall,4n4g,,cuda_nccl,2048,131072,65.55056666666667,65.1148,70.83023333333334,3,9,67.1652,,,,,
alltoall,4n4g,,cuda_nvshmem,2048,131072,88.51316666666666,76.79996666666668,109.8732,3,9,91.72877777777778,,,,,
alltoall,4n4g,,oshmpi,2048,131072,121.171,120.38666666666667,126.28833333333334,3,9,122.61533333333334,,,,,
alltoall,4n4g,,sycl_mpi,2048,131072,60.21543333333334,60.10843333333334,60.34396666666667,3,9,60.222611111111114,,,,,
alltoall,4n4g,,sycl_oneccl,2048,131072,66.28006666666667,66.19276666666667,68.73493333333333,3,9,67.06925555555556,,,,,
alltoall,4n4g,,sycl_oneccl_oshmpi,2048,131072,323.338,321.257,325.41333333333336,3,9,323.3361111111111,,,,,
alltoall,4n4g,,cuda_mpi,4096,262144,114.65766666666667,113.82733333333333,115.90033333333334,3,9,114.79511111111111,,,,,
alltoall,4n4g,,cuda_nccl,4096,262144,79.90936666666667,79.22653333333334,80.54896666666666,3,9,79.89495555555555,,,,,
alltoall,4n4g,,cuda_nvshmem,4096,262144,123.43813333333334,107.36616666666667,128.47733333333332,3,9,119.76054444444445,,,,,
alltoall,4n4g,,oshmpi,4096,262144,189.74166666666667,189.55333333333334,198.48266666666666,3,9,192.59255555555558,,,,,
alltoall,4n4g,,sycl_mpi,4096,262144,113.654,113.087,126.56433333333334,3,9,117.76844444444444,,,,,
alltoall,4n4g,,sycl_oneccl,4096,262144,81.4273,80.75726666666667,81.4506,3,9,81.21172222222222,,,,,
alltoall,4n4g,,sycl_oneccl_oshmpi,4096,262144,433.089,417.74233333333336,443.1286666666667,3,9,431.32,,,,,
alltoall,4n4g,,cuda_mpi,8192,524288,121.48700000000001,121.05766666666666,122.446,3,9,121.66355555555555,,,,,
alltoall,4n4g,,cuda_nccl,8192,524288,102.89999999999999,102.42133333333334,103.328,3,9,102.8831111111111,,,,,
alltoall,4n4g,,cuda_nvshmem,8192,524288,155.03766666666667,136.97233333333332,163.184,3,9,151.73133333333334,,,,,
alltoall,4n4g,,oshmpi,8192,524288,337.99833333333333,330.73199999999997,343.929,3,9,337.5531111111111,,,,,
alltoall,4n4g,,sycl_mpi,8192,524288,123.065,122.47466666666666,123.16466666666666,3,9,122.90144444444445,,,,,
alltoall,4n4g,,sycl_oneccl,8192,524288,106.01033333333334,105.539,106.06966666666666,3,9,105.87299999999999,,,,,
alltoall,4n4g,,sycl_oneccl_oshmpi,8192,524288,411.8276666666667,406.29766666666666,417.1956666666667,3,9,411.7736666666667,,,,,
alltoall,4n4g,,cuda_mpi,16384,1048576,251.66533333333334,250.91933333333333,251.908,3,9,251.49755555555555,,,,,
alltoall,4n4g,,cuda_nccl,16384,1048576,142.41933333333333,142.264,142.925,3,9,142.53611111111113,,,,,
alltoall,4n4g,,cuda_nvshmem,16384,1048576,195.4223333333333,182.81733333333332,218.23166666666668,3,9,198.82377777777776,,,,,
alltoall,4n4g,,oshmpi,16384,1048576,641.052,636.7503333333333,652.6056666666667,3,9,643.4693333333333,,,,,
alltoall,4n4g,,sycl_mpi,16384,1048576,252.53866666666667,251.84366666666668,253.32466666666664,3,9,252.56900000000002,,,,,
alltoall,4n4g,,sycl_oneccl,16384,1048576,158.68433333333334,157.61166666666665,159.626,3,9,158.64066666666668,,,,,
alltoall,4n4g,,sycl_oneccl_oshmpi,16384,1048576,560.354,525.6043333333333,595.2623333333333,3,9,560.406888888889,,,,,
alltoall,4n4g,,cuda_mpi,32768,2097152,508.68466666666666,508.34866666666665,510.77933333333334,3,9,509.2708888888889,,,,,
alltoall,4n4g,,cuda_nccl,32768,2097152,239.34266666666667,238.663,241.237,3,9,239.74755555555555,,,,,
alltoall,4n4g,,cuda_nvshmem,32768,2097152,342.149,301.72133333333335,352.43566666666663,3,9,332.10200000000003,,,,,
alltoall,4n4g,,oshmpi,32768,2097152,1242.75,1220.4966666666667,1260.2233333333334,3,9,1241.1566666666668,,,,,
alltoall,4n4g,,sycl_mpi,32768,2097152,508.4666666666667,508.45633333333336,512.9193333333334,3,9,509.94744444444444,,,,,
alltoall,4n4g,,sycl_oneccl,32768,2097152,252.69433333333333,252.47666666666666,254.32266666666666,3,9,253.16455555555558,,,,,
alltoall,4n4g,,sycl_oneccl_oshmpi,32768,2097152,826.9103333333334,792.4833333333333,856.777,3,9,825.3902222222222,,,,,
alltoall,4n4g,,cuda_mpi,65536,4194304,955.3113333333333,954.9676666666667,956.7596666666666,3,9,955.6795555555556,,,,,
alltoall,4n4g,,cuda_nccl,65536,4194304,405.395,397.4993333333333,405.47366666666665,3,9,402.78933333333333,,,,,
alltoall,4n4g,,cuda_nvshmem,65536,4194304,513.2063333333333,489.7403333333333,526.8576666666667,3,9,509.9347777777778,,,,,
alltoall,4n4g,,oshmpi,65536,4194304,2390.5066666666667,2375.5866666666666,2392.8,3,9,2386.297777777778,,,,,
alltoall,4n4g,,sycl_mpi,65536,4194304,944.137,938.2583333333333,968.7943333333333,3,9,950.3965555555556,,,,,
alltoall,4n4g,,sycl_oneccl,65536,4194304,397.8306666666667,397.3763333333333,399.07933333333335,3,9,398.0954444444444,,,,,
alltoall,4n4g,,sycl_oneccl_oshmpi,65536,4194304,1335.93,1317.14,1369.7866666666666,3,9,1340.9522222222222,,,,,
alltoall,8n4g,,cuda_mpi,1,128,27.02766666666667,27.000233333333334,27.2742,3,9,27.1007,,,,,
alltoall,8n4g,,cuda_nccl,1,128,72.1532,71.31256666666667,72.2842,3,9,71.91665555555556,,,,,
alltoall,8n4g,,cuda_nvshmem,1,128,156.452,85.44313333333334,199.96736666666666,3,9,147.2875,,,,,
alltoall,8n4g,,oshmpi,1,128,143.814,143.80433333333332,146.65766666666667,3,9,144.75866666666667,,,,,
alltoall,8n4g,,sycl_mpi,1,128,27.532666666666668,27.529366666666668,27.5963,3,9,27.552777777777777,,,,,
alltoall,8n4g,,sycl_oneccl,1,128,71.24963333333334,70.828,75.1861,3,9,72.42124444444444,,,,,
alltoall,8n4g,,sycl_oneccl_oshmpi,1,128,572.2823333333333,533.946,613.9136666666667,3,9,573.3806666666667,,,,,
alltoall,8n4g,,cuda_mpi,2,256,25.4682,25.3615,25.558866666666667,3,9,25.462855555555553,,,,,
alltoall,8n4g,,cuda_nccl,2,256,70.0177,69.80866666666667,93.1446,3,9,77.65698888888889,,,,,
alltoall,8n4g,,cuda_nvshmem,2,256,164.935,99.35816666666666,306.7623333333333,3,9,190.3518333333333,,,,,
alltoall,8n4g,,oshmpi,2,256,144.37933333333334,144.36533333333335,147.31033333333335,3,9,145.35166666666666,,,,,
alltoall,8n4g,,sycl_mpi,2,256,25.296466666666667,25.060466666666667,25.736533333333334,3,9,25.36448888888889,,,,,
alltoall,8n4g,,sycl_oneccl,2,256,68.2017,68.00123333333333,68.24786666666667,3,9,68.15026666666667,,,,,
alltoall,8n4g,,sycl_oneccl_oshmpi,2,256,581.1103333333333,546.1366666666667,609.938,3,9,579.0616666666667,,,,,
alltoall,8n4g,,cuda_mpi,4,512,23.268333333333334,22.983433333333334,23.475933333333334,3,9,23.242566666666665,,,,,
alltoall,8n4g,,cuda_nccl,4,512,69.0267,68.8476,69.23963333333333,3,9,69.03797777777778,,,,,
alltoall,8n4g,,cuda_nvshmem,4,512,109.18313333333333,93.55963333333334,174.75799999999998,3,9,125.8335888888889,,,,,
alltoall,8n4g,,oshmpi,4,512,144.97866666666667,143.632,146.51666666666668,3,9,145.04244444444444,,,,,
alltoall,8n4g,,sycl_mpi,4,512,23.755533333333332,22.968833333333333,24.400366666666667,3,9,23.708244444444446,,,,,
alltoall,8n4g,,sycl_oneccl,4,512,66.09816666666667,65.94356666666667,66.2235,3,9,66.08841111111111,,,,,
alltoall,8n4g,,sycl_oneccl_oshmpi,4,512,566.7246666666666,548.7773333333333,627.602,3,9,581.0346666666667,,,,,
alltoall,8n4g,,cuda_mpi,8,1024,24.2816,24.013233333333332,25.1174,3,9,24.470744444444446,,,,,
alltoall,8n4g,,cuda_nccl,8,1024,68.14843333333333,68.13966666666667,68.299,3,9,68.1957,,,,,
alltoall,8n4g,,cuda_nvshmem,8,1024,165.578,93.15,186.45333333333332,3,9,148.39377777777779,,,,,
alltoall,8n4g,,oshmpi,8,1024,145.161,144.01133333333334,147.447,3,9,145.53977777777777,,,,,
alltoall,8n4g,,sycl_mpi,8,1024,24.2747,24.118166666666667,24.8039,3,9,24.398922222222225,,,,,
alltoall,8n4g,,sycl_oneccl,8,1024,65.94493333333334,65.91423333333333,66.48173333333334,3,9,66.11363333333333,,,,,
alltoall,8n4g,,sycl_oneccl_oshmpi,8,1024,585.191,550.4083333333333,625.5056666666667,3,9,587.035,,,,,
alltoall,8n4g,,cuda_mpi,16,2048,30.02616666666667,29.691766666666666,30.499766666666666,3,9,30.072566666666667,,,,,
alltoall,8n4g,,cuda_nccl,16,2048,67.67186666666667,67.59946666666667,69.5495,3,9,68.27361111111111,,,,,
alltoall,8n4g,,cuda_nvshmem,16,2048,110.76989999999999,109.38073333333334,287.58166666666665,3,9,169.2441,,,,,
alltoall,8n4g,,oshmpi,16,2048,144.256,144.08133333333333,148.05700000000002,3,9,145.46477777777778,,,,,
alltoall,8n4g,,sycl_mpi,16,2048,29.7956,29.7619,29.9386,3,9,29.83203333333333,,,,,
alltoall,8n4g,,sycl_oneccl,16,2048,64.94416666666667,64.86966666666666,65.29103333333333,3,9,65.03495555555556,,,,,
alltoall,8n4g,,sycl_oneccl_oshmpi,16,2048,613.919,548.221,620.083,3,9,594.0743333333334,,,,,
alltoall,8n4g,,cuda_mpi,32,4096,28.146033333333335,27.991666666666667,28.1858,3,9,28.107833333333335,,,,,
alltoall,8n4g,,cuda_nccl,32,4096,67.409,66.8866,69.07516666666668,3,9,67.79025555555556,,,,,
alltoall,8n4g,,cuda_nvshmem,32,4096,178.72733333333332,67.5453,258.7665666666667,3,9,168.34640000000002,,,,,
alltoall,8n4g,,oshmpi,32,4096,144.80333333333334,144.73866666666666,149.58599999999998,3,9,146.376,,,,,
alltoall,8n4g,,sycl_mpi,32,4096,28.214333333333332,28.1643,28.260466666666666,3,9,28.213033333333335,,,,,
alltoall,8n4g,,sycl_oneccl,32,4096,64.80046666666667,64.63496666666667,64.99446666666667,3,9,64.80996666666667,,,,,
alltoall,8n4g,,sycl_oneccl_oshmpi,32,4096,826.394,652.1493333333333,852.826,3,9,777.1231111111111,,,,,
alltoall,8n4g,,cuda_mpi,64,8192,31.197266666666668,31.130866666666666,31.8279,3,9,31.385344444444442,,,,,
alltoall,8n4g,,cuda_nccl,64,8192,67.08553333333333,67.00283333333333,67.559,3,9,67.21578888888888,,,,,
alltoall,8n4g,,cuda_nvshmem,64,8192,128.69466666666668,113.75316666666667,192.041,3,9,144.82961111111112,,,,,
alltoall,8n4g,,oshmpi,64,8192,146.99033333333333,145.16933333333333,150.36266666666666,3,9,147.50744444444445,,,,,
alltoall,8n4g,,sycl_mpi,64,8192,31.2962,30.9407,31.452466666666666,3,9,31.22978888888889,,,,,
alltoall,8n4g,,sycl_oneccl,64,8192,65.17413333333333,64.77029999999999,65.1836,3,9,65.04267777777778,,,,,
alltoall,8n4g,,sycl_oneccl_oshmpi,64,8192,554.6743333333333,550.6393333333333,570.1296666666667,3,9,558.4811111111111,,,,,
alltoall,8n4g,,cuda_mpi,128,16384,37.28706666666667,37.12623333333333,38.166066666666666,3,9,37.52645555555556,,,,,
alltoall,8n4g,,cuda_nccl,128,16384,67.9111,67.53563333333334,67.94069999999999,3,9,67.7958111111111,,,,,
alltoall,8n4g,,cuda_nvshmem,128,16384,200.18566666666666,86.69033333333333,217.947,3,9,168.27433333333335,,,,,
alltoall,8n4g,,oshmpi,128,16384,148.85933333333332,147.34433333333334,152.24266666666665,3,9,149.4821111111111,,,,,
alltoall,8n4g,,sycl_mpi,128,16384,37.81296666666667,37.5032,38.2029,3,9,37.839688888888894,,,,,
alltoall,8n4g,,sycl_oneccl,128,16384,65.49343333333333,65.4868,66.10533333333333,3,9,65.6951888888889,,,,,
alltoall,8n4g,,sycl_oneccl_oshmpi,128,16384,564.9806666666667,524.6456666666667,590.102,3,9,559.9094444444444,,,,,
alltoall,8n4g,,cuda_mpi,256,32768,53.47516666666667,53.33293333333333,53.4831,3,9,53.4304,,,,,
alltoall,8n4g,,cuda_nccl,256,32768,68.31423333333333,67.8748,68.33076666666666,3,9,68.17326666666666,,,,,
alltoall,8n4g,,cuda_nvshmem,256,32768,122.77866666666667,120.78666666666666,153.40893333333332,3,9,132.32475555555556,,,,,
alltoall,8n4g,,oshmpi,256,32768,148.97166666666666,148.63333333333333,152.58066666666667,3,9,150.0618888888889,,,,,
alltoall,8n4g,,sycl_mpi,256,32768,54.2662,52.95493333333333,54.99203333333333,3,9,54.07105555555555,,,,,
alltoall,8n4g,,sycl_oneccl,256,32768,65.7229,65.6083,65.97446666666667,3,9,65.76855555555557,,,,,
alltoall,8n4g,,sycl_oneccl_oshmpi,256,32768,567.094,538.9413333333333,570.7693333333333,3,9,558.9348888888888,,,,,
alltoall,8n4g,,cuda_mpi,512,65536,61.712266666666665,61.36343333333333,62.2079,3,9,61.761199999999995,,,,,
alltoall,8n4g,,cuda_nccl,512,65536,73.06813333333334,70.6538,138.85896666666665,3,9,94.19363333333334,,,,,
alltoall,8n4g,,cuda_nvshmem,512,65536,167.56866666666667,82.57563333333333,246.229,3,9,165.45776666666669,,,,,
alltoall,8n4g,,oshmpi,512,65536,164.206,162.925,167.397,3,9,164.84266666666667,,,,,
alltoall,8n4g,,sycl_mpi,512,65536,62.859833333333334,62.39973333333333,62.889833333333335,3,9,62.71646666666667,,,,,
alltoall,8n4g,,sycl_oneccl,512,65536,68.36283333333333,67.96896666666667,68.3882,3,9,68.24,,,,,
alltoall,8n4g,,sycl_oneccl_oshmpi,512,65536,632.47,590.6653333333334,634.9366666666666,3,9,619.3573333333334,,,,,
alltoall,8n4g,,cuda_mpi,1024,131072,83.0484,82.9768,83.7897,3,9,83.27163333333334,,,,,
alltoall,8n4g,,cuda_nccl,1024,131072,75.6499,75.45333333333333,76.04260000000001,3,9,75.71527777777777,,,,,
alltoall,8n4g,,cuda_nvshmem,1024,131072,171.11933333333334,130.377,231.25966666666665,3,9,177.58533333333332,,,,,
alltoall,8n4g,,oshmpi,1024,131072,220.11633333333333,220.10666666666665,223.70466666666667,3,9,221.30922222222222,,,,,
alltoall,8n4g,,sycl_mpi,1024,131072,84.46923333333334,83.52333333333333,84.7829,3,9,84.25848888888889,,,,,
alltoall,8n4g,,sycl_oneccl,1024,131072,73.67483333333334,73.3135,73.92643333333334,3,9,73.63825555555555,,,,,
alltoall,8n4g,,sycl_oneccl_oshmpi,1024,131072,616.3243333333334,613.7896666666667,673.9783333333334,3,9,634.6974444444445,,,,,
alltoall,8n4g,,cuda_mpi,2048,262144,135.87933333333334,135.495,136.85133333333334,3,9,136.0752222222222,,,,,
alltoall,8n4g,,cuda_nccl,2048,262144,90.39073333333333,89.90986666666667,90.6966,3,9,90.3324,,,,,
alltoall,8n4g,,cuda_nvshmem,2048,262144,233.40366666666668,122.606,275.47366666666665,3,9,210.49444444444444,,,,,
alltoall,8n4g,,oshmpi,2048,262144,320.1476666666667,318.8756666666667,321.60766666666666,3,9,320.2103333333333,,,,,
alltoall,8n4g,,sycl_mpi,2048,262144,137.14366666666666,136.00966666666667,140.321,3,9,137.82477777777777,,,,,
alltoall,8n4g,,sycl_oneccl,2048,262144,87.78586666666666,87.64196666666668,88.4112,3,9,87.94634444444445,,,,,
alltoall,8n4g,,sycl_oneccl_oshmpi,2048,262144,750.9406666666666,728.8253333333333,776.875,3,9,752.2136666666667,,,,,
alltoall,8n4g,,cuda_mpi,4096,524288,261.41866666666664,260.319,262.2093333333333,3,9,261.31566666666663,,,,,
alltoall,8n4g,,cuda_nccl,4096,524288,115.28966666666666,114.31266666666667,116.45733333333334,3,9,115.35322222222223,,,,,
alltoall,8n4g,,cuda_nvshmem,4096,524288,231.95733333333334,140.36933333333334,273.522,3,9,215.2828888888889,,,,,
alltoall,8n4g,,oshmpi,4096,524288,521.3496666666666,520.8906666666667,524.8416666666667,3,9,522.3606666666667,,,,,
alltoall,8n4g,,sycl_mpi,4096,524288,262.5826666666667,261.51733333333334,262.799,3,9,262.29966666666667,,,,,
alltoall,8n4g,,sycl_oneccl,4096,524288,113.215,112.72733333333333,113.862,3,9,113.26811111111111,,,,,
alltoall,8n4g,,sycl_oneccl_oshmpi,4096,524288,904.975,892.2973333333333,948.0803333333333,3,9,915.1175555555557,,,,,
alltoall,8n4g,,cuda_mpi,8192,1048576,273.938,273.43066666666664,275.8016666666667,3,9,274.3901111111111,,,,,
alltoall,8n4g,,cuda_nccl,8192,1048576,209.12266666666667,209.012,213.03466666666665,3,9,210.3897777777778,,,,,
alltoall,8n4g,,cuda_nvshmem,8192,1048576,448.10400000000004,309.78066666666666,475.05966666666666,3,9,410.98144444444443,,,,,
alltoall,8n4g,,oshmpi,8192,1048576,933.5903333333333,928.8986666666667,937.9739999999999,3,9,933.4876666666665,,,,,
alltoall,8n4g,,sycl_mpi,8192,1048576,277.50333333333333,274.264,279.479,3,9,277.0821111111111,,,,,
alltoall,8n4g,,sycl_oneccl,8192,1048576,158.754,158.65800000000002,159.19366666666667,3,9,158.86855555555556,,,,,
alltoall,8n4g,,sycl_oneccl_oshmpi,8192,1048576,931.185,860.8236666666667,1006.375,3,9,932.7945555555556,,,,,
alltoall,8n4g,,cuda_mpi,16384,2097152,520.2656666666667,518.8596666666666,522.9503333333333,3,9,520.6918888888889,,,,,
alltoall,8n4g,,cuda_nccl,16384,2097152,302.9533333333333,299.4766666666667,305.4273333333333,3,9,302.6191111111111,,,,,
alltoall,8n4g,,cuda_nvshmem,16384,2097152,504.893,418.7056666666667,549.8193333333334,3,9,491.1393333333333,,,,,
alltoall,8n4g,,oshmpi,16384,2097152,1774.5766666666666,1772.2166666666667,1782.2066666666667,3,9,1776.3333333333333,,,,,
alltoall,8n4g,,sycl_mpi,16384,2097152,522.6493333333333,515.563,523.7503333333333,3,9,520.6542222222222,,,,,
alltoall,8n4g,,sycl_oneccl,16384,2097152,269.80966666666666,269.27233333333334,270.0416666666667,3,9,269.7078888888889,,,,,
alltoall,8n4g,,sycl_oneccl_oshmpi,16384,2097152,1221.4266666666667,1201.46,1401.7433333333333,3,9,1274.8766666666666,,,,,
alltoall,8n4g,,cuda_mpi,32768,4194304,1029.7166666666667,1019.0533333333334,1037.1399999999999,3,9,1028.6366666666665,,,,,
alltoall,8n4g,,cuda_nccl,32768,4194304,511.08366666666666,499.3403333333333,638.2090000000001,3,9,549.5443333333334,,,,,
alltoall,8n4g,,cuda_nvshmem,32768,4194304,966.1386666666666,883.4643333333333,1142.5933333333332,3,9,997.3987777777778,,,,,
alltoall,8n4g,,oshmpi,32768,4194304,3527.6966666666667,3517.0433333333335,3559.246666666667,3,9,3534.662222222222,,,,,
alltoall,8n4g,,sycl_mpi,32768,4194304,1033.8233333333333,1019.5166666666668,1036.6833333333334,3,9,1030.0077777777778,,,,,
alltoall,8n4g,,sycl_oneccl,32768,4194304,451.29266666666666,450.708,457.843,3,9,453.2812222222222,,,,,
alltoall,8n4g,,sycl_oneccl_oshmpi,32768,4194304,1964.4333333333334,1898.8533333333332,2009.19,3,9,1957.4922222222222,,,,,
alltoall,8n4g,,cuda_mpi,65536,8388608,2004.8,2000.1766666666667,2010.1466666666668,3,9,2005.041111111111,,,,,
alltoall,8n4g,,cuda_nccl,65536,8388608,842.339,805.7663333333334,845.785,3,9,831.2967777777778,,,,,
alltoall,8n4g,,cuda_nvshmem,65536,8388608,1474.6366666666668,1157.4933333333333,1535.9266666666667,3,9,1389.3522222222223,,,,,
alltoall,8n4g,,oshmpi,65536,8388608,7118.916666666667,7032.85,7120.746666666667,3,9,7090.837777777778,,,,,
alltoall,8n4g,,sycl_mpi,65536,8388608,2010.5466666666666,1995.3633333333332,2036.8966666666665,3,9,2014.2688888888888,,,,,
alltoall,8n4g,,sycl_oneccl,65536,8388608,824.9393333333334,812.188,834.7206666666666,3,9,823.9493333333334,,,,,
alltoall,8n4g,,sycl_oneccl_oshmpi,65536,8388608,3202.4733333333334,3192.44,3370.873333333333,3,9,3255.262222222222,,,,,
cg_step,1n1g,,cuda_mpi,512,4096,79.02823333333333,78.9601,79.8595,3,9,79.28261111111111,11.577477777777778,0.4499466666666667,28.471244444444444,41.28722222222222,81.78592222222223
cg_step,1n1g,,cuda_nccl,512,4096,39.5177,38.859833333333334,39.896633333333334,3,9,39.42472222222222,14.78008888888889,1.0862444444444443,26.89762222222222,11.0082,53.77217777777778
cg_step,1n1g,,cuda_nvshmem,512,4096,70.04413333333333,69.25596666666667,71.6235,3,9,70.30786666666667,11.294988888888888,10.225022222222222,34.71422222222222,18.58631111111111,74.8205111111111
cg_step,1n1g,,oshmpi,512,4096,54.60536666666667,53.21203333333333,54.67926666666666,3,9,54.16555555555556,11.962077777777777,1.0029422222222222,28.02876666666667,15.64961111111111,56.6434
cg_step,1n1g,,sycl_mpi,512,4096,116.90033333333334,116.66033333333333,117.20033333333333,3,9,116.92033333333332,10.560077777777778,0.12764666666666666,60.81550000000001,45.16018888888889,116.66333333333334
cg_step,1n1g,,sycl_oneccl,512,4096,91.3459,90.79316666666666,91.92443333333334,3,9,91.3545,10.989722222222222,0.11259111111111111,43.43677777777778,37.356477777777776,91.89558888888888
cg_step,1n1g,,cuda_mpi,1024,8192,95.40859999999999,94.86,95.51773333333333,3,9,95.2621111111111,12.017777777777777,0.45087111111111106,43.78993333333333,41.4727,97.73125555555556
cg_step,1n1g,,cuda_nccl,1024,8192,55.879733333333334,55.7048,56.42,3,9,56.001511111111114,18.487788888888886,1.0805844444444446,43.382844444444444,11.019022222222222,73.97023333333333
cg_step,1n1g,,cuda_nvshmem,1024,8192,83.69883333333334,81.03596666666667,83.70486666666667,3,9,82.81322222222222,11.479644444444444,10.284344444444445,46.86316666666667,18.66061111111111,87.28776666666666
cg_step,1n1g,,oshmpi,1024,8192,70.50023333333334,70.44683333333333,70.76286666666667,3,9,70.56997777777778,12.223722222222221,1.0046666666666666,44.360866666666666,15.652566666666665,73.24185555555556
cg_step,1n1g,,sycl_mpi,1024,8192,121.33266666666667,121.29233333333333,121.46933333333334,3,9,121.36477777777776,11.112455555555556,0.12896222222222223,64.79133333333333,45.39624444444444,121.42899999999999
cg_step,1n1g,,sycl_oneccl,1024,8192,93.97293333333333,93.46603333333333,95.5459,3,9,94.32828888888889,11.526633333333333,0.11134888888888889,47.019844444444445,37.03418888888889,95.692
cg_step,1n1g,,cuda_mpi,2048,16384,136.83733333333333,136.485,137.21266666666665,3,9,136.845,13.145911111111111,0.4512888888888889,83.2106,42.984011111111116,139.79188888888888
cg_step,1n1g,,cuda_nccl,2048,16384,97.01493333333333,96.8904,97.3633,3,9,97.08954444444446,27.34627777777778,1.0751,82.76326666666667,11.7822,122.96688888888889
cg_step,1n1g,,cuda_nvshmem,2048,16384,128.44833333333332,125.322,128.761,3,9,127.51044444444445,12.525633333333333,11.082344444444445,89.1485,19.237255555555556,131.99366666666666
cg_step,1n1g,,oshmpi,2048,16384,111.28633333333333,111.26533333333333,111.69433333333333,3,9,111.41533333333334,13.235977777777778,1.000031111111111,83.82944444444445,16.013088888888888,114.07855555555557
cg_step,1n1g,,sycl_mpi,2048,16384,174.15733333333333,174.14533333333333,176.023,3,9,174.77522222222223,12.294422222222222,0.12697999999999998,116.4972222222222,46.20471111111111,175.1232222222222
cg_step,1n1g,,sycl_oneccl,2048,16384,145.638,144.263,145.84366666666668,3,9,145.2482222222222,12.494466666666666,0.11109333333333332,97.25684444444444,36.89767777777777,146.7598888888889
cg_step,1n1g,,cuda_mpi,4096,32768,297.46999999999997,297.25466666666665,298.957,3,9,297.8938888888889,13.481855555555557,0.45147777777777776,242.97422222222224,42.789677777777776,299.6971111111111
cg_step,1n1g,,cuda_nccl,4096,32768,261.859,261.717,261.94,3,9,261.83866666666665,60.458533333333335,1.0655622222222223,246.178,11.929277777777777,319.6313333333333
cg_step,1n1g,,cuda_nvshmem,4096,32768,287.79066666666665,283.111,288.1453333333333,3,9,286.349,12.762344444444444,11.390322222222222,247.70022222222224,19.110644444444446,290.96333333333337
cg_step,1n1g,,oshmpi,4096,32768,275.036,274.738,275.2683333333333,3,9,275.0141111111111,13.662322222222222,0.9995666666666667,246.58577777777776,16.162433333333336,277.40988888888893
cg_step,1n1g,,sycl_mpi,4096,32768,373.904,373.843,374.51633333333336,3,9,374.0877777777778,12.57638888888889,0.1297,316.3198888888889,46.44844444444445,375.47444444444443
cg_step,1n1g,,sycl_oneccl,4096,32768,345.65233333333333,345.273,346.2373333333333,3,9,345.72088888888885,12.905999999999999,0.11003111111111112,297.39599999999996,37.21714444444444,347.6291111111111
cg_step,1n1g,,cuda_mpi,8192,65536,955.6533333333333,954.9393333333334,958.82,3,9,956.4708888888888,14.082733333333334,0.4534577777777778,900.8634444444444,43.074533333333335,958.4744444444445
cg_step,1n1g,,cuda_nccl,8192,65536,922.2166666666667,922.182,922.6486666666667,3,9,922.3491111111111,192.96244444444446,1.1041177777777778,904.6932222222222,12.601444444444445,1111.358888888889
cg_step,1n1g,,cuda_nvshmem,8192,65536,935.2123333333334,925.7813333333334,936.145,3,9,932.3795555555555,13.366777777777777,11.1285,892.526888888889,19.29142222222222,936.3135555555556
cg_step,1n1g,,oshmpi,8192,65536,933.7,932.3053333333334,934.1513333333334,3,9,933.3855555555555,14.280522222222222,1.0669377777777778,904.0233333333333,16.252644444444442,935.6235555555554
cg_step,1n1g,,sycl_mpi,8192,65536,1159.4033333333334,1158.8233333333333,1161.0700000000002,3,9,1159.7655555555555,12.212677777777778,0.12795777777777778,1088.8844444444444,45.96644444444444,1147.1944444444443
cg_step,1n1g,,sycl_oneccl,8192,65536,1131.4966666666667,1130.8,1132.3433333333332,3,9,1131.5466666666666,12.827111111111112,0.11060666666666667,1078.3944444444444,38.10941111111111,1129.4411111111112
cg_step,1n2g,,cuda_mpi,512,4096,102.657,102.422,104.92266666666667,3,9,103.3338888888889,12.829211111111112,23.32454444444444,26.031277777777778,47.0934,109.27833333333334
cg_step,1n2g,,cuda_nccl,512,4096,58.240833333333335,58.183033333333334,59.913,3,9,58.77895555555555,17.3885,16.806133333333335,24.489244444444445,25.482133333333334,84.16598888888889
cg_step,1n2g,,cuda_nvshmem,512,4096,100.3432,100.13413333333334,110.9448,3,9,103.80737777777777,12.704622222222222,26.502655555555556,35.95087777777778,37.02254444444444,112.18077777777778
cg_step,1n2g,,oshmpi,512,4096,63.758,62.8422,64.0792,3,9,63.559799999999996,12.730433333333332,11.014111111111111,25.830022222222222,20.156277777777778,69.73081111111111
cg_step,1n2g,,sycl_mpi,512,4096,155.111,153.43466666666666,160.16933333333333,3,9,156.23833333333334,11.022966666666667,25.68151111111111,70.01943333333332,48.4768,155.2008888888889
cg_step,1n2g,,sycl_oneccl,512,4096,124.83066666666667,122.48533333333333,125.904,3,9,124.40666666666668,11.508511111111112,21.89051111111111,44.996922222222224,50.366233333333334,128.76233333333334
cg_step,1n2g,,cuda_mpi,1024,8192,109.065,108.83433333333333,110.47333333333333,3,9,109.45755555555554,12.805588888888888,20.515544444444444,35.03595555555555,47.04403333333333,115.4011111111111
cg_step,1n2g,,cuda_nccl,1024,8192,68.78699999999999,68.72216666666667,69.0196,3,9,68.84292222222221,19.787388888888888,17.10018888888889,33.57952222222222,25.005255555555557,95.47232222222222
cg_step,1n2g,,cuda_nvshmem,1024,8192,106.45866666666667,105.45533333333333,109.237,3,9,107.05033333333333,12.758344444444443,25.89163333333333,41.47188888888889,33.77457777777778,113.89644444444444
cg_step,1n2g,,oshmpi,1024,8192,73.47473333333333,72.74993333333333,73.59593333333333,3,9,73.27353333333333,12.98171111111111,10.861600000000001,35.195144444444445,20.110544444444443,79.149
cg_step,1n2g,,sycl_mpi,1024,8192,151.42100000000002,150.69266666666667,154.11,3,9,152.07455555555555,11.464166666666666,22.184255555555556,71.17117777777779,48.53763333333333,153.35733333333332
cg_step,1n2g,,sycl_oneccl,1024,8192,126.97066666666667,124.95266666666666,128.015,3,9,126.64611111111111,11.566877777777778,22.021533333333334,46.48435555555555,50.37663333333333,130.44933333333333
cg_step,1n2g,,cuda_mpi,2048,16384,126.64066666666666,126.37033333333333,128.43433333333334,3,9,127.14844444444445,12.909422222222222,21.145466666666668,51.70095555555556,47.75234444444445,133.50799999999998
cg_step,1n2g,,cuda_nccl,2048,16384,87.65663333333333,87.63046666666666,87.69636666666666,3,9,87.66115555555555,23.88542222222222,18.80323333333333,50.70122222222222,25.3777,118.76755555555555
cg_step,1n2g,,cuda_nvshmem,2048,16384,123.15166666666667,121.84299999999999,123.69500000000001,3,9,122.89655555555555,12.77461111111111,26.144433333333335,57.604233333333326,34.699933333333334,131.22322222222223
cg_step,1n2g,,oshmpi,2048,16384,89.96616666666667,89.5902,90.0389,3,9,89.86508888888889,13.110922222222221,11.007122222222222,51.628,20.417644444444445,96.16368888888888
cg_step,1n2g,,sycl_mpi,2048,16384,161.126,159.988,163.42366666666666,3,9,161.51255555555556,11.894755555555555,22.85031111111111,79.67562222222222,48.435266666666664,162.856
cg_step,1n2g,,sycl_oneccl,2048,16384,138.01633333333334,136.71466666666666,138.315,3,9,137.682,12.294400000000001,23.683055555555555,55.07652222222222,50.850611111111114,141.90455555555556
cg_step,1n2g,,cuda_mpi,4096,32768,216.68833333333333,215.68433333333334,218.71966666666665,3,9,217.03077777777779,14.164322222222221,21.78772222222222,138.7106666666667,48.924,223.5868888888889
cg_step,1n2g,,cuda_nccl,4096,32768,181.18833333333333,181.18033333333332,181.223,3,9,181.19722222222222,43.485533333333336,21.577822222222224,138.36711111111111,26.808444444444447,230.23899999999998
cg_step,1n2g,,cuda_nvshmem,4096,32768,214.72266666666667,214.501,216.44533333333334,3,9,215.223,14.055522222222223,27.461333333333332,145.64877777777778,36.98137777777778,224.14711111111112
cg_step,1n2g,,oshmpi,4096,32768,178.67566666666667,178.28333333333333,178.897,3,9,178.61866666666666,14.163533333333334,11.020000000000001,138.49233333333333,20.54821111111111,184.22400000000002
cg_step,1n2g,,sycl_mpi,4096,32768,275.6836666666667,273.71633333333335,279.42966666666666,3,9,276.27655555555555,12.975266666666666,23.393455555555555,191.45344444444444,49.968355555555554,277.79066666666665
cg_step,1n2g,,sycl_oneccl,4096,32768,255.37,253.20133333333334,255.50066666666666,3,9,254.69066666666666,12.871033333333335,25.44547777777778,169.04166666666666,52.008322222222226,259.3666666666667
cg_step,1n2g,,cuda_mpi,8192,65536,542.3826666666666,540.8746666666666,545.0066666666667,3,9,542.7546666666667,14.812800000000001,22.34722222222222,461.8284444444445,51.7562,550.7444444444444
cg_step,1n2g,,cuda_nccl,8192,65536,511.56600000000003,511.349,511.75266666666664,3,9,511.55588888888883,109.73033333333333,25.368366666666667,462.8248888888889,29.844122222222225,627.7675555555555
cg_step,1n2g,,cuda_nvshmem,8192,65536,537.1793333333334,533.2583333333333,538.3446666666666,3,9,536.2607777777778,14.447099999999999,27.68228888888889,465.0722222222222,41.599155555555555,548.8006666666666
cg_step,1n2g,,oshmpi,8192,65536,506.76633333333336,506.29566666666665,507.23066666666665,3,9,506.7642222222222,14.875455555555554,11.303744444444444,465.33500000000004,23.993877777777776,515.5077777777777
cg_step,1n2g,,sycl_mpi,8192,65536,665.7753333333333,664.322,672.781,3,9,667.6261111111112,13.012555555555556,23.864166666666666,581.0822222222222,50.330977777777775,668.289888888889
cg_step,1n2g,,sycl_oneccl,8192,65536,647.693,646.8876666666666,648.707,3,9,647.7625555555555,12.93221111111111,26.01227777777778,561.1457777777778,53.30791111111111,653.3981111111111
cg_step,1n4g,,cuda_mpi,512,4096,103.108,102.82933333333334,103.30633333333333,3,9,103.08122222222222,12.696622222222222,22.70086666666667,24.7716,49.240833333333335,109.40977777777778
cg_step,1n4g,,cuda_nccl,512,4096,67.41203333333334,64.26743333333333,78.87553333333334,3,9,70.185,19.09188888888889,18.9953,23.8792,30.337544444444443,92.30393333333333
cg_step,1n4g,,cuda_nvshmem,512,4096,120.13633333333334,119.083,129.445,3,9,122.8881111111111,12.93591111111111,47.7696,39.698655555555554,52.97343333333333,153.37755555555555
cg_step,1n4g,,oshmpi,512,4096,67.31533333333333,66.68206666666666,67.7921,3,9,67.26316666666668,13.096933333333332,14.439955555555555,24.87798888888889,22.100633333333334,74.51554444444444
cg_step,1n4g,,sycl_mpi,512,4096,149.74933333333334,148.89866666666668,149.83666666666667,3,9,149.49488888888888,10.91301111111111,24.22858888888889,63.552933333333335,51.677,150.37144444444445
cg_step,1n4g,,sycl_oneccl,512,4096,130.317,130.30100000000002,130.40966666666665,3,9,130.34255555555558,11.142033333333334,25.354355555555557,43.13483333333333,56.93882222222222,136.56988888888887
cg_step,1n4g,,cuda_mpi,1024,8192,107.06433333333334,106.823,107.13799999999999,3,9,107.00844444444445,12.886633333333332,22.513766666666665,30.042444444444445,49.32315555555555,114.7658888888889
cg_step,1n4g,,cuda_nccl,1024,8192,69.77316666666667,69.36803333333333,73.38356666666667,3,9,70.8415888888889,20.012666666666668,18.867455555555555,28.87987777777778,30.184866666666665,97.9449
cg_step,1n4g,,cuda_nvshmem,1024,8192,120.58566666666667,119.70666666666666,127.58866666666667,3,9,122.62700000000001,13.016211111111112,38.88234444444444,38.438766666666666,39.533766666666665,129.87099999999998
cg_step,1n4g,,oshmpi,1024,8192,70.6773,70.60513333333333,70.8557,3,9,70.7127111111111,13.242322222222223,14.122866666666667,28.853533333333335,21.66622222222222,77.88496666666667
cg_step,1n4g,,sycl_mpi,1024,8192,153.463,153.28833333333333,153.65633333333332,3,9,153.46922222222221,11.529255555555556,23.92991111111111,69.30437777777779,51.881166666666665,156.6446666666667
cg_step,1n4g,,sycl_oneccl,1024,8192,133.92666666666668,133.70433333333332,135.00066666666666,3,9,134.21055555555554,11.741377777777778,26.03002222222222,44.55356666666667,57.47198888888889,139.7968888888889
cg_step,1n4g,,cuda_mpi,2048,16384,123.17966666666666,123.13133333333333,123.381,3,9,123.23066666666666,12.942588888888888,23.3523,45.602266666666665,50.263644444444445,132.16066666666666
cg_step,1n4g,,cuda_nccl,2048,16384,86.36903333333333,86.27286666666667,87.08166666666666,3,9,86.57452222222223,23.52477777777778,19.993877777777776,44.451211111111114,30.11985555555556,118.08977777777778
cg_step,1n4g,,cuda_nvshmem,2048,16384,133.35466666666667,132.54866666666666,134.53033333333335,3,9,133.47788888888888,13.074477777777778,38.5942,50.958577777777776,38.72963333333334,141.35688888888888
cg_step,1n4g,,oshmpi,2048,16384,88.36063333333334,88.1378,88.70493333333333,3,9,88.40112222222223,13.059144444444446,14.472766666666665,46.05508888888889,22.10831111111111,95.69531111111111
cg_step,1n4g,,sycl_mpi,2048,16384,157.29133333333334,157.14733333333334,157.30366666666666,3,9,157.24744444444443,11.984055555555555,24.613455555555554,73.82984444444445,51.94694444444445,162.37422222222222
cg_step,1n4g,,sycl_oneccl,2048,16384,138.26733333333334,137.948,138.50466666666668,3,9,138.24,12.17767777777778,27.206566666666667,48.68306666666667,58.21053333333334,146.2778888888889
cg_step,1n4g,,cuda_mpi,4096,32768,164.264,163.98566666666667,164.507,3,9,164.25222222222223,13.950966666666666,22.61912222222222,84.76468888888888,50.45185555555556,171.78655555555554
cg_step,1n4g,,cuda_nccl,4096,32768,130.989,130.88466666666667,131.044,3,9,130.97255555555554,33.65993333333333,23.497844444444446,83.52612222222223,32.242355555555555,172.92622222222224
cg_step,1n4g,,cuda_nvshmem,4096,32768,182.872,179.83766666666668,182.92366666666666,3,9,181.8777777777778,14.208122222222222,40.689766666666664,94.3514111111111,41.4565,190.7057777777778
cg_step,1n4g,,oshmpi,4096,32768,128.81833333333333,128.56199999999998,128.904,3,9,128.76144444444446,14.231888888888887,14.979233333333333,84.4700111111111,22.392722222222222,136.07399999999998
cg_step,1n4g,,sycl_mpi,4096,32768,207.91899999999998,207.562,208.35633333333334,3,9,207.94577777777778,12.484622222222221,23.83357777777778,122.43955555555554,52.08892222222222,210.84644444444444
cg_step,1n4g,,sycl_oneccl,4096,32768,192.75166666666667,192.67833333333334,193.15099999999998,3,9,192.86033333333333,12.77608888888889,28.969022222222222,99.46516666666668,59.18588888888889,200.3961111111111
cg_step,1n4g,,cuda_mpi,8192,65536,322.825,322.72866666666664,323.157,3,9,322.90355555555556,14.3537,22.350944444444444,242.84966666666665,50.135977777777775,329.69011111111115
cg_step,1n4g,,cuda_nccl,8192,65536,298.51466666666664,298.07466666666664,298.635,3,9,298.4081111111111,67.06787777777778,27.77316666666667,242.60555555555553,33.41416666666667,370.8606666666667
cg_step,1n4g,,cuda_nvshmem,8192,65536,342.85433333333333,342.45933333333335,342.92966666666666,3,9,342.7477777777778,16.561955555555556,42.98901111111111,254.00166666666667,41.40725555555556,354.96011111111113
cg_step,1n4g,,oshmpi,8192,65536,292.5876666666667,292.415,292.76666666666665,3,9,292.5897777777778,14.6266,14.950488888888888,246.95944444444447,25.15246666666667,301.6891111111111
cg_step,1n4g,,sycl_mpi,8192,65536,408.21133333333336,407.79266666666666,408.64733333333334,3,9,408.21711111111114,12.796288888888888,23.643677777777775,321.16044444444447,52.659099999999995,410.25955555555555
cg_step,1n4g,,sycl_oneccl,8192,65536,390.3043333333333,389.92066666666665,390.32366666666667,3,9,390.1828888888889,12.992233333333333,29.0955,296.3833333333333,59.42403333333333,397.8952222222222
cg_step,2n1g,,cuda_mpi,512,4096,93.50313333333334,90.37533333333333,95.8168,3,9,93.23175555555557,12.038877777777778,13.734255555555556,25.28042222222222,46.08724444444445,97.14077777777779
cg_step,2n1g,,cuda_nccl,512,4096,79.58376666666666,79.53450000000001,82.0562,3,9,80.39148888888889,22.147366666666667,30.832011111111115,24.57592222222222,34.79298888888889,112.34833333333333
cg_step,2n1g,,cuda_nvshmem,512,4096,106.333,106.27566666666667,109.89766666666667,3,9,107.5021111111111,11.90381111111111,26.499299999999998,34.7142,42.668011111111106,115.78522222222222
cg_step,2n1g,,oshmpi,512,4096,65.792,65.432,66.4973,3,9,65.9071,12.386366666666667,9.842517777777779,25.6095,23.181533333333334,71.01991111111111
cg_step,2n1g,,sycl_mpi,512,4096,138.97299999999998,138.73866666666666,141.78066666666666,3,9,139.83077777777777,10.951088888888888,13.334888888888889,65.91495555555555,50.21238888888889,140.41333333333333
cg_step,2n1g,,sycl_oneccl,512,4096,146.27100000000002,145.76,147.56866666666667,3,9,146.5332222222222,11.317755555555557,39.87828888888889,45.499811111111114,57.21024444444444,153.9061111111111
cg_step,2n1g,,cuda_mpi,1024,8192,105.654,101.87899999999999,106.88466666666667,3,9,104.80588888888889,12.320477777777777,14.577199999999998,34.43333333333333,46.23912222222222,107.5701111111111
cg_step,2n1g,,cuda_nccl,1024,8192,88.6899,88.56523333333334,89.13123333333333,3,9,88.79545555555555,23.940299999999997,31.436588888888892,33.71331111111111,34.01651111111111,123.10655555555556
cg_step,2n1g,,cuda_nvshmem,1024,8192,113.395,113.221,116.66866666666667,3,9,114.42822222222223,12.21521111111111,26.935933333333335,41.59232222222223,42.68955555555556,123.43299999999999
cg_step,2n1g,,oshmpi,1024,8192,75.67306666666667,75.15596666666667,77.08336666666666,3,9,75.9708,12.611255555555555,10.526959999999999,34.73184444444444,23.0537,80.92374444444444
cg_step,2n1g,,sycl_mpi,1024,8192,141.772,141.702,143.11733333333333,3,9,142.1971111111111,11.483511111111111,14.2418,67.89266666666667,50.321755555555555,143.93977777777778
cg_step,2n1g,,sycl_oneccl,1024,8192,148.212,147.69033333333334,149.44966666666667,3,9,148.45066666666668,11.807722222222223,40.2359,47.03801111111111,56.7505,155.83211111111112
cg_step,2n1g,,cuda_mpi,2048,16384,123.60833333333333,118.27766666666666,124.61333333333333,3,9,122.16644444444445,12.506777777777778,15.529533333333335,50.9482,46.855533333333334,125.83999999999999
cg_step,2n1g,,cuda_nccl,2048,16384,107.227,107.04333333333334,107.73033333333333,3,9,107.33355555555555,27.83067777777778,32.664144444444446,50.27764444444445,34.459833333333336,145.23233333333332
cg_step,2n1g,,cuda_nvshmem,2048,16384,130.763,130.54466666666667,134.33033333333333,3,9,131.87933333333334,12.313744444444445,28.166711111111113,58.272099999999995,43.61098888888889,142.36366666666666
cg_step,2n1g,,oshmpi,2048,16384,92.33496666666667,92.04596666666667,94.5449,3,9,92.97527777777778,12.683366666666666,11.00828888888889,51.31701111111111,23.302233333333334,98.31082222222223
cg_step,2n1g,,sycl_mpi,2048,16384,151.11466666666666,150.78266666666667,152.337,3,9,151.41144444444444,11.7931,15.055177777777779,76.71765555555555,50.46332222222222,154.02922222222222
cg_step,2n1g,,sycl_oneccl,2048,16384,157.88366666666667,157.62033333333335,159.264,3,9,158.256,12.06711111111111,41.53746666666667,55.62281111111111,56.77022222222222,165.99766666666667
cg_step,2n1g,,cuda_mpi,4096,32768,215.22233333333332,209.28533333333334,215.23333333333332,3,9,213.24699999999999,13.64098888888889,17.396755555555554,137.98366666666666,47.589555555555556,216.61111111111111
cg_step,2n1g,,cuda_nccl,4096,32768,200.33233333333334,200.20866666666666,201.132,3,9,200.55766666666668,47.25904444444444,36.604477777777774,137.1641111111111,35.33788888888889,256.36533333333335
cg_step,2n1g,,cuda_nvshmem,4096,32768,224.828,222.906,228.352,3,9,225.362,13.51811111111111,30.614666666666665,146.89633333333333,45.753166666666665,236.78233333333336
cg_step,2n1g,,oshmpi,4096,32768,181.80333333333334,181.656,185.807,3,9,183.08877777777778,13.775844444444445,12.382877777777779,138.10188888888888,23.4553,187.71588888888888
cg_step,2n1g,,sycl_mpi,4096,32768,266.1136666666667,265.9583333333333,267.54966666666667,3,9,266.54055555555556,12.783733333333334,16.520466666666668,188.1981111111111,51.96092222222222,269.46333333333337
cg_step,2n1g,,sycl_oneccl,4096,32768,276.22833333333335,276.172,287.24666666666667,3,9,279.8823333333333,13.215455555555556,45.664855555555555,168.37477777777778,57.59785555555556,284.853
cg_step,2n1g,,cuda_mpi,8192,65536,540.9626666666667,536.73,542.717,3,9,540.1365555555556,14.330066666666665,19.477333333333334,461.59933333333333,49.917566666666666,545.3243333333334
cg_step,2n1g,,cuda_nccl,8192,65536,530.1163333333334,529.7176666666667,530.355,3,9,530.063,113.64288888888888,39.003144444444445,462.3205555555556,37.46214444444445,652.4288888888889
cg_step,2n1g,,cuda_nvshmem,8192,65536,546.665,544.7926666666667,553.5036666666667,3,9,548.3204444444444,13.913400000000001,32.13522222222222,466.97822222222226,50.08616666666667,563.1129999999999
cg_step,2n1g,,oshmpi,8192,65536,511.431,511.334,513.1096666666667,3,9,511.9582222222222,14.325855555555556,14.552588888888888,464.5762222222222,26.98028888888889,520.4347777777779
cg_step,2n1g,,sycl_mpi,8192,65536,658.359,657.552,660.243,3,9,658.718,12.861255555555555,18.000544444444444,577.2667777777777,52.43752222222222,660.566
cg_step,2n1g,,sycl_oneccl,8192,65536,672.9723333333334,672.6796666666667,674.8633333333333,3,9,673.5051111111111,13.308288888888889,48.74926666666667,560.7845555555555,58.18686666666666,681.0291111111111
cg_step,2n4g,,cuda_mpi,512,4096,107.316,106.89366666666666,107.84966666666666,3,9,107.3531111111111,13.107700000000001,22.991777777777777,24.743333333333332,53.43006666666667,114.27288888888887
cg_step,2n4g,,cuda_nccl,512,4096,90.95173333333334,89.88616666666667,91.12533333333333,3,9,90.6544111111111,25.743299999999998,32.98135555555555,23.452877777777775,57.210033333333335,139.38777777777779
cg_step,2n4g,,cuda_nvshmem,512,4096,176.22533333333334,161.46033333333335,177.97133333333332,3,9,171.88566666666668,14.198755555555556,61.629222222222225,35.44881111111111,70.72561111111112,182.00233333333333
cg_step,2n4g,,oshmpi,512,4096,77.59183333333334,75.53193333333334,77.84483333333333,3,9,76.98953333333333,13.205266666666667,23.94338888888889,24.753988888888887,28.175988888888888,90.07866666666666
cg_step,2n4g,,sycl_mpi,512,4096,156.17333333333332,154.81966666666668,156.847,3,9,155.94666666666666,11.137177777777778,24.16297777777778,65.84511111111111,56.35911111111111,157.5042222222222
cg_step,2n4g,,sycl_oneccl,512,4096,165.92366666666666,162.94733333333332,170.192,3,9,166.35433333333333,11.361922222222223,43.89928888888889,45.16755555555556,87.82737777777778,188.256
cg_step,2n4g,,cuda_mpi,1024,8192,106.886,106.21733333333333,108.077,3,9,107.06011111111111,12.946277777777777,21.327455555555556,26.243866666666666,52.68176666666667,113.19933333333333
cg_step,2n4g,,cuda_nccl,1024,8192,91.6579,90.0666,92.18833333333333,3,9,91.30427777777778,24.554844444444445,36.47956666666667,25.139766666666667,59.07585555555555,145.2498888888889
cg_step,2n4g,,cuda_nvshmem,1024,8192,152.263,150.76666666666668,153.07566666666668,3,9,152.03511111111112,13.470366666666667,59.14262222222222,36.688833333333335,64.07215555555555,173.3738888888889
cg_step,2n4g,,oshmpi,1024,8192,78.7059,77.05976666666666,79.3604,3,9,78.37535555555556,13.367411111111112,20.395822222222222,26.44338888888889,27.854944444444445,88.06157777777779
cg_step,2n4g,,sycl_mpi,1024,8192,157.607,157.59333333333333,158.64133333333334,3,9,157.94722222222222,11.611466666666665,22.457122222222225,69.03320000000001,55.77992222222222,158.88166666666666
cg_step,2n4g,,sycl_oneccl,1024,8192,162.333,161.918,163.06433333333334,3,9,162.43844444444443,11.889855555555556,44.31011111111111,44.76988888888889,87.23562222222222,188.20544444444442
cg_step,2n4g,,cuda_mpi,2048,16384,115.30199999999999,114.49033333333333,115.515,3,9,115.10244444444444,12.8564,21.626822222222224,35.21792222222222,53.27345555555556,122.97466666666666
cg_step,2n4g,,cuda_nccl,2048,16384,99.85063333333333,99.74883333333334,102.32466666666667,3,9,100.64137777777778,26.584044444444444,33.71587777777778,34.13751111111111,54.821155555555556,149.25877777777777
cg_step,2n4g,,cuda_nvshmem,2048,16384,157.75066666666666,157.49633333333333,158.99066666666667,3,9,158.07922222222223,13.662833333333333,57.9864,43.99787777777778,59.563266666666664,175.21044444444445
cg_step,2n4g,,oshmpi,2048,16384,88.85536666666667,86.1754,89.1077,3,9,88.04615555555556,13.409088888888888,20.969833333333334,35.55886666666667,27.9789,97.91664444444444
cg_step,2n4g,,sycl_mpi,2048,16384,158.47266666666667,157.72,160.62666666666667,3,9,158.93977777777778,12.085366666666665,22.8129,71.41807777777778,55.64821111111111,161.96455555555556
cg_step,2n4g,,sycl_oneccl,2048,16384,163.91166666666666,163.70566666666667,164.47233333333335,3,9,164.02988888888888,12.117477777777777,44.526266666666665,46.27194444444444,85.40175555555555,188.31755555555554
cg_step,2n4g,,cuda_mpi,4096,32768,133.21733333333333,132.17333333333335,134.42433333333335,3,9,133.27166666666668,13.233311111111112,22.228955555555554,52.845800000000004,53.37383333333334,141.682
cg_step,2n4g,,cuda_nccl,4096,32768,124.594,122.213,142.91033333333334,3,9,129.90577777777779,31.285088888888893,38.239555555555555,51.33603333333333,56.75372222222222,177.61444444444444
cg_step,2n4g,,cuda_nvshmem,4096,32768,177.36633333333333,177.34766666666667,177.61066666666667,3,9,177.44155555555554,13.739744444444446,58.42944444444444,60.771388888888886,60.0871,193.02777777777777
cg_step,2n4g,,oshmpi,4096,32768,106.66433333333333,104.387,107.83,3,9,106.29377777777778,13.378744444444443,21.64051111111111,52.64377777777778,27.84358888888889,115.50655555555555
cg_step,2n4g,,sycl_mpi,4096,32768,167.76766666666666,167.19666666666666,168.12866666666667,3,9,167.69766666666666,12.287822222222223,22.933411111111113,80.63867777777779,56.221944444444446,172.0818888888889
cg_step,2n4g,,sycl_oneccl,4096,32768,177.02233333333334,175.83700000000002,177.43166666666667,3,9,176.76366666666667,12.354511111111112,48.35836666666667,55.18336666666667,86.58692222222221,202.483
cg_step,2n4g,,cuda_mpi,8192,65536,225.61866666666666,224.36766666666665,225.71599999999998,3,9,225.2341111111111,14.494044444444446,24.184633333333334,140.31511111111112,54.605177777777776,233.59900000000002
cg_step,2n4g,,cuda_nccl,8192,65536,216.253,215.75166666666667,218.11733333333333,3,9,216.70733333333334,51.002855555555556,41.01058888888889,138.79566666666668,59.75777777777778,290.56711111111116
cg_step,2n4g,,cuda_nvshmem,8192,65536,273.13933333333335,272.6306666666667,277.7536666666667,3,9,274.5078888888889,14.958055555555555,63.805455555555554,150.96699999999998,77.4202,307.15055555555557
cg_step,2n4g,,oshmpi,8192,65536,198.19933333333333,195.55733333333333,198.32933333333332,3,9,197.362,14.820933333333333,23.349955555555553,140.25488888888887,28.080355555555556,206.506
cg_step,2n4g,,sycl_mpi,8192,65536,286.04466666666667,284.96166666666664,294.87399999999997,3,9,288.62677777777776,12.677266666666666,24.875244444444448,192.96066666666667,57.31646666666667,287.82944444444445
cg_step,2n4g,,sycl_oneccl,8192,65536,298.29633333333334,296.59333333333336,298.3226666666667,3,9,297.73744444444446,12.983766666666666,53.0759,168.92444444444445,92.09503333333333,327.079
cg_step,4n4g,,cuda_mpi,512,4096,111.31766666666667,110.95033333333333,111.59166666666667,3,9,111.28655555555555,13.281522222222222,23.650544444444442,24.63446666666667,58.685111111111105,120.25166666666668
cg_step,4n4g,,cuda_nccl,512,4096,108.226,105.706,109.29633333333334,3,9,107.74277777777779,28.523755555555553,38.576144444444445,22.97372222222222,76.2558111111111,166.32944444444445
cg_step,4n4g,,cuda_nvshmem,512,4096,211.71133333333333,189.97933333333333,244.93266666666665,3,9,215.5411111111111,14.25072222222222,77.58533333333334,35.63205555555556,125.35994444444444,252.8281111111111
cg_step,4n4g,,oshmpi,512,4096,89.01166666666667,87.4719,90.29123333333334,3,9,88.92493333333333,13.473788888888889,25.34671111111111,24.38538888888889,37.698299999999996,100.90423333333334
cg_step,4n4g,,sycl_mpi,512,4096,162.28266666666667,162.19066666666666,167.44433333333333,3,9,163.97255555555554,11.279455555555556,25.229,67.64552222222223,62.26175555555556,166.41588888888887
cg_step,4n4g,,sycl_oneccl,512,4096,181.31033333333332,180.94133333333335,186.80466666666666,3,9,183.01877777777776,11.681488888888888,48.84975555555556,45.69732222222222,107.40388888888889,213.63244444444445
cg_step,4n4g,,cuda_mpi,1024,8192,110.995,110.54266666666666,112.045,3,9,111.19422222222222,13.494188888888889,22.43917777777778,25.31961111111111,58.46873333333334,119.7218888888889
cg_step,4n4g,,cuda_nccl,1024,8192,108.29666666666667,106.52133333333333,108.48066666666666,3,9,107.76622222222221,28.313644444444446,37.58427777777778,23.92227777777778,73.8758888888889,163.69622222222222
cg_step,4n4g,,cuda_nvshmem,1024,8192,201.99933333333334,175.15433333333334,288.20733333333334,3,9,221.78699999999998,13.908455555555555,72.3262111111111,35.983599999999996,108.24558888888889,230.46377777777778
cg_step,4n4g,,oshmpi,1024,8192,89.437,89.05776666666667,89.50753333333333,3,9,89.33409999999999,13.761422222222222,25.11157777777778,25.45431111111111,36.81336666666667,101.14058888888889
cg_step,4n4g,,sycl_mpi,1024,8192,157.39466666666667,156.23866666666666,157.72566666666665,3,9,157.11966666666666,11.891355555555556,22.776455555555557,64.27393333333333,60.47697777777777,159.41866666666667
cg_step,4n4g,,sycl_oneccl,1024,8192,180.56233333333333,179.757,180.99133333333333,3,9,180.4368888888889,12.22971111111111,49.10458888888889,44.54165555555556,106.23377777777779,212.1097777777778
cg_step,4n4g,,cuda_mpi,2048,16384,115.654,114.69366666666667,116.54066666666667,3,9,115.62944444444445,13.212933333333332,22.64371111111111,30.713655555555558,58.51224444444444,125.08244444444443
cg_step,4n4g,,cuda_nccl,2048,16384,113.74233333333333,111.87866666666666,115.00699999999999,3,9,113.54266666666666,29.379522222222224,37.89292222222222,29.376833333333334,72.2715,168.92077777777777
cg_step,4n4g,,cuda_nvshmem,2048,16384,288.161,179.114,387.89666666666665,3,9,285.0572222222222,13.925788888888889,79.49203333333334,40.73732222222222,134.69344444444445,268.84833333333336
cg_step,4n4g,,oshmpi,2048,16384,93.94933333333333,93.07966666666667,93.97540000000001,3,9,93.66813333333333,13.634944444444445,25.848844444444445,29.61564444444444,36.92617777777778,106.02555555555556
cg_step,4n4g,,sycl_mpi,2048,16384,162.32266666666666,161.03133333333332,163.471,3,9,162.27499999999998,12.167222222222222,23.49812222222222,70.90667777777777,60.550022222222225,167.12199999999999
cg_step,4n4g,,sycl_oneccl,2048,16384,181.04066666666668,180.498,181.27233333333334,3,9,180.937,12.225933333333334,49.46288888888889,45.528022222222226,104.55233333333334,211.769
cg_step,4n4g,,cuda_mpi,4096,32768,131.04333333333332,130.252,132.22333333333333,3,9,131.1728888888889,13.294344444444445,23.378688888888888,45.958733333333335,58.12826666666667,140.76
cg_step,4n4g,,cuda_nccl,4096,32768,132.74599999999998,130.05,133.09333333333333,3,9,131.9631111111111,33.20047777777778,41.353877777777775,44.597988888888885,73.23393333333334,192.38622222222222
cg_step,4n4g,,cuda_nvshmem,4096,32768,239.138,191.28733333333335,352.16433333333333,3,9,260.86322222222225,14.012533333333332,78.91082222222222,52.34267777777778,127.66111111111111,272.9273333333333
cg_step,4n4g,,oshmpi,4096,32768,111.23033333333333,110.43900000000001,111.25333333333333,3,9,110.97422222222222,13.580455555555554,26.70118888888889,46.466855555555554,36.712700000000005,123.46122222222223
cg_step,4n4g,,sycl_mpi,4096,32768,166.37333333333333,164.57433333333333,166.52100000000002,3,9,165.82288888888888,12.155411111111112,23.641666666666666,74.46063333333333,60.153511111111115,170.41111111111113
cg_step,4n4g,,sycl_oneccl,4096,32768,189.85333333333332,188.14266666666666,191.89433333333332,3,9,189.96344444444446,12.390933333333333,53.581355555555554,50.2915,106.23066666666666,222.49444444444444
cg_step,4n4g,,cuda_mpi,8192,65536,175.85333333333332,175.71433333333334,175.87733333333333,3,9,175.815,14.531566666666667,25.730155555555555,85.31032222222223,60.0341,185.60622222222221
cg_step,4n4g,,cuda_nccl,8192,65536,179.93,177.35333333333332,180.59066666666666,3,9,179.29133333333334,43.88362222222222,44.95172222222222,84.1951888888889,77.64746666666666,250.6778888888889
cg_step,4n4g,,cuda_nvshmem,8192,65536,292.1363333333333,242.13633333333334,328.1596666666667,3,9,287.4774444444445,14.985122222222222,88.25212222222223,95.96103333333333,132.9321,332.13044444444444
cg_step,4n4g,,oshmpi,8192,65536,154.21033333333332,153.704,155.254,3,9,154.38944444444445,14.98338888888889,29.327555555555552,85.47555555555556,36.437244444444445,166.22355555555555
cg_step,4n4g,,sycl_mpi,8192,65536,220.132,219.123,220.61533333333333,3,9,219.9567777777778,12.927155555555554,26.307699999999997,122.89877777777777,61.81138888888889,223.94500000000002
cg_step,4n4g,,sycl_oneccl,8192,65536,248.641,247.30766666666668,248.94633333333334,3,9,248.29833333333332,13.223533333333334,59.057966666666665,99.58391111111112,107.39122222222221,279.25666666666666
cg_step,8n4g,,cuda_mpi,512,4096,115.63166666666666,115.115,116.01633333333334,3,9,115.58766666666666,13.233733333333333,24.607744444444442,24.105222222222224,63.417877777777775,125.36455555555555
cg_step,8n4g,,cuda_nccl,512,4096,131.2746666666667,131.15966666666665,132.29166666666666,3,9,131.57533333333333,32.008688888888884,42.0792,23.03641111111111,97.04563333333334,194.17
cg_step,8n4g,,cuda_nvshmem,512,4096,296.57433333333336,256.98466666666667,430.8226666666667,3,9,328.1272222222222,14.004022222222222,99.48355555555555,35.46312222222222,212.168,361.1186666666666
cg_step,8n4g,,oshmpi,512,4096,101.16,101.041,101.17866666666667,3,9,101.12655555555556,13.679044444444445,31.646033333333335,24.365244444444446,45.3636,115.05411111111113
cg_step,8n4g,,sycl_mpi,512,4096,166.58266666666668,166.24433333333334,168.595,3,9,167.14066666666668,11.302333333333333,26.544066666666666,67.40291111111111,67.48836666666666,172.73766666666668
cg_step,8n4g,,sycl_oneccl,512,4096,206.43666666666667,203.39933333333335,208.696,3,9,206.17733333333334,11.65388888888889,53.36644444444445,46.716388888888886,127.23911111111111,238.976
cg_step,8n4g,,cuda_mpi,1024,8192,114.01033333333334,113.31266666666667,114.03366666666666,3,9,113.78555555555555,13.672233333333333,23.479933333333335,25.11658888888889,63.87388888888889,126.14266666666668
cg_step,8n4g,,cuda_nccl,1024,8192,127.18599999999999,126.76066666666667,127.59966666666666,3,9,127.18211111111113,32.3826,41.97727777777778,23.743066666666667,94.57675555555555,192.67977777777776
cg_step,8n4g,,cuda_nvshmem,1024,8192,300.30266666666665,278.853,722.5283333333333,3,9,433.89466666666664,14.215022222222222,90.36083333333333,36.104711111111115,158.3166666666667,298.99733333333336
cg_step,8n4g,,oshmpi,1024,8192,101.36933333333333,101.006,102.41366666666667,3,9,101.59633333333333,14.083088888888888,32.1304,25.160455555555554,44.60687777777778,115.98088888888888
cg_step,8n4g,,sycl_mpi,1024,8192,162.72533333333334,162.12533333333334,163.73366666666666,3,9,162.86144444444443,11.986877777777778,24.114144444444445,66.57197777777778,66.53062222222222,169.20366666666666
cg_step,8n4g,,sycl_oneccl,1024,8192,201.924,201.059,202.965,3,9,201.98266666666666,12.397177777777777,53.72827777777778,45.81541111111111,126.43244444444446,238.3732222222222
cg_step,8n4g,,cuda_mpi,2048,16384,117.094,116.08566666666667,117.40866666666666,3,9,116.86277777777777,13.55788888888889,23.592933333333335,27.146155555555556,63.26008888888888,127.55711111111113
cg_step,8n4g,,cuda_nccl,2048,16384,128.02100000000002,126.57366666666667,128.308,3,9,127.63422222222223,32.47311111111111,42.31771111111111,25.56288888888889,91.61515555555555,191.9688888888889
cg_step,8n4g,,cuda_nvshmem,2048,16384,309.208,223.17466666666667,375.29266666666666,3,9,302.55844444444443,14.401155555555555,99.0933111111111,37.66152222222222,193.7159,344.872
cg_step,8n4g,,oshmpi,2048,16384,103.95066666666666,103.30666666666667,104.852,3,9,104.03644444444444,14.036088888888889,32.76173333333333,27.163355555555555,44.74265555555556,118.70377777777779
cg_step,8n4g,,sycl_mpi,2048,16384,166.55566666666667,166.453,167.432,3,9,166.81355555555558,12.566166666666668,24.549955555555556,71.30875555555556,66.87701111111112,175.30211111111112
cg_step,8n4g,,sycl_oneccl,2048,16384,201.257,200.714,202.11733333333333,3,9,201.36277777777775,12.673399999999999,54.38837777777778,45.790333333333336,125.0938888888889,237.94622222222222
cg_step,8n4g,,cuda_mpi,4096,32768,126.23466666666667,124.94233333333334,126.81666666666666,3,9,125.9978888888889,13.592555555555556,24.79568888888889,39.190000000000005,66.92777777777778,144.506
cg_step,8n4g,,cuda_nccl,4096,32768,140.91066666666666,139.87033333333335,141.17,3,9,140.65033333333335,35.08368888888889,45.56798888888889,34.82727777777778,92.0244111111111,207.50344444444443
cg_step,8n4g,,cuda_nvshmem,4096,32768,267.77566666666667,261.74766666666665,354.151,3,9,294.55811111111115,14.084988888888889,92.57965555555556,44.49576666666667,170.05636666666666,321.21666666666664
cg_step,8n4g,,oshmpi,4096,32768,114.095,113.99033333333334,115.04166666666667,3,9,114.37566666666667,14.084066666666667,33.60585555555556,36.08034444444444,44.082344444444445,127.85266666666666
cg_step,8n4g,,sycl_mpi,4096,32768,168.908,168.28866666666667,170.64966666666666,3,9,169.2821111111111,12.611722222222221,25.39932222222222,72.69247777777778,66.14346666666667,176.847
cg_step,8n4g,,sycl_oneccl,4096,32768,208.14033333333333,206.74033333333333,208.61766666666668,3,9,207.83277777777778,12.609588888888888,58.07828888888889,48.42953333333333,125.81211111111111,244.92955555555557
cg_step,8n4g,,cuda_mpi,8192,65536,147.047,146.716,153.64933333333332,3,9,149.13744444444444,14.210022222222221,27.52468888888889,53.47942222222222,65.33832222222222,160.55233333333334
cg_step,8n4g,,cuda_nccl,8192,65536,163.026,162.217,163.83033333333333,3,9,163.02444444444444,40.09491111111111,48.49567777777778,51.65904444444445,94.78061111111111,235.03
cg_step,8n4g,,cuda_nvshmem,8192,65536,380.16533333333336,331.94,400.3593333333333,3,9,370.8215555555555,14.076877777777778,100.74395555555556,60.249833333333335,196.55288888888887,371.6235555555556
cg_step,8n4g,,oshmpi,8192,65536,133.53633333333335,132.83,133.67733333333334,3,9,133.3478888888889,14.402322222222223,36.300777777777775,53.32587777777778,43.892288888888885,147.92133333333334
cg_step,8n4g,,sycl_mpi,8192,65536,181.13966666666667,180.97066666666666,181.42666666666668,3,9,181.179,12.5933,27.4205,81.9072,67.8349,189.75588888888888
cg_step,8n4g,,sycl_oneccl,8192,65536,224.065,222.89366666666666,232.18633333333332,3,9,226.38166666666666,22.337777777777777,71.73791111111112,57.724133333333334,134.692,286.49177777777777
